Node_ID,Node_Type,Link_Type,E_Consumed_J,E_Harvested_J,Net_Energy_J,Life_Days,Can_Listen_AP,AP_Can_Listen
0,PD,IR,22.92299345952,0.0,-22.92299345952,282.68559302445,True,True
1,PD,IR,22.92299345952,0.0,-22.92299345952,282.68559302445,True,True
2,PD,IR,22.92299345952,0.0,-22.92299345952,282.68559302445,True,True
3,PD,IR,22.92299345952,0.0,-22.92299345952,282.68559302445,True,True
4,PD,IR,22.92299345952,0.0,-22.92299345952,282.68559302445,True,True
5,PD,IR,22.92299345952,0.0,-22.92299345952,282.68559302445,True,True
6,PD,IR,22.92299345952,0.0,-22.92299345952,282.68559302445,True,True
7,PD,IR,22.92299345952,0.0,-22.92299345952,282.68559302445,True,True
8,PD,IR,22.92299345952,0.0,-22.92299345952,282.68559302445,True,True
9,PD,IR,22.92299345952,0.0,-22.92299345952,282.68559302445,True,True
10,PD,IR,22.92299345952,0.0,-22.92299345952,282.68559302445,True,True
11,PD,IR,22.92299345952,0.0,-22.92299345952,282.68559302445,True,True
12,PD,IR,22.92299345952,0.0,-22.92299345952,282.68559302445,True,True
13,PD,IR,22.92299345952,0.0,-22.92299345952,282.68559302445,True,True
14,PD,IR,22.92299345952,0.0,-22.92299345952,282.68559302445,True,True
15,PD,IR,22.92299345952,0.0,-22.92299345952,282.68559302445,True,True
16,PD,IR,22.92299345952,0.0,-22.92299345952,282.68559302445,True,True
17,PD,IR,22.92299345952,0.0,-22.92299345952,282.68559302445,True,True
18,PD,IR,22.92299345952,0.0,-22.92299345952,282.68559302445,True,True
19,PD,IR,22.92299345952,0.0,-22.92299345952,282.68559302445,True,True
20,PD,IR,22.92299345952,0.0,-22.92299345952,282.68559302445,True,True
21,PD,IR,22.92299345952,0.0,-22.92299345952,282.68559302445,True,True
22,PD,IR,22.92299345952,0.0,-22.92299345952,282.68559302445,True,True
23,PD,IR,22.92299345952,0.0,-22.92299345952,282.68559302445,True,True
24,PD,IR,22.92299345952,0.0,-22.92299345952,282.68559302445,True,True
25,PD,IR,22.92299345952,0.0,-22.92299345952,282.68559302445,True,True
26,PD,IR,22.92299345952,0.0,-22.92299345952,282.68559302445,True,True
27,PD,IR,22.92299345952,0.0,-22.92299345952,282.68559302445,True,True
28,PD,IR,22.92299345952,0.0,-22.92299345952,282.68559302445,True,True
29,PD,IR,22.92299345952,0.0,-22.92299345952,282.68559302445,True,True
30,PD,IR,22.92299345952,0.0,-22.92299345952,282.68559302445,True,True
31,PD,IR,22.92299345952,0.0,-22.92299345952,282.68559302445,True,True
32,PD,IR,22.92299345952,0.0,-22.92299345952,282.68559302445,True,True
33,PD,IR,22.92299345952,0.0,-22.92299345952,282.68559302445,True,True
34,PD,IR,22.92299345952,0.0,-22.92299345952,282.68559302445,True,True
35,PD,IR,22.92299345952,0.0,-22.92299345952,282.68559302445,True,True
36,PD,IR,22.92299345952,0.0,-22.92299345952,282.68559302445,True,True
37,PD,IR,22.92299345952,0.0,-22.92299345952,282.68559302445,True,True
38,PD,IR,22.92299345952,0.0,-22.92299345952,282.68559302445,True,True
39,PD,IR,22.92299345952,0.0,-22.92299345952,282.68559302445,True,True
40,PD,IR,22.92299345952,0.0,-22.92299345952,282.68559302445,True,True
41,PD,IR,22.92299345952,0.0,-22.92299345952,282.68559302445,True,True
42,PD,IR,22.92299345952,0.0,-22.92299345952,282.68559302445,True,True
43,PD,IR,22.92299345952,0.0,-22.92299345952,282.68559302445,True,True
44,PD,IR,22.92299345952,0.0,-22.92299345952,282.68559302445,True,True
45,PD,IR,22.92299345952,0.0,-22.92299345952,282.68559302445,True,True
46,PD,IR,22.92299345952,0.0,-22.92299345952,282.68559302445,True,True
47,PD,IR,22.92299345952,0.0,-22.92299345952,282.68559302445,True,True
48,PD,IR,22.92299345952,0.0,-22.92299345952,282.68559302445,True,True
49,PD,IR,22.92299345952,0.0,-22.92299345952,282.68559302445,True,True
50,PD,IR,22.92299345952,0.0,-22.92299345952,282.68559302445,True,True
51,PD,IR,22.92299345952,0.0,-22.92299345952,282.68559302445,True,True
52,PD,IR,22.92299345952,0.0,-22.92299345952,282.68559302445,True,True
53,PD,IR,22.92299345952,0.0,-22.92299345952,282.68559302445,True,True
54,PD,IR,22.92299345952,0.0,-22.92299345952,282.68559302445,True,True
55,PD,IR,22.92299345952,0.0,-22.92299345952,282.68559302445,True,True
56,PD,IR,22.92299345952,0.0,-22.92299345952,282.68559302445,True,True
57,PD,IR,22.92299345952,0.0,-22.92299345952,282.68559302445,True,True
58,PD,IR,22.92299345952,0.0,-22.92299345952,282.68559302445,True,True
59,PD,IR,22.92299345952,0.0,-22.92299345952,282.68559302445,True,True
60,PD,IR,22.92299345952,0.0,-22.92299345952,282.68559302445,True,True
61,PD,IR,22.92299345952,0.0,-22.92299345952,282.68559302445,True,True
62,PD,IR,22.92299345952,0.0,-22.92299345952,282.68559302445,True,True
63,PD,IR,22.92299345952,0.0,-22.92299345952,282.68559302445,True,True
64,PD,IR,22.92299345952,0.0,-22.92299345952,282.68559302445,True,True
65,PD,IR,22.92299345952,0.0,-22.92299345952,282.68559302445,True,True
66,PD,IR,22.92299345952,0.0,-22.92299345952,282.68559302445,True,True
67,PD,IR,22.92299345952,0.0,-22.92299345952,282.68559302445,True,True
68,PD,IR,22.92299345952,0.0,-22.92299345952,282.68559302445,True,True
69,PD,IR,22.92299345952,0.0,-22.92299345952,282.68559302445,True,True
70,PD,IR,22.92299345952,0.0,-22.92299345952,282.68559302445,True,True
71,PD,IR,22.92299345952,0.0,-22.92299345952,282.68559302445,True,True
72,PD,IR,22.92299345952,0.0,-22.92299345952,282.68559302445,True,True
73,PD,IR,22.92299345952,0.0,-22.92299345952,282.68559302445,True,True
74,PD,IR,22.92299345952,0.0,-22.92299345952,282.68559302445,True,True
75,PD,IR,22.92299345952,0.0,-22.92299345952,282.68559302445,True,True
76,PD,IR,22.92299345952,0.0,-22.92299345952,282.68559302445,True,True
77,PD,IR,22.92299345952,0.0,-22.92299345952,282.68559302445,True,True
78,PD,IR,22.92299345952,0.0,-22.92299345952,282.68559302445,True,True
79,PD,IR,22.92299345952,0.0,-22.92299345952,282.68559302445,True,True
80,PD,IR,22.92299345952,0.0,-22.92299345952,282.68559302445,True,True
81,PD,IR,22.92299345952,0.0,-22.92299345952,282.68559302445,True,True
82,PD,IR,22.92299345952,0.0,-22.92299345952,282.68559302445,True,True
83,PD,IR,22.92299345952,0.0,-22.92299345952,282.68559302445,True,True
84,PD,IR,22.92299345952,0.0,-22.92299345952,282.68559302445,True,True
85,PD,IR,22.92299345952,0.0,-22.92299345952,282.68559302445,True,True
86,PD,IR,22.92299345952,0.0,-22.92299345952,282.68559302445,True,True
87,PD,IR,22.92299345952,0.0,-22.92299345952,282.68559302445,True,True
88,PD,IR,22.92299345952,0.0,-22.92299345952,282.68559302445,True,True
89,PD,IR,22.92299345952,0.0,-22.92299345952,282.68559302445,True,True
90,PD,IR,22.92299345952,0.0,-22.92299345952,282.68559302445,True,True
91,PD,IR,22.92299345952,0.0,-22.92299345952,282.68559302445,True,True
92,PD,IR,22.92299345952,0.0,-22.92299345952,282.68559302445,True,True
93,PD,IR,22.92299345952,0.0,-22.92299345952,282.68559302445,True,True
94,PD,IR,22.92299345952,0.0,-22.92299345952,282.68559302445,True,True
95,PD,IR,22.92299345952,0.0,-22.92299345952,282.68559302445,True,True
96,PD,IR,22.92299345952,0.0,-22.92299345952,282.68559302445,True,True
97,PD,IR,22.92299345952,0.0,-22.92299345952,282.68559302445,True,True
98,PD,IR,22.92299345952,0.0,-22.92299345952,282.68559302445,True,True
99,PD,IR,22.92299345952,0.0,-22.92299345952,282.68559302445,True,True
100,PD,IR,22.92299345952,0.0,-22.92299345952,282.68559302445,True,True
101,PD,IR,22.92299345952,0.0,-22.92299345952,282.68559302445,True,True
102,PD,IR,22.92299345952,0.0,-22.92299345952,282.68559302445,True,True
103,PD,IR,22.92299345952,0.0,-22.92299345952,282.68559302445,True,True
104,PD,IR,22.92299345952,0.0,-22.92299345952,282.68559302445,True,True
105,PD,IR,22.92299345952,0.0,-22.92299345952,282.68559302445,True,True
106,PD,IR,22.92299345952,0.0,-22.92299345952,282.68559302445,True,True
107,PD,IR,22.92299345952,0.0,-22.92299345952,282.68559302445,True,True
108,PD,IR,22.92299345952,0.0,-22.92299345952,282.68559302445,True,True
109,PD,IR,22.92299345952,0.0,-22.92299345952,282.68559302445,True,True
110,PD,IR,22.92299345952,0.0,-22.92299345952,282.68559302445,True,True
111,PD,IR,22.92299345952,0.0,-22.92299345952,282.68559302445,True,True
112,PD,IR,22.92299345952,0.0,-22.92299345952,282.68559302445,True,True
113,PD,IR,22.92299345952,0.0,-22.92299345952,282.68559302445,True,True
114,PD,IR,22.92299345952,0.0,-22.92299345952,282.68559302445,True,True
115,PD,IR,22.92299345952,0.0,-22.92299345952,282.68559302445,True,True
116,PD,IR,22.92299345952,0.0,-22.92299345952,282.68559302445,True,True
117,PD,IR,22.92299345952,0.0,-22.92299345952,282.68559302445,True,True
118,PD,IR,22.92299345952,0.0,-22.92299345952,282.68559302445,True,True
119,PD,IR,22.92299345952,0.0,-22.92299345952,282.68559302445,True,True
120,PD,IR,22.92299345952,0.0,-22.92299345952,282.68559302445,True,True
121,PD,IR,22.92299345952,0.0,-22.92299345952,282.68559302445,True,True
122,PD,IR,22.92299345952,0.0,-22.92299345952,282.68559302445,True,True
123,PD,IR,22.92299345952,0.0,-22.92299345952,282.68559302445,True,True
124,PD,IR,22.92299345952,0.0,-22.92299345952,282.68559302445,True,True
125,PD,IR,22.92299345952,0.0,-22.92299345952,282.68559302445,True,True
126,PD,IR,22.92299345952,0.0,-22.92299345952,282.68559302445,True,True
127,PD,IR,22.92299345952,0.0,-22.92299345952,282.68559302445,True,True
128,PD,IR,22.92299345952,0.0,-22.92299345952,282.68559302445,True,True
129,PD,IR,22.92299345952,0.0,-22.92299345952,282.68559302445,True,True
130,PD,IR,22.92299345952,0.0,-22.92299345952,282.68559302445,True,True
131,PD,IR,22.92299345952,0.0,-22.92299345952,282.68559302445,True,True
132,PD,IR,22.92299345952,0.0,-22.92299345952,282.68559302445,True,True
133,PD,IR,22.92299345952,0.0,-22.92299345952,282.68559302445,True,True
134,PD,IR,22.92299345952,0.0,-22.92299345952,282.68559302445,True,True
135,PD,IR,22.92299345952,0.0,-22.92299345952,282.68559302445,True,True
136,PD,IR,22.92299345952,0.0,-22.92299345952,282.68559302445,True,True
137,PD,IR,22.92299345952,0.0,-22.92299345952,282.68559302445,True,True
138,PD,IR,22.92299345952,0.0,-22.92299345952,282.68559302445,True,True
139,PD,IR,22.92299345952,0.0,-22.92299345952,282.68559302445,True,True
140,PD,IR,22.92299345952,0.0,-22.92299345952,282.68559302445,True,True
141,PD,IR,22.92299345952,0.0,-22.92299345952,282.68559302445,True,True
142,PD,IR,22.92299345952,0.0,-22.92299345952,282.68559302445,True,True
143,PD,IR,22.92299345952,0.0,-22.92299345952,282.68559302445,True,True
144,PD,IR,22.92299345952,0.0,-22.92299345952,282.68559302445,True,True
145,PD,IR,22.92299345952,0.0,-22.92299345952,282.68559302445,True,True
146,PD,IR,22.92299345952,0.0,-22.92299345952,282.68559302445,True,True
147,PD,IR,22.92299345952,0.0,-22.92299345952,282.68559302445,True,True
148,PD,IR,22.92299345952,0.0,-22.92299345952,282.68559302445,True,True
149,PD,IR,22.92299345952,0.0,-22.92299345952,282.68559302445,True,True
150,PD,IR,22.92299345952,0.0,-22.92299345952,282.68559302445,True,True
151,PD,IR,22.92299345952,0.0,-22.92299345952,282.68559302445,True,True
152,PD,IR,22.92299345952,0.0,-22.92299345952,282.68559302445,True,True
153,PD,IR,22.92299345952,0.0,-22.92299345952,282.68559302445,True,True
154,PD,IR,22.92299345952,0.0,-22.92299345952,282.68559302445,True,True
155,PD,IR,22.92299345952,0.0,-22.92299345952,282.68559302445,True,True
156,PD,IR,22.92299345952,0.0,-22.92299345952,282.68559302445,True,True
157,PD,IR,22.92299345952,0.0,-22.92299345952,282.68559302445,True,True
158,PD,IR,22.92299345952,0.0,-22.92299345952,282.68559302445,True,True
159,PD,IR,22.92299345952,0.0,-22.92299345952,282.68559302445,True,True
160,PD,IR,22.92299345952,0.0,-22.92299345952,282.68559302445,True,True
161,PD,IR,22.92299345952,0.0,-22.92299345952,282.68559302445,True,True
162,PD,IR,22.92299345952,0.0,-22.92299345952,282.68559302445,True,True
163,PD,IR,22.92299345952,0.0,-22.92299345952,282.68559302445,True,True
164,PD,IR,22.92299345952,0.0,-22.92299345952,282.68559302445,True,True
165,PD,IR,22.92299345952,0.0,-22.92299345952,282.68559302445,True,True
166,PD,IR,22.92299345952,0.0,-22.92299345952,282.68559302445,True,True
167,PD,IR,22.92299345952,0.0,-22.92299345952,282.68559302445,True,True
168,PD,IR,22.92299345952,0.0,-22.92299345952,282.68559302445,True,True
169,PD,IR,22.92299345952,0.0,-22.92299345952,282.68559302445,True,True
170,PD,IR,22.92299345952,0.0,-22.92299345952,282.68559302445,True,True
171,PD,IR,22.92299345952,0.0,-22.92299345952,282.68559302445,True,True
172,PD,IR,22.92299345952,0.0,-22.92299345952,282.68559302445,True,True
173,PD,IR,22.92299345952,0.0,-22.92299345952,282.68559302445,True,True
174,PD,IR,22.92299345952,0.0,-22.92299345952,282.68559302445,True,True
175,PD,IR,22.92299345952,0.0,-22.92299345952,282.68559302445,True,True
176,PD,IR,22.92299345952,0.0,-22.92299345952,282.68559302445,True,True
177,PD,IR,22.92299345952,0.0,-22.92299345952,282.68559302445,True,True
178,PD,IR,22.92299345952,0.0,-22.92299345952,282.68559302445,True,True
179,PD,IR,22.92299345952,0.0,-22.92299345952,282.68559302445,True,True
180,PD,IR,22.92299345952,0.0,-22.92299345952,282.68559302445,True,True
181,PD,IR,22.92299345952,0.0,-22.92299345952,282.68559302445,True,True
182,PD,IR,22.92299345952,0.0,-22.92299345952,282.68559302445,True,True
183,PD,IR,22.92299345952,0.0,-22.92299345952,282.68559302445,True,True
184,PD,IR,22.92299345952,0.0,-22.92299345952,282.68559302445,True,True
185,PD,IR,22.92299345952,0.0,-22.92299345952,282.68559302445,True,True
186,PD,IR,22.92299345952,0.0,-22.92299345952,282.68559302445,True,True
187,PD,IR,22.92299345952,0.0,-22.92299345952,282.68559302445,True,True
188,PD,IR,22.92299345952,0.0,-22.92299345952,282.68559302445,True,True
189,PD,IR,22.92299345952,0.0,-22.92299345952,282.68559302445,True,True
190,PD,IR,22.92299345952,0.0,-22.92299345952,282.68559302445,True,True
191,PD,IR,22.92299345952,0.0,-22.92299345952,282.68559302445,True,True
192,PD,IR,22.92299345952,0.0,-22.92299345952,282.68559302445,True,True
193,PD,IR,22.92299345952,0.0,-22.92299345952,282.68559302445,True,True
194,PD,IR,22.92299345952,0.0,-22.92299345952,282.68559302445,True,True
195,PD,IR,22.92299345952,0.0,-22.92299345952,282.68559302445,True,True
196,PD,IR,22.92299345952,0.0,-22.92299345952,282.68559302445,True,True
197,PD,IR,22.92299345952,0.0,-22.92299345952,282.68559302445,True,True
198,PD,IR,22.92299345952,0.0,-22.92299345952,282.68559302445,True,True
199,PD,IR,22.92299345952,0.0,-22.92299345952,282.68559302445,True,True
200,PD,IR,22.92299345952,0.0,-22.92299345952,282.68559302445,True,True
201,PD,IR,22.92299345952,0.0,-22.92299345952,282.68559302445,True,True
202,PD,IR,22.92299345952,0.0,-22.92299345952,282.68559302445,True,True
203,PD,IR,22.92299345952,0.0,-22.92299345952,282.68559302445,True,True
204,PD,IR,22.92299345952,0.0,-22.92299345952,282.68559302445,True,True
205,PD,IR,22.92299345952,0.0,-22.92299345952,282.68559302445,True,True
206,PD,IR,22.92299345952,0.0,-22.92299345952,282.68559302445,True,True
207,PD,IR,22.92299345952,0.0,-22.92299345952,282.68559302445,True,True
208,PD,IR,22.92299345952,0.0,-22.92299345952,282.68559302445,True,True
209,PD,IR,22.92299345952,0.0,-22.92299345952,282.68559302445,True,True
210,PD,IR,22.92299345952,0.0,-22.92299345952,282.68559302445,True,True
211,PD,IR,22.92299345952,0.0,-22.92299345952,282.68559302445,True,True
212,PD,IR,22.92299345952,0.0,-22.92299345952,282.68559302445,True,True
213,PD,IR,22.92299345952,0.0,-22.92299345952,282.68559302445,True,True
214,PD,IR,22.92299345952,0.0,-22.92299345952,282.68559302445,True,True
215,PD,IR,22.92299345952,0.0,-22.92299345952,282.68559302445,True,True
216,PD,IR,22.92299345952,0.0,-22.92299345952,282.68559302445,True,True
217,PD,IR,22.92299345952,0.0,-22.92299345952,282.68559302445,True,True
218,PD,IR,22.92299345952,0.0,-22.92299345952,282.68559302445,True,True
219,PD,IR,22.92299345952,0.0,-22.92299345952,282.68559302445,True,True
220,PD,IR,22.92299345952,0.0,-22.92299345952,282.68559302445,True,True
221,PD,IR,22.92299345952,0.0,-22.92299345952,282.68559302445,True,True
222,PD,IR,22.92299345952,0.0,-22.92299345952,282.68559302445,True,True
223,PD,IR,22.92299345952,0.0,-22.92299345952,282.68559302445,True,True
224,PD,IR,22.92299345952,0.0,-22.92299345952,282.68559302445,True,True
225,PD,IR,22.92299345952,0.0,-22.92299345952,282.68559302445,True,True
226,PD,IR,22.92299345952,0.0,-22.92299345952,282.68559302445,True,True
227,PD,IR,22.92299345952,0.0,-22.92299345952,282.68559302445,True,True
228,PD,IR,22.92299345952,0.0,-22.92299345952,282.68559302445,True,True
229,PD,IR,22.92299345952,0.0,-22.92299345952,282.68559302445,True,True
230,PD,IR,22.92299345952,0.0,-22.92299345952,282.68559302445,True,True
231,PD,IR,22.92299345952,0.0,-22.92299345952,282.68559302445,True,True
232,PD,IR,22.92299345952,0.0,-22.92299345952,282.68559302445,True,True
233,PD,IR,22.92299345952,0.0,-22.92299345952,282.68559302445,True,True
234,PD,IR,22.92299345952,0.0,-22.92299345952,282.68559302445,True,True
235,PD,IR,22.92299345952,0.0,-22.92299345952,282.68559302445,True,True
236,PD,IR,22.92299345952,0.0,-22.92299345952,282.68559302445,True,True
237,PD,IR,22.92299345952,0.0,-22.92299345952,282.68559302445,True,True
238,PD,IR,22.92299345952,0.0,-22.92299345952,282.68559302445,True,True
239,PD,IR,22.92299345952,0.0,-22.92299345952,282.68559302445,True,True
240,PD,IR,22.92299345952,0.0,-22.92299345952,282.68559302445,True,True
241,PD,IR,22.92299345952,0.0,-22.92299345952,282.68559302445,True,True
242,PD,IR,22.92299345952,0.0,-22.92299345952,282.68559302445,True,True
243,PD,IR,22.92299345952,0.0,-22.92299345952,282.68559302445,True,True
244,PD,IR,22.92299345952,0.0,-22.92299345952,282.68559302445,True,True
245,PD,IR,22.92299345952,0.0,-22.92299345952,282.68559302445,True,True
246,PD,IR,22.92299345952,0.0,-22.92299345952,282.68559302445,True,True
247,PD,IR,22.92299345952,0.0,-22.92299345952,282.68559302445,True,True
248,PD,IR,22.92299345952,0.0,-22.92299345952,282.68559302445,True,True
249,PD,IR,22.92299345952,0.0,-22.92299345952,282.68559302445,True,True
250,PD,IR,22.92299345952,0.0,-22.92299345952,282.68559302445,True,True
251,PD,IR,22.92299345952,0.0,-22.92299345952,282.68559302445,True,True
252,PD,IR,22.92299345952,0.0,-22.92299345952,282.68559302445,True,True
253,PD,IR,22.92299345952,0.0,-22.92299345952,282.68559302445,True,True
254,PD,IR,22.92299345952,0.0,-22.92299345952,282.68559302445,True,True
255,PD,IR,22.92299345952,0.0,-22.92299345952,282.68559302445,True,True
256,PD,IR,22.92299345952,0.0,-22.92299345952,282.68559302445,True,True
257,PD,IR,22.92299345952,0.0,-22.92299345952,282.68559302445,True,True
258,PD,IR,22.92299345952,0.0,-22.92299345952,282.68559302445,True,True
259,PD,IR,22.92299345952,0.0,-22.92299345952,282.68559302445,True,True
260,PD,IR,22.92299345952,0.0,-22.92299345952,282.68559302445,True,True
261,PD,IR,22.92299345952,0.0,-22.92299345952,282.68559302445,True,True
262,PD,IR,22.92299345952,0.0,-22.92299345952,282.68559302445,True,True
263,PD,IR,22.92299345952,0.0,-22.92299345952,282.68559302445,True,True
264,PD,IR,22.92299345952,0.0,-22.92299345952,282.68559302445,True,True
265,PD,IR,22.92299345952,0.0,-22.92299345952,282.68559302445,True,True
266,PD,IR,22.92299345952,0.0,-22.92299345952,282.68559302445,True,True
267,PD,IR,22.92299345952,0.0,-22.92299345952,282.68559302445,True,True
268,PD,IR,22.92299345952,0.0,-22.92299345952,282.68559302445,True,True
269,PD,IR,22.92299345952,0.0,-22.92299345952,282.68559302445,True,True
270,PD,IR,22.92299345952,0.0,-22.92299345952,282.68559302445,True,True
271,PD,IR,22.92299345952,0.0,-22.92299345952,282.68559302445,True,True
272,PD,IR,22.92299345952,0.0,-22.92299345952,282.68559302445,True,True
273,PD,IR,22.92299345952,0.0,-22.92299345952,282.68559302445,True,True
274,PD,IR,22.92299345952,0.0,-22.92299345952,282.68559302445,True,True
275,PD,IR,22.92299345952,0.0,-22.92299345952,282.68559302445,True,True
276,PD,IR,22.92299345952,0.0,-22.92299345952,282.68559302445,True,True
277,PD,IR,22.92299345952,0.0,-22.92299345952,282.68559302445,True,True
278,PD,IR,22.92299345952,0.0,-22.92299345952,282.68559302445,True,True
279,PD,IR,22.92299345952,0.0,-22.92299345952,282.68559302445,True,True
280,PD,IR,22.92299345952,0.0,-22.92299345952,282.68559302445,True,True
281,PD,IR,22.92299345952,0.0,-22.92299345952,282.68559302445,True,True
282,PD,IR,22.92299345952,0.0,-22.92299345952,282.68559302445,True,True
283,PD,IR,22.92299345952,0.0,-22.92299345952,282.68559302445,True,True
284,PD,IR,22.92299345952,0.0,-22.92299345952,282.68559302445,True,True
285,PD,IR,22.92299345952,0.0,-22.92299345952,282.68559302445,True,True
286,PD,IR,22.92299345952,0.0,-22.92299345952,282.68559302445,True,True
287,PD,IR,22.92299345952,0.0,-22.92299345952,282.68559302445,True,True
288,PD,IR,22.92299345952,0.0,-22.92299345952,282.68559302445,True,True
289,PD,IR,22.92299345952,0.0,-22.92299345952,282.68559302445,True,True
290,PD,IR,22.92299345952,0.0,-22.92299345952,282.68559302445,True,True
291,PD,IR,22.92299345952,0.0,-22.92299345952,282.68559302445,True,True
292,PD,IR,22.92299345952,0.0,-22.92299345952,282.68559302445,True,True
293,PD,IR,22.92299345952,0.0,-22.92299345952,282.68559302445,True,True
294,PD,IR,22.92299345952,0.0,-22.92299345952,282.68559302445,True,True
295,PD,IR,22.92299345952,0.0,-22.92299345952,282.68559302445,True,True
296,PD,IR,22.92299345952,0.0,-22.92299345952,282.68559302445,True,True
297,PD,IR,22.92299345952,0.0,-22.92299345952,282.68559302445,True,True
298,PD,IR,22.92299345952,0.0,-22.92299345952,282.68559302445,True,True
299,PD,IR,22.92299345952,0.0,-22.92299345952,282.68559302445,True,True
300,PD,IR,22.92299345952,0.0,-22.92299345952,282.68559302445,True,True
301,PD,IR,22.92299345952,0.0,-22.92299345952,282.68559302445,True,True
302,PD,IR,22.92299345952,0.0,-22.92299345952,282.68559302445,True,True
303,PD,IR,22.92299345952,0.0,-22.92299345952,282.68559302445,True,True
304,PD,IR,22.92299345952,0.0,-22.92299345952,282.68559302445,True,True
305,PD,IR,22.92299345952,0.0,-22.92299345952,282.68559302445,True,True
306,PD,IR,22.92299345952,0.0,-22.92299345952,282.68559302445,True,True
307,PD,IR,22.92299345952,0.0,-22.92299345952,282.68559302445,True,True
308,PD,IR,22.92299345952,0.0,-22.92299345952,282.68559302445,True,True
309,PD,IR,22.92299345952,0.0,-22.92299345952,282.68559302445,True,True
310,PD,IR,22.92299345952,0.0,-22.92299345952,282.68559302445,True,True
311,PD,IR,22.92299345952,0.0,-22.92299345952,282.68559302445,True,True
312,PD,IR,22.92299345952,0.0,-22.92299345952,282.68559302445,True,True
313,PD,IR,22.92299345952,0.0,-22.92299345952,282.68559302445,True,True
314,PD,IR,22.92299345952,0.0,-22.92299345952,282.68559302445,True,True
315,PD,IR,22.92299345952,0.0,-22.92299345952,282.68559302445,True,True
316,PD,IR,22.92299345952,0.0,-22.92299345952,282.68559302445,True,True
317,PD,IR,22.92299345952,0.0,-22.92299345952,282.68559302445,True,True
318,PD,IR,22.92299345952,0.0,-22.92299345952,282.68559302445,True,True
319,PD,IR,22.92299345952,0.0,-22.92299345952,282.68559302445,True,True
320,PD,IR,22.92299345952,0.0,-22.92299345952,282.68559302445,True,True
321,PD,IR,22.92299345952,0.0,-22.92299345952,282.68559302445,True,True
322,PD,IR,22.92299345952,0.0,-22.92299345952,282.68559302445,True,True
323,PD,IR,22.92299345952,0.0,-22.92299345952,282.68559302445,True,True
324,PD,IR,22.92299345952,0.0,-22.92299345952,282.68559302445,True,True
325,PD,IR,22.92299345952,0.0,-22.92299345952,282.68559302445,True,True
326,PD,IR,22.92299345952,0.0,-22.92299345952,282.68559302445,True,True
327,PD,IR,22.92299345952,0.0,-22.92299345952,282.68559302445,True,True
328,PD,IR,22.92299345952,0.0,-22.92299345952,282.68559302445,True,True
329,PD,IR,22.92299345952,0.0,-22.92299345952,282.68559302445,True,True
330,PD,IR,22.92299345952,0.0,-22.92299345952,282.68559302445,True,True
331,PD,IR,22.92299345952,0.0,-22.92299345952,282.68559302445,True,True
332,PD,IR,22.92299345952,0.0,-22.92299345952,282.68559302445,True,True
333,PD,IR,22.92299345952,0.0,-22.92299345952,282.68559302445,True,True
334,PD,IR,22.92299345952,0.0,-22.92299345952,282.68559302445,True,True
335,PD,IR,22.92299345952,0.0,-22.92299345952,282.68559302445,True,True
336,PD,IR,22.92299345952,0.0,-22.92299345952,282.68559302445,True,True
337,PD,IR,22.92299345952,0.0,-22.92299345952,282.68559302445,True,True
338,PD,IR,22.92299345952,0.0,-22.92299345952,282.68559302445,True,True
339,PD,IR,22.92299345952,0.0,-22.92299345952,282.68559302445,True,True
340,PD,IR,22.92299345952,0.0,-22.92299345952,282.68559302445,True,True
341,PD,IR,22.92299345952,0.0,-22.92299345952,282.68559302445,True,True
342,PD,IR,22.92299345952,0.0,-22.92299345952,282.68559302445,True,True
343,PD,IR,22.92299345952,0.0,-22.92299345952,282.68559302445,True,True
344,PD,IR,22.92299345952,0.0,-22.92299345952,282.68559302445,True,True
345,PD,IR,22.92299345952,0.0,-22.92299345952,282.68559302445,True,True
346,PD,IR,22.92299345952,0.0,-22.92299345952,282.68559302445,True,True
347,PD,IR,22.92299345952,0.0,-22.92299345952,282.68559302445,True,True
348,PD,IR,22.92299345952,0.0,-22.92299345952,282.68559302445,True,True
349,PD,IR,22.92299345952,0.0,-22.92299345952,282.68559302445,True,True
350,PD,IR,22.92299345952,0.0,-22.92299345952,282.68559302445,True,True
351,PD,IR,22.92299345952,0.0,-22.92299345952,282.68559302445,True,True
352,PD,IR,22.92299345952,0.0,-22.92299345952,282.68559302445,True,True
353,PD,IR,22.92299345952,0.0,-22.92299345952,282.68559302445,True,True
354,PD,IR,22.92299345952,0.0,-22.92299345952,282.68559302445,True,True
355,PD,IR,22.92299345952,0.0,-22.92299345952,282.68559302445,True,True
356,PD,IR,22.92299345952,0.0,-22.92299345952,282.68559302445,True,True
357,PD,IR,22.92299345952,0.0,-22.92299345952,282.68559302445,True,True
358,PD,IR,22.92299345952,0.0,-22.92299345952,282.68559302445,True,True
359,PD,IR,22.92299345952,0.0,-22.92299345952,282.68559302445,True,True
360,PD,IR,22.92299345952,0.0,-22.92299345952,282.68559302445,True,True
361,PD,IR,22.92299345952,0.0,-22.92299345952,282.68559302445,True,True
362,PD,IR,22.92299345952,0.0,-22.92299345952,282.68559302445,True,True
363,PD,IR,22.92299345952,0.0,-22.92299345952,282.68559302445,True,True
364,PD,IR,22.92299345952,0.0,-22.92299345952,282.68559302445,True,True
365,PD,IR,22.92299345952,0.0,-22.92299345952,282.68559302445,True,True
366,PD,IR,22.92299345952,0.0,-22.92299345952,282.68559302445,True,True
367,PD,IR,22.92299345952,0.0,-22.92299345952,282.68559302445,True,True
368,PD,IR,22.92299345952,0.0,-22.92299345952,282.68559302445,True,True
369,PD,IR,22.92299345952,0.0,-22.92299345952,282.68559302445,True,True
370,PD,IR,22.92299345952,0.0,-22.92299345952,282.68559302445,True,True
371,PD,IR,22.92299345952,0.0,-22.92299345952,282.68559302445,True,True
372,PD,IR,22.92299345952,0.0,-22.92299345952,282.68559302445,True,True
373,PD,IR,22.92299345952,0.0,-22.92299345952,282.68559302445,True,True
374,PD,IR,22.92299345952,0.0,-22.92299345952,282.68559302445,True,True
375,PD,IR,22.92299345952,0.0,-22.92299345952,282.68559302445,True,True
376,PD,IR,22.92299345952,0.0,-22.92299345952,282.68559302445,True,True
377,PD,IR,22.92299345952,0.0,-22.92299345952,282.68559302445,True,True
378,PD,IR,22.92299345952,0.0,-22.92299345952,282.68559302445,True,True
379,PD,IR,22.92299345952,0.0,-22.92299345952,282.68559302445,True,True
380,PD,IR,22.92299345952,0.0,-22.92299345952,282.68559302445,True,True
381,PD,IR,22.92299345952,0.0,-22.92299345952,282.68559302445,True,True
382,PD,IR,22.92299345952,0.0,-22.92299345952,282.68559302445,True,True
383,PD,IR,22.92299345952,0.0,-22.92299345952,282.68559302445,True,True
384,PD,IR,22.92299345952,0.0,-22.92299345952,282.68559302445,True,True
385,PD,IR,22.92299345952,0.0,-22.92299345952,282.68559302445,True,True
386,PD,IR,22.92299345952,0.0,-22.92299345952,282.68559302445,True,True
387,PD,IR,22.92299345952,0.0,-22.92299345952,282.68559302445,True,True
388,PD,IR,22.92299345952,0.0,-22.92299345952,282.68559302445,True,True
389,PD,IR,22.92299345952,0.0,-22.92299345952,282.68559302445,True,True
390,PD,IR,22.92299345952,0.0,-22.92299345952,282.68559302445,True,True
391,PD,IR,22.92299345952,0.0,-22.92299345952,282.68559302445,True,True
392,PD,IR,22.92299345952,0.0,-22.92299345952,282.68559302445,True,True
393,PD,IR,22.92299345952,0.0,-22.92299345952,282.68559302445,True,True
394,PD,IR,22.92299345952,0.0,-22.92299345952,282.68559302445,True,True
395,PD,IR,22.92299345952,0.0,-22.92299345952,282.68559302445,True,True
396,PD,IR,22.92299345952,0.0,-22.92299345952,282.68559302445,True,True
397,PD,IR,22.92299345952,0.0,-22.92299345952,282.68559302445,True,True
398,PD,IR,22.92299345952,0.0,-22.92299345952,282.68559302445,True,True
399,PD,IR,22.92299345952,0.0,-22.92299345952,282.68559302445,True,True
400,PD,IR,22.92299345952,0.0,-22.92299345952,282.68559302445,True,True
401,PD,IR,22.92299345952,0.0,-22.92299345952,282.68559302445,True,True
402,PD,IR,22.92299345952,0.0,-22.92299345952,282.68559302445,True,True
403,PD,IR,22.92299345952,0.0,-22.92299345952,282.68559302445,True,True
404,PD,IR,22.92299345952,0.0,-22.92299345952,282.68559302445,True,True
405,PD,IR,22.92299345952,0.0,-22.92299345952,282.68559302445,True,True
406,PD,IR,22.92299345952,0.0,-22.92299345952,282.68559302445,True,True
407,PD,IR,22.92299345952,0.0,-22.92299345952,282.68559302445,True,True
408,PD,IR,22.92299345952,0.0,-22.92299345952,282.68559302445,True,True
409,PD,IR,22.92299345952,0.0,-22.92299345952,282.68559302445,True,True
410,PD,IR,22.92299345952,0.0,-22.92299345952,282.68559302445,True,True
411,PD,IR,22.92299345952,0.0,-22.92299345952,282.68559302445,True,True
412,PD,IR,22.92299345952,0.0,-22.92299345952,282.68559302445,True,True
413,PD,IR,22.92299345952,0.0,-22.92299345952,282.68559302445,True,True
414,PD,IR,22.92299345952,0.0,-22.92299345952,282.68559302445,True,True
415,PD,IR,22.92299345952,0.0,-22.92299345952,282.68559302445,True,True
416,PD,IR,22.92299345952,0.0,-22.92299345952,282.68559302445,True,True
417,PD,IR,22.92299345952,0.0,-22.92299345952,282.68559302445,True,True
418,PD,IR,22.92299345952,0.0,-22.92299345952,282.68559302445,True,True
419,PD,IR,22.92299345952,0.0,-22.92299345952,282.68559302445,True,True
420,PD,IR,22.92299345952,0.0,-22.92299345952,282.68559302445,True,True
421,PD,IR,22.92299345952,0.0,-22.92299345952,282.68559302445,True,True
422,PD,IR,22.92299345952,0.0,-22.92299345952,282.68559302445,True,True
423,PD,IR,22.92299345952,0.0,-22.92299345952,282.68559302445,True,True
424,PD,IR,22.92299345952,0.0,-22.92299345952,282.68559302445,True,True
425,PD,IR,22.92299345952,0.0,-22.92299345952,282.68559302445,True,True
426,PD,IR,22.92299345952,0.0,-22.92299345952,282.68559302445,True,True
427,PD,IR,22.92299345952,0.0,-22.92299345952,282.68559302445,True,True
428,PD,IR,22.92299345952,0.0,-22.92299345952,282.68559302445,True,True
429,PD,IR,22.92299345952,0.0,-22.92299345952,282.68559302445,True,True
430,PD,IR,22.92299345952,0.0,-22.92299345952,282.68559302445,True,True
431,PD,IR,22.92299345952,0.0,-22.92299345952,282.68559302445,True,True
432,PD,IR,22.92299345952,0.0,-22.92299345952,282.68559302445,True,True
433,PD,IR,22.92299345952,0.0,-22.92299345952,282.68559302445,True,True
434,PD,IR,22.92299345952,0.0,-22.92299345952,282.68559302445,True,True
435,PD,IR,22.92299345952,0.0,-22.92299345952,282.68559302445,True,True
436,PD,IR,22.92299345952,0.0,-22.92299345952,282.68559302445,True,True
437,PD,IR,22.92299345952,0.0,-22.92299345952,282.68559302445,True,True
438,PD,IR,22.92299345952,0.0,-22.92299345952,282.68559302445,True,True
439,PD,IR,22.92299345952,0.0,-22.92299345952,282.68559302445,True,True
440,PD,IR,22.92299345952,0.0,-22.92299345952,282.68559302445,True,True
441,PD,IR,22.92299345952,0.0,-22.92299345952,282.68559302445,True,True
442,PD,IR,22.92299345952,0.0,-22.92299345952,282.68559302445,True,True
443,PD,IR,22.92299345952,0.0,-22.92299345952,282.68559302445,True,True
444,PD,IR,22.92299345952,0.0,-22.92299345952,282.68559302445,True,True
445,PD,IR,22.92299345952,0.0,-22.92299345952,282.68559302445,True,True
446,PD,IR,22.92299345952,0.0,-22.92299345952,282.68559302445,True,True
447,PD,IR,22.92299345952,0.0,-22.92299345952,282.68559302445,True,True
448,PD,IR,22.92299345952,0.0,-22.92299345952,282.68559302445,True,True
449,PD,IR,22.92299345952,0.0,-22.92299345952,282.68559302445,True,True
450,PD,IR,22.92299345952,0.0,-22.92299345952,282.68559302445,True,True
451,PD,IR,22.92299345952,0.0,-22.92299345952,282.68559302445,True,True
452,PD,IR,22.92299345952,0.0,-22.92299345952,282.68559302445,True,True
453,PD,IR,22.92299345952,0.0,-22.92299345952,282.68559302445,True,True
454,PD,IR,22.92299345952,0.0,-22.92299345952,282.68559302445,True,True
455,PD,IR,22.92299345952,0.0,-22.92299345952,282.68559302445,True,True
456,PD,IR,22.92299345952,0.0,-22.92299345952,282.68559302445,True,True
457,PD,IR,22.92299345952,0.0,-22.92299345952,282.68559302445,True,True
458,PD,IR,22.92299345952,0.0,-22.92299345952,282.68559302445,True,True
459,PD,IR,22.92299345952,0.0,-22.92299345952,282.68559302445,True,True
460,PD,IR,22.92299345952,0.0,-22.92299345952,282.68559302445,True,True
461,PD,IR,22.92299345952,0.0,-22.92299345952,282.68559302445,True,True
462,PD,IR,22.92299345952,0.0,-22.92299345952,282.68559302445,True,True
463,PD,IR,22.92299345952,0.0,-22.92299345952,282.68559302445,True,True
464,PD,IR,22.92299345952,0.0,-22.92299345952,282.68559302445,True,True
465,PD,IR,22.92299345952,0.0,-22.92299345952,282.68559302445,True,True
466,PD,IR,22.92299345952,0.0,-22.92299345952,282.68559302445,True,True
467,PD,IR,22.92299345952,0.0,-22.92299345952,282.68559302445,True,True
468,PD,IR,22.92299345952,0.0,-22.92299345952,282.68559302445,True,True
469,PD,IR,22.92299345952,0.0,-22.92299345952,282.68559302445,True,True
470,PD,IR,22.92299345952,0.0,-22.92299345952,282.68559302445,True,True
471,PD,IR,22.92299345952,0.0,-22.92299345952,282.68559302445,True,True
472,PD,IR,22.92299345952,0.0,-22.92299345952,282.68559302445,True,True
473,PD,IR,22.92299345952,0.0,-22.92299345952,282.68559302445,True,True
474,PD,IR,22.92299345952,0.0,-22.92299345952,282.68559302445,True,True
475,PD,IR,22.92299345952,0.0,-22.92299345952,282.68559302445,True,True
476,PD,IR,22.92299345952,0.0,-22.92299345952,282.68559302445,True,True
477,PD,IR,22.92299345952,0.0,-22.92299345952,282.68559302445,True,True
478,PD,IR,22.92299345952,0.0,-22.92299345952,282.68559302445,True,True
479,PD,IR,22.92299345952,0.0,-22.92299345952,282.68559302445,True,True
480,PD,IR,22.92299345952,0.0,-22.92299345952,282.68559302445,True,True
481,PD,IR,22.92299345952,0.0,-22.92299345952,282.68559302445,True,True
482,PD,IR,22.92299345952,0.0,-22.92299345952,282.68559302445,True,True
483,PD,IR,22.92299345952,0.0,-22.92299345952,282.68559302445,True,True
484,PD,IR,22.92299345952,0.0,-22.92299345952,282.68559302445,True,True
485,PD,IR,22.92299345952,0.0,-22.92299345952,282.68559302445,True,True
486,PD,IR,22.92299345952,0.0,-22.92299345952,282.68559302445,True,True
487,PD,IR,22.92299345952,0.0,-22.92299345952,282.68559302445,True,True
488,PD,IR,22.92299345952,0.0,-22.92299345952,282.68559302445,True,True
489,PD,IR,22.92299345952,0.0,-22.92299345952,282.68559302445,True,True
490,PD,IR,22.92299345952,0.0,-22.92299345952,282.68559302445,True,True
491,PD,IR,22.92299345952,0.0,-22.92299345952,282.68559302445,True,True
492,PD,IR,22.92299345952,0.0,-22.92299345952,282.68559302445,True,True
493,PD,IR,22.92299345952,0.0,-22.92299345952,282.68559302445,True,True
494,PD,IR,22.92299345952,0.0,-22.92299345952,282.68559302445,True,True
495,PD,IR,22.92299345952,0.0,-22.92299345952,282.68559302445,True,True
496,PD,IR,22.92299345952,0.0,-22.92299345952,282.68559302445,True,True
497,PD,IR,22.92299345952,0.0,-22.92299345952,282.68559302445,True,True
498,PD,IR,22.92299345952,0.0,-22.92299345952,282.68559302445,True,True
499,PD,IR,22.92299345952,0.0,-22.92299345952,282.68559302445,True,True
500,PD,IR,22.92299345952,0.0,-22.92299345952,282.68559302445,True,True
501,PD,IR,22.92299345952,0.0,-22.92299345952,282.68559302445,True,True
502,PD,IR,22.92299345952,0.0,-22.92299345952,282.68559302445,True,True
503,PD,IR,22.92299345952,0.0,-22.92299345952,282.68559302445,True,True
504,PD,IR,22.92299345952,0.0,-22.92299345952,282.68559302445,True,True
505,PD,IR,22.92299345952,0.0,-22.92299345952,282.68559302445,True,True
506,PD,IR,22.92299345952,0.0,-22.92299345952,282.68559302445,True,True
507,PD,IR,22.92299345952,0.0,-22.92299345952,282.68559302445,True,True
508,PD,IR,22.92299345952,0.0,-22.92299345952,282.68559302445,True,True
509,PD,IR,22.92299345952,0.0,-22.92299345952,282.68559302445,True,True
510,PD,IR,22.92299345952,0.0,-22.92299345952,282.68559302445,True,True
511,PD,IR,22.92299345952,0.0,-22.92299345952,282.68559302445,True,True
512,PD,IR,22.92299345952,0.0,-22.92299345952,282.68559302445,True,True
513,PD,IR,22.92299345952,0.0,-22.92299345952,282.68559302445,True,True
514,PD,IR,22.92299345952,0.0,-22.92299345952,282.68559302445,True,True
515,PD,IR,22.92299345952,0.0,-22.92299345952,282.68559302445,True,True
516,PD,IR,22.92299345952,0.0,-22.92299345952,282.68559302445,True,True
517,PD,IR,22.92299345952,0.0,-22.92299345952,282.68559302445,True,True
518,PD,IR,22.92299345952,0.0,-22.92299345952,282.68559302445,True,True
519,PD,IR,22.92299345952,0.0,-22.92299345952,282.68559302445,True,True
520,PD,IR,22.92299345952,0.0,-22.92299345952,282.68559302445,True,True
521,PD,IR,22.92299345952,0.0,-22.92299345952,282.68559302445,True,True
522,PD,IR,22.92299345952,0.0,-22.92299345952,282.68559302445,True,True
523,PD,IR,22.92299345952,0.0,-22.92299345952,282.68559302445,True,True
524,PD,IR,22.92299345952,0.0,-22.92299345952,282.68559302445,True,True
525,PD,IR,22.92299345952,0.0,-22.92299345952,282.68559302445,True,True
526,PD,IR,22.92299345952,0.0,-22.92299345952,282.68559302445,True,True
527,PD,IR,22.92299345952,0.0,-22.92299345952,282.68559302445,True,True
528,PD,IR,22.92299345952,0.0,-22.92299345952,282.68559302445,True,True
529,PD,IR,22.92299345952,0.0,-22.92299345952,282.68559302445,True,True
530,PD,IR,22.92299345952,0.0,-22.92299345952,282.68559302445,True,True
531,PD,IR,22.92299345952,0.0,-22.92299345952,282.68559302445,True,True
532,PD,IR,22.92299345952,0.0,-22.92299345952,282.68559302445,True,True
533,PD,IR,22.92299345952,0.0,-22.92299345952,282.68559302445,True,True
534,PD,IR,22.92299345952,0.0,-22.92299345952,282.68559302445,True,True
535,PD,IR,22.92299345952,0.0,-22.92299345952,282.68559302445,True,True
536,PD,IR,22.92299345952,0.0,-22.92299345952,282.68559302445,True,True
537,PD,IR,22.92299345952,0.0,-22.92299345952,282.68559302445,True,True
538,PD,IR,22.92299345952,0.0,-22.92299345952,282.68559302445,True,True
539,PD,IR,22.92299345952,0.0,-22.92299345952,282.68559302445,True,True
540,PD,IR,22.92299345952,0.0,-22.92299345952,282.68559302445,True,True
541,PD,IR,22.92299345952,0.0,-22.92299345952,282.68559302445,True,True
542,PD,IR,22.92299345952,0.0,-22.92299345952,282.68559302445,True,True
543,PD,IR,22.92299345952,0.0,-22.92299345952,282.68559302445,True,True
544,PD,IR,22.92299345952,0.0,-22.92299345952,282.68559302445,True,True
545,PD,IR,22.92299345952,0.0,-22.92299345952,282.68559302445,True,True
546,PD,IR,22.92299345952,0.0,-22.92299345952,282.68559302445,True,True
547,PD,IR,22.92299345952,0.0,-22.92299345952,282.68559302445,True,True
548,PD,IR,22.92299345952,0.0,-22.92299345952,282.68559302445,True,True
549,PD,IR,22.92299345952,0.0,-22.92299345952,282.68559302445,True,True
550,PD,IR,22.92299345952,0.0,-22.92299345952,282.68559302445,True,True
551,PD,IR,22.92299345952,0.0,-22.92299345952,282.68559302445,True,True
552,PD,IR,22.92299345952,0.0,-22.92299345952,282.68559302445,True,True
553,PD,IR,22.92299345952,0.0,-22.92299345952,282.68559302445,True,True
554,PD,IR,22.92299345952,0.0,-22.92299345952,282.68559302445,True,True
555,PD,IR,22.92299345952,0.0,-22.92299345952,282.68559302445,True,True
556,PD,IR,22.92299345952,0.0,-22.92299345952,282.68559302445,True,True
557,PD,IR,22.92299345952,0.0,-22.92299345952,282.68559302445,True,True
558,PD,IR,22.92299345952,0.0,-22.92299345952,282.68559302445,True,True
559,PD,IR,22.92299345952,0.0,-22.92299345952,282.68559302445,True,True
560,PD,IR,22.92299345952,0.0,-22.92299345952,282.68559302445,True,True
561,PD,IR,22.92299345952,0.0,-22.92299345952,282.68559302445,True,True
562,PD,IR,22.92299345952,0.0,-22.92299345952,282.68559302445,True,True
563,PD,IR,22.92299345952,0.0,-22.92299345952,282.68559302445,True,True
564,PD,IR,22.92299345952,0.0,-22.92299345952,282.68559302445,True,True
565,PD,IR,22.92299345952,0.0,-22.92299345952,282.68559302445,True,True
566,PD,IR,22.92299345952,0.0,-22.92299345952,282.68559302445,True,True
567,PD,IR,22.92299345952,0.0,-22.92299345952,282.68559302445,True,True
568,PD,IR,22.92299345952,0.0,-22.92299345952,282.68559302445,True,True
569,PD,IR,22.92299345952,0.0,-22.92299345952,282.68559302445,True,True
570,PD,IR,22.92299345952,0.0,-22.92299345952,282.68559302445,True,True
571,PD,IR,22.92299345952,0.0,-22.92299345952,282.68559302445,True,True
572,PD,IR,22.92299345952,0.0,-22.92299345952,282.68559302445,True,True
573,PD,IR,22.92299345952,0.0,-22.92299345952,282.68559302445,True,True
574,PD,IR,22.92299345952,0.0,-22.92299345952,282.68559302445,True,True
575,PD,IR,22.92299345952,0.0,-22.92299345952,282.68559302445,True,True
576,PD,IR,22.92299345952,0.0,-22.92299345952,282.68559302445,True,True
577,PD,IR,22.92299345952,0.0,-22.92299345952,282.68559302445,True,True
578,PD,IR,22.92299345952,0.0,-22.92299345952,282.68559302445,True,True
579,PD,IR,22.92299345952,0.0,-22.92299345952,282.68559302445,True,True
580,PD,IR,22.92299345952,0.0,-22.92299345952,282.68559302445,True,True
581,PD,IR,22.92299345952,0.0,-22.92299345952,282.68559302445,True,True
582,PD,IR,22.92299345952,0.0,-22.92299345952,282.68559302445,True,True
583,PD,IR,22.92299345952,0.0,-22.92299345952,282.68559302445,True,True
584,PD,IR,22.92299345952,0.0,-22.92299345952,282.68559302445,True,True
585,PD,IR,22.92299345952,0.0,-22.92299345952,282.68559302445,True,True
586,PD,IR,22.92299345952,0.0,-22.92299345952,282.68559302445,True,True
587,PD,IR,22.92299345952,0.0,-22.92299345952,282.68559302445,True,True
588,PD,IR,22.92299345952,0.0,-22.92299345952,282.68559302445,True,True
589,PD,IR,22.92299345952,0.0,-22.92299345952,282.68559302445,True,True
590,PD,IR,22.92299345952,0.0,-22.92299345952,282.68559302445,True,True
591,PD,IR,22.92299345952,0.0,-22.92299345952,282.68559302445,True,True
592,PD,IR,22.92299345952,0.0,-22.92299345952,282.68559302445,True,True
593,PD,IR,22.92299345952,0.0,-22.92299345952,282.68559302445,True,True
594,PD,IR,22.92299345952,0.0,-22.92299345952,282.68559302445,True,True
595,PD,IR,22.92299345952,0.0,-22.92299345952,282.68559302445,True,True
596,PD,IR,22.92299345952,0.0,-22.92299345952,282.68559302445,True,True
597,PD,IR,22.92299345952,0.0,-22.92299345952,282.68559302445,True,True
598,PD,IR,22.92299345952,0.0,-22.92299345952,282.68559302445,True,True
599,PD,IR,22.92299345952,0.0,-22.92299345952,282.68559302445,True,True
600,PD,IR,22.92299345952,0.0,-22.92299345952,282.68559302445,True,True
601,PD,IR,22.92299345952,0.0,-22.92299345952,282.68559302445,True,True
602,PD,IR,22.92299345952,0.0,-22.92299345952,282.68559302445,True,True
603,PD,IR,22.92299345952,0.0,-22.92299345952,282.68559302445,True,True
604,PD,IR,22.92299345952,0.0,-22.92299345952,282.68559302445,True,True
605,PD,IR,22.92299345952,0.0,-22.92299345952,282.68559302445,True,True
606,PD,IR,22.92299345952,0.0,-22.92299345952,282.68559302445,True,True
607,PD,IR,22.92299345952,0.0,-22.92299345952,282.68559302445,True,True
608,PD,IR,22.92299345952,0.0,-22.92299345952,282.68559302445,True,True
609,PD,IR,22.92299345952,0.0,-22.92299345952,282.68559302445,True,True
610,PD,IR,22.92299345952,0.0,-22.92299345952,282.68559302445,True,True
611,PD,IR,22.92299345952,0.0,-22.92299345952,282.68559302445,True,True
612,PD,IR,22.92299345952,0.0,-22.92299345952,282.68559302445,True,True
613,PD,IR,22.92299345952,0.0,-22.92299345952,282.68559302445,True,True
614,PD,IR,22.92299345952,0.0,-22.92299345952,282.68559302445,True,True
615,PD,IR,22.92299345952,0.0,-22.92299345952,282.68559302445,True,True
616,PD,IR,22.92299345952,0.0,-22.92299345952,282.68559302445,True,True
617,PD,IR,22.92299345952,0.0,-22.92299345952,282.68559302445,True,True
618,PD,IR,22.92299345952,0.0,-22.92299345952,282.68559302445,True,True
619,PD,IR,22.92299345952,0.0,-22.92299345952,282.68559302445,True,True
620,PD,IR,22.92299345952,0.0,-22.92299345952,282.68559302445,True,True
621,PD,IR,22.92299345952,0.0,-22.92299345952,282.68559302445,True,True
622,PD,IR,22.92299345952,0.0,-22.92299345952,282.68559302445,True,True
623,PD,IR,22.92299345952,0.0,-22.92299345952,282.68559302445,True,True
624,PD,IR,22.92299345952,0.0,-22.92299345952,282.68559302445,True,True
625,PD,IR,22.92299345952,0.0,-22.92299345952,282.68559302445,True,True
626,PD,IR,22.92299345952,0.0,-22.92299345952,282.68559302445,True,True
627,PD,IR,22.92299345952,0.0,-22.92299345952,282.68559302445,True,True
628,PD,IR,22.92299345952,0.0,-22.92299345952,282.68559302445,True,True
629,PD,IR,22.92299345952,0.0,-22.92299345952,282.68559302445,True,True
630,PD,IR,22.92299345952,0.0,-22.92299345952,282.68559302445,True,True
631,PD,IR,22.92299345952,0.0,-22.92299345952,282.68559302445,True,True
632,PD,IR,22.92299345952,0.0,-22.92299345952,282.68559302445,True,True
633,PD,IR,22.92299345952,0.0,-22.92299345952,282.68559302445,True,True
634,PD,IR,22.92299345952,0.0,-22.92299345952,282.68559302445,True,True
635,PD,IR,22.92299345952,0.0,-22.92299345952,282.68559302445,True,True
636,PD,IR,22.92299345952,0.0,-22.92299345952,282.68559302445,True,True
637,PD,IR,22.92299345952,0.0,-22.92299345952,282.68559302445,True,True
638,PD,IR,22.92299345952,0.0,-22.92299345952,282.68559302445,True,True
639,PD,IR,22.92299345952,0.0,-22.92299345952,282.68559302445,True,True
640,PD,IR,22.92299345952,0.0,-22.92299345952,282.68559302445,True,True
641,PD,IR,22.92299345952,0.0,-22.92299345952,282.68559302445,True,True
642,PD,IR,22.92299345952,0.0,-22.92299345952,282.68559302445,True,True
643,PD,IR,22.92299345952,0.0,-22.92299345952,282.68559302445,True,True
644,PD,IR,22.92299345952,0.0,-22.92299345952,282.68559302445,True,True
645,PD,IR,22.92299345952,0.0,-22.92299345952,282.68559302445,True,True
646,PD,IR,22.92299345952,0.0,-22.92299345952,282.68559302445,True,True
647,PD,IR,22.92299345952,0.0,-22.92299345952,282.68559302445,True,True
648,PD,IR,22.92299345952,0.0,-22.92299345952,282.68559302445,True,True
649,PD,IR,22.92299345952,0.0,-22.92299345952,282.68559302445,True,True
650,PD,IR,22.92299345952,0.0,-22.92299345952,282.68559302445,True,True
651,PD,IR,22.92299345952,0.0,-22.92299345952,282.68559302445,True,True
652,PD,IR,22.92299345952,0.0,-22.92299345952,282.68559302445,True,True
653,PD,IR,22.92299345952,0.0,-22.92299345952,282.68559302445,True,True
654,PD,IR,22.92299345952,0.0,-22.92299345952,282.68559302445,True,True
655,PD,IR,22.92299345952,0.0,-22.92299345952,282.68559302445,True,True
656,PD,IR,22.92299345952,0.0,-22.92299345952,282.68559302445,True,True
657,PD,IR,22.92299345952,0.0,-22.92299345952,282.68559302445,True,True
658,PD,IR,22.92299345952,0.0,-22.92299345952,282.68559302445,True,True
659,PD,IR,22.92299345952,0.0,-22.92299345952,282.68559302445,True,True
660,PD,IR,22.92299345952,0.0,-22.92299345952,282.68559302445,True,True
661,PD,IR,22.92299345952,0.0,-22.92299345952,282.68559302445,True,True
662,PD,IR,22.92299345952,0.0,-22.92299345952,282.68559302445,True,True
663,PD,IR,22.92299345952,0.0,-22.92299345952,282.68559302445,True,True
664,PD,IR,22.92299345952,0.0,-22.92299345952,282.68559302445,True,True
665,PD,IR,22.92299345952,0.0,-22.92299345952,282.68559302445,True,True
666,PD,IR,22.92299345952,0.0,-22.92299345952,282.68559302445,True,True
667,PD,IR,22.92299345952,0.0,-22.92299345952,282.68559302445,True,True
668,PD,IR,22.92299345952,0.0,-22.92299345952,282.68559302445,True,True
669,PD,IR,22.92299345952,0.0,-22.92299345952,282.68559302445,True,True
670,PD,IR,22.92299345952,0.0,-22.92299345952,282.68559302445,True,True
671,PD,IR,22.92299345952,0.0,-22.92299345952,282.68559302445,True,True
672,PD,IR,22.92299345952,0.0,-22.92299345952,282.68559302445,True,True
673,PD,IR,22.92299345952,0.0,-22.92299345952,282.68559302445,True,True
674,PD,IR,22.92299345952,0.0,-22.92299345952,282.68559302445,True,True
675,PD,IR,22.92299345952,0.0,-22.92299345952,282.68559302445,True,True
676,PD,IR,22.92299345952,0.0,-22.92299345952,282.68559302445,True,True
677,PD,IR,22.92299345952,0.0,-22.92299345952,282.68559302445,True,True
678,PD,IR,22.92299345952,0.0,-22.92299345952,282.68559302445,True,True
679,PD,IR,22.92299345952,0.0,-22.92299345952,282.68559302445,True,True
680,PD,IR,22.92299345952,0.0,-22.92299345952,282.68559302445,True,True
681,PD,IR,22.92299345952,0.0,-22.92299345952,282.68559302445,True,True
682,PD,IR,22.92299345952,0.0,-22.92299345952,282.68559302445,True,True
683,PD,IR,22.92299345952,0.0,-22.92299345952,282.68559302445,True,True
684,PD,IR,22.92299345952,0.0,-22.92299345952,282.68559302445,True,True
685,PD,IR,22.92299345952,0.0,-22.92299345952,282.68559302445,True,True
686,PD,IR,22.92299345952,0.0,-22.92299345952,282.68559302445,True,True
687,PD,IR,22.92299345952,0.0,-22.92299345952,282.68559302445,True,True
688,PD,IR,22.92299345952,0.0,-22.92299345952,282.68559302445,True,True
689,PD,IR,22.92299345952,0.0,-22.92299345952,282.68559302445,True,True
690,PD,IR,22.92299345952,0.0,-22.92299345952,282.68559302445,True,True
691,PD,IR,22.92299345952,0.0,-22.92299345952,282.68559302445,True,True
692,PD,IR,22.92299345952,0.0,-22.92299345952,282.68559302445,True,True
693,PD,IR,22.92299345952,0.0,-22.92299345952,282.68559302445,True,True
694,PD,IR,22.92299345952,0.0,-22.92299345952,282.68559302445,True,True
695,PD,IR,22.92299345952,0.0,-22.92299345952,282.68559302445,True,True
696,PD,IR,22.92299345952,0.0,-22.92299345952,282.68559302445,True,True
697,PD,IR,22.92299345952,0.0,-22.92299345952,282.68559302445,True,True
698,PD,IR,22.92299345952,0.0,-22.92299345952,282.68559302445,True,True
699,PD,IR,22.92299345952,0.0,-22.92299345952,282.68559302445,True,True
700,PD,IR,22.92299345952,0.0,-22.92299345952,282.68559302445,True,True
701,PD,IR,22.92299345952,0.0,-22.92299345952,282.68559302445,True,True
702,PD,IR,22.92299345952,0.0,-22.92299345952,282.68559302445,True,True
703,PD,IR,22.92299345952,0.0,-22.92299345952,282.68559302445,True,True
704,PD,IR,22.92299345952,0.0,-22.92299345952,282.68559302445,True,True
705,PD,IR,22.92299345952,0.0,-22.92299345952,282.68559302445,True,True
706,PD,IR,22.92299345952,0.0,-22.92299345952,282.68559302445,True,True
707,PD,IR,22.92299345952,0.0,-22.92299345952,282.68559302445,True,True
708,PD,IR,22.92299345952,0.0,-22.92299345952,282.68559302445,True,True
709,PD,IR,22.92299345952,0.0,-22.92299345952,282.68559302445,True,True
710,PD,IR,22.92299345952,0.0,-22.92299345952,282.68559302445,True,True
711,PD,IR,22.92299345952,0.0,-22.92299345952,282.68559302445,True,True
712,PD,IR,22.92299345952,0.0,-22.92299345952,282.68559302445,True,True
713,PD,IR,22.92299345952,0.0,-22.92299345952,282.68559302445,True,True
714,PD,IR,22.92299345952,0.0,-22.92299345952,282.68559302445,True,True
715,PD,IR,22.92299345952,0.0,-22.92299345952,282.68559302445,True,True
716,PD,IR,22.92299345952,0.0,-22.92299345952,282.68559302445,True,True
717,PD,IR,22.92299345952,0.0,-22.92299345952,282.68559302445,True,True
718,PD,IR,22.92299345952,0.0,-22.92299345952,282.68559302445,True,True
719,PD,IR,22.92299345952,0.0,-22.92299345952,282.68559302445,True,True
720,PD,IR,22.92299345952,0.0,-22.92299345952,282.68559302445,True,True
721,PD,IR,22.92299345952,0.0,-22.92299345952,282.68559302445,True,True
722,PD,IR,22.92299345952,0.0,-22.92299345952,282.68559302445,True,True
723,PD,IR,22.92299345952,0.0,-22.92299345952,282.68559302445,True,True
724,PD,IR,22.92299345952,0.0,-22.92299345952,282.68559302445,True,True
725,PD,IR,22.92299345952,0.0,-22.92299345952,282.68559302445,True,True
726,PD,IR,22.92299345952,0.0,-22.92299345952,282.68559302445,True,True
727,PD,IR,22.92299345952,0.0,-22.92299345952,282.68559302445,True,True
728,PD,IR,22.92299345952,0.0,-22.92299345952,282.68559302445,True,True
729,PD,IR,22.92299345952,0.0,-22.92299345952,282.68559302445,True,True
730,PD,IR,22.92299345952,0.0,-22.92299345952,282.68559302445,True,True
731,PD,IR,22.92299345952,0.0,-22.92299345952,282.68559302445,True,True
732,PD,IR,22.92299345952,0.0,-22.92299345952,282.68559302445,True,True
733,PD,IR,22.92299345952,0.0,-22.92299345952,282.68559302445,True,True
734,PD,IR,22.92299345952,0.0,-22.92299345952,282.68559302445,True,True
735,PD,IR,22.92299345952,0.0,-22.92299345952,282.68559302445,True,True
736,PD,IR,22.92299345952,0.0,-22.92299345952,282.68559302445,True,True
737,PD,IR,22.92299345952,0.0,-22.92299345952,282.68559302445,True,True
738,PD,IR,22.92299345952,0.0,-22.92299345952,282.68559302445,True,True
739,PD,IR,22.92299345952,0.0,-22.92299345952,282.68559302445,True,True
740,PD,IR,22.92299345952,0.0,-22.92299345952,282.68559302445,True,True
741,PD,IR,22.92299345952,0.0,-22.92299345952,282.68559302445,True,True
742,PD,IR,22.92299345952,0.0,-22.92299345952,282.68559302445,True,True
743,PD,IR,22.92299345952,0.0,-22.92299345952,282.68559302445,True,True
744,PD,IR,22.92299345952,0.0,-22.92299345952,282.68559302445,True,True
745,PD,IR,22.92299345952,0.0,-22.92299345952,282.68559302445,True,True
746,PD,IR,22.92299345952,0.0,-22.92299345952,282.68559302445,True,True
747,PD,IR,22.92299345952,0.0,-22.92299345952,282.68559302445,True,True
748,PD,IR,22.92299345952,0.0,-22.92299345952,282.68559302445,True,True
749,PD,IR,22.92299345952,0.0,-22.92299345952,282.68559302445,True,True
750,PD,IR,22.92299345952,0.0,-22.92299345952,282.68559302445,True,True
751,PD,IR,22.92299345952,0.0,-22.92299345952,282.68559302445,True,True
752,PD,IR,22.92299345952,0.0,-22.92299345952,282.68559302445,True,True
753,PD,IR,22.92299345952,0.0,-22.92299345952,282.68559302445,True,True
754,PD,IR,22.92299345952,0.0,-22.92299345952,282.68559302445,True,True
755,PD,IR,22.92299345952,0.0,-22.92299345952,282.68559302445,True,True
756,PD,IR,22.92299345952,0.0,-22.92299345952,282.68559302445,True,True
757,PD,IR,22.92299345952,0.0,-22.92299345952,282.68559302445,True,True
758,PD,IR,22.92299345952,0.0,-22.92299345952,282.68559302445,True,True
759,PD,IR,22.92299345952,0.0,-22.92299345952,282.68559302445,True,True
760,PD,IR,22.92299345952,0.0,-22.92299345952,282.68559302445,True,True
761,PD,IR,22.92299345952,0.0,-22.92299345952,282.68559302445,True,True
762,PD,IR,22.92299345952,0.0,-22.92299345952,282.68559302445,True,True
763,PD,IR,22.92299345952,0.0,-22.92299345952,282.68559302445,True,True
764,PD,IR,22.92299345952,0.0,-22.92299345952,282.68559302445,True,True
765,PD,IR,22.92299345952,0.0,-22.92299345952,282.68559302445,True,True
766,PD,IR,22.92299345952,0.0,-22.92299345952,282.68559302445,True,True
767,PD,IR,22.92299345952,0.0,-22.92299345952,282.68559302445,True,True
768,PD,IR,22.92299345952,0.0,-22.92299345952,282.68559302445,True,True
769,PD,IR,22.92299345952,0.0,-22.92299345952,282.68559302445,True,True
770,PD,IR,22.92299345952,0.0,-22.92299345952,282.68559302445,True,True
771,PD,IR,22.92299345952,0.0,-22.92299345952,282.68559302445,True,True
772,PD,IR,22.92299345952,0.0,-22.92299345952,282.68559302445,True,True
773,PD,IR,22.92299345952,0.0,-22.92299345952,282.68559302445,True,True
774,PD,IR,22.92299345952,0.0,-22.92299345952,282.68559302445,True,True
775,PD,IR,22.92299345952,0.0,-22.92299345952,282.68559302445,True,True
776,PD,IR,22.92299345952,0.0,-22.92299345952,282.68559302445,True,True
777,PD,IR,22.92299345952,0.0,-22.92299345952,282.68559302445,True,True
778,PD,IR,22.92299345952,0.0,-22.92299345952,282.68559302445,True,True
779,PD,IR,22.92299345952,0.0,-22.92299345952,282.68559302445,True,True
780,PD,IR,22.92299345952,0.0,-22.92299345952,282.68559302445,True,True
781,PD,IR,22.92299345952,0.0,-22.92299345952,282.68559302445,True,True
782,PD,IR,22.92299345952,0.0,-22.92299345952,282.68559302445,True,True
783,PD,IR,22.92299345952,0.0,-22.92299345952,282.68559302445,True,True
784,PD,IR,22.92299345952,0.0,-22.92299345952,282.68559302445,True,True
785,PD,IR,22.92299345952,0.0,-22.92299345952,282.68559302445,True,True
786,PD,IR,22.92299345952,0.0,-22.92299345952,282.68559302445,True,True
787,PD,IR,22.92299345952,0.0,-22.92299345952,282.68559302445,True,True
788,PD,IR,22.92299345952,0.0,-22.92299345952,282.68559302445,True,True
789,PD,IR,22.92299345952,0.0,-22.92299345952,282.68559302445,True,True
790,PD,IR,22.92299345952,0.0,-22.92299345952,282.68559302445,True,True
791,PD,IR,22.92299345952,0.0,-22.92299345952,282.68559302445,True,True
792,PD,IR,22.92299345952,0.0,-22.92299345952,282.68559302445,True,True
793,PD,IR,22.92299345952,0.0,-22.92299345952,282.68559302445,True,True
794,PD,IR,22.92299345952,0.0,-22.92299345952,282.68559302445,True,True
795,PD,IR,22.92299345952,0.0,-22.92299345952,282.68559302445,True,True
796,PD,IR,22.92299345952,0.0,-22.92299345952,282.68559302445,True,True
797,PD,IR,22.92299345952,0.0,-22.92299345952,282.68559302445,True,True
798,PD,IR,22.92299345952,0.0,-22.92299345952,282.68559302445,True,True
799,PD,IR,22.92299345952,0.0,-22.92299345952,282.68559302445,True,True
800,PD,IR,22.92299345952,0.0,-22.92299345952,282.68559302445,True,True
801,PD,IR,22.92299345952,0.0,-22.92299345952,282.68559302445,True,True
802,PD,IR,22.92299345952,0.0,-22.92299345952,282.68559302445,True,True
803,PD,IR,22.92299345952,0.0,-22.92299345952,282.68559302445,True,True
804,PD,IR,22.92299345952,0.0,-22.92299345952,282.68559302445,True,True
805,PD,IR,22.92299345952,0.0,-22.92299345952,282.68559302445,True,True
806,PD,IR,22.92299345952,0.0,-22.92299345952,282.68559302445,True,True
807,PD,IR,22.92299345952,0.0,-22.92299345952,282.68559302445,True,True
808,PD,IR,22.92299345952,0.0,-22.92299345952,282.68559302445,True,True
809,PD,IR,22.92299345952,0.0,-22.92299345952,282.68559302445,True,True
810,PD,IR,22.92299345952,0.0,-22.92299345952,282.68559302445,True,True
811,PD,IR,22.92299345952,0.0,-22.92299345952,282.68559302445,True,True
812,PD,IR,22.92299345952,0.0,-22.92299345952,282.68559302445,True,True
813,PD,IR,22.92299345952,0.0,-22.92299345952,282.68559302445,True,True
814,PD,IR,22.92299345952,0.0,-22.92299345952,282.68559302445,True,True
815,PD,IR,22.92299345952,0.0,-22.92299345952,282.68559302445,True,True
816,PD,IR,22.92299345952,0.0,-22.92299345952,282.68559302445,True,True
817,PD,IR,22.92299345952,0.0,-22.92299345952,282.68559302445,True,True
818,PD,IR,22.92299345952,0.0,-22.92299345952,282.68559302445,True,True
819,PD,IR,22.92299345952,0.0,-22.92299345952,282.68559302445,True,True
820,PD,IR,22.92299345952,0.0,-22.92299345952,282.68559302445,True,True
821,PD,IR,22.92299345952,0.0,-22.92299345952,282.68559302445,True,True
822,PD,IR,22.92299345952,0.0,-22.92299345952,282.68559302445,True,True
823,PD,IR,22.92299345952,0.0,-22.92299345952,282.68559302445,True,True
824,PD,IR,22.92299345952,0.0,-22.92299345952,282.68559302445,True,True
825,PD,IR,22.92299345952,0.0,-22.92299345952,282.68559302445,True,True
826,PD,IR,22.92299345952,0.0,-22.92299345952,282.68559302445,True,True
827,PD,IR,22.92299345952,0.0,-22.92299345952,282.68559302445,True,True
828,PD,IR,22.92299345952,0.0,-22.92299345952,282.68559302445,True,True
829,PD,IR,22.92299345952,0.0,-22.92299345952,282.68559302445,True,True
830,PD,IR,22.92299345952,0.0,-22.92299345952,282.68559302445,True,True
831,PD,IR,22.92299345952,0.0,-22.92299345952,282.68559302445,True,True
832,PD,IR,22.92299345952,0.0,-22.92299345952,282.68559302445,True,True
833,PD,IR,22.92299345952,0.0,-22.92299345952,282.68559302445,True,True
834,PD,IR,22.92299345952,0.0,-22.92299345952,282.68559302445,True,True
835,PD,IR,22.92299345952,0.0,-22.92299345952,282.68559302445,True,True
836,PD,IR,22.92299345952,0.0,-22.92299345952,282.68559302445,True,True
837,PD,IR,22.92299345952,0.0,-22.92299345952,282.68559302445,True,True
838,PD,IR,22.92299345952,0.0,-22.92299345952,282.68559302445,True,True
839,PD,IR,22.92299345952,0.0,-22.92299345952,282.68559302445,True,True
840,PD,IR,22.92299345952,0.0,-22.92299345952,282.68559302445,True,True
841,PD,IR,22.92299345952,0.0,-22.92299345952,282.68559302445,True,True
842,PD,IR,22.92299345952,0.0,-22.92299345952,282.68559302445,True,True
843,PD,IR,22.92299345952,0.0,-22.92299345952,282.68559302445,True,True
844,PD,IR,22.92299345952,0.0,-22.92299345952,282.68559302445,True,True
845,PD,IR,22.92299345952,0.0,-22.92299345952,282.68559302445,True,True
846,PD,IR,22.92299345952,0.0,-22.92299345952,282.68559302445,True,True
847,PD,IR,22.92299345952,0.0,-22.92299345952,282.68559302445,True,True
848,PD,IR,22.92299345952,0.0,-22.92299345952,282.68559302445,True,True
849,PD,IR,22.92299345952,0.0,-22.92299345952,282.68559302445,True,True
850,PD,IR,22.92299345952,0.0,-22.92299345952,282.68559302445,True,True
851,PD,IR,22.92299345952,0.0,-22.92299345952,282.68559302445,True,True
852,PD,IR,22.92299345952,0.0,-22.92299345952,282.68559302445,True,True
853,PD,IR,22.92299345952,0.0,-22.92299345952,282.68559302445,True,True
854,PD,IR,22.92299345952,0.0,-22.92299345952,282.68559302445,True,True
855,PD,IR,22.92299345952,0.0,-22.92299345952,282.68559302445,True,True
856,PD,IR,22.92299345952,0.0,-22.92299345952,282.68559302445,True,True
857,PD,IR,22.92299345952,0.0,-22.92299345952,282.68559302445,True,True
858,PD,IR,22.92299345952,0.0,-22.92299345952,282.68559302445,True,True
859,PD,IR,22.92299345952,0.0,-22.92299345952,282.68559302445,True,True
860,PD,IR,22.92299345952,0.0,-22.92299345952,282.68559302445,True,True
861,PD,IR,22.92299345952,0.0,-22.92299345952,282.68559302445,True,True
862,PD,IR,22.92299345952,0.0,-22.92299345952,282.68559302445,True,True
863,PD,IR,22.92299345952,0.0,-22.92299345952,282.68559302445,True,True
864,PD,IR,22.92299345952,0.0,-22.92299345952,282.68559302445,True,True
865,PD,IR,22.92299345952,0.0,-22.92299345952,282.68559302445,True,True
866,PD,IR,22.92299345952,0.0,-22.92299345952,282.68559302445,True,True
867,PD,IR,22.92299345952,0.0,-22.92299345952,282.68559302445,True,True
868,PD,IR,22.92299345952,0.0,-22.92299345952,282.68559302445,True,True
869,PD,IR,22.92299345952,0.0,-22.92299345952,282.68559302445,True,True
870,PD,IR,22.92299345952,0.0,-22.92299345952,282.68559302445,True,True
871,PD,IR,22.92299345952,0.0,-22.92299345952,282.68559302445,True,True
872,PD,IR,22.92299345952,0.0,-22.92299345952,282.68559302445,True,True
873,PD,IR,22.92299345952,0.0,-22.92299345952,282.68559302445,True,True
874,PD,IR,22.92299345952,0.0,-22.92299345952,282.68559302445,True,True
875,PD,IR,22.92299345952,0.0,-22.92299345952,282.68559302445,True,True
876,PD,IR,22.92299345952,0.0,-22.92299345952,282.68559302445,True,True
877,PD,IR,22.92299345952,0.0,-22.92299345952,282.68559302445,True,True
878,PD,IR,22.92299345952,0.0,-22.92299345952,282.68559302445,True,True
879,PD,IR,22.92299345952,0.0,-22.92299345952,282.68559302445,True,True
880,PD,IR,22.92299345952,0.0,-22.92299345952,282.68559302445,True,True
881,PD,IR,22.92299345952,0.0,-22.92299345952,282.68559302445,True,True
882,PD,IR,22.92299345952,0.0,-22.92299345952,282.68559302445,True,True
883,PD,IR,22.92299345952,0.0,-22.92299345952,282.68559302445,True,True
884,PD,IR,22.92299345952,0.0,-22.92299345952,282.68559302445,True,True
885,PD,IR,22.92299345952,0.0,-22.92299345952,282.68559302445,True,True
886,PD,IR,22.92299345952,0.0,-22.92299345952,282.68559302445,True,True
887,PD,IR,22.92299345952,0.0,-22.92299345952,282.68559302445,True,True
888,PD,IR,22.92299345952,0.0,-22.92299345952,282.68559302445,True,True
889,PD,IR,22.92299345952,0.0,-22.92299345952,282.68559302445,True,True
890,PD,IR,22.92299345952,0.0,-22.92299345952,282.68559302445,True,True
891,PD,IR,22.92299345952,0.0,-22.92299345952,282.68559302445,True,True
892,PD,IR,22.92299345952,0.0,-22.92299345952,282.68559302445,True,True
893,PD,IR,22.92299345952,0.0,-22.92299345952,282.68559302445,True,True
894,PD,IR,22.92299345952,0.0,-22.92299345952,282.68559302445,True,True
895,PD,IR,22.92299345952,0.0,-22.92299345952,282.68559302445,True,True
896,PD,IR,22.92299345952,0.0,-22.92299345952,282.68559302445,True,True
897,PD,IR,22.92299345952,0.0,-22.92299345952,282.68559302445,True,True
898,PD,IR,22.92299345952,0.0,-22.92299345952,282.68559302445,True,True
899,PD,IR,22.92299345952,0.0,-22.92299345952,282.68559302445,True,True
900,PD,IR,22.92299345952,0.0,-22.92299345952,282.68559302445,True,True
901,PD,IR,22.92299345952,0.0,-22.92299345952,282.68559302445,True,True
902,PD,IR,22.92299345952,0.0,-22.92299345952,282.68559302445,True,True
903,PD,IR,22.92299345952,0.0,-22.92299345952,282.68559302445,True,True
904,PD,IR,22.92299345952,0.0,-22.92299345952,282.68559302445,True,True
905,PD,IR,22.92299345952,0.0,-22.92299345952,282.68559302445,True,True
906,PD,IR,22.92299345952,0.0,-22.92299345952,282.68559302445,True,True
907,PD,IR,22.92299345952,0.0,-22.92299345952,282.68559302445,True,True
908,PD,IR,22.92299345952,0.0,-22.92299345952,282.68559302445,True,True
909,PD,IR,22.92299345952,0.0,-22.92299345952,282.68559302445,True,True
910,PD,IR,22.92299345952,0.0,-22.92299345952,282.68559302445,True,True
911,PD,IR,22.92299345952,0.0,-22.92299345952,282.68559302445,True,True
912,PD,IR,22.92299345952,0.0,-22.92299345952,282.68559302445,True,True
913,PD,IR,22.92299345952,0.0,-22.92299345952,282.68559302445,True,True
914,PD,IR,22.92299345952,0.0,-22.92299345952,282.68559302445,True,True
915,PD,IR,22.92299345952,0.0,-22.92299345952,282.68559302445,True,True
916,PD,IR,22.92299345952,0.0,-22.92299345952,282.68559302445,True,True
917,PD,IR,22.92299345952,0.0,-22.92299345952,282.68559302445,True,True
918,PD,IR,22.92299345952,0.0,-22.92299345952,282.68559302445,True,True
919,PD,IR,22.92299345952,0.0,-22.92299345952,282.68559302445,True,True
920,PD,IR,22.92299345952,0.0,-22.92299345952,282.68559302445,True,True
921,PD,IR,22.92299345952,0.0,-22.92299345952,282.68559302445,True,True
922,PD,IR,22.92299345952,0.0,-22.92299345952,282.68559302445,True,True
923,PD,IR,22.92299345952,0.0,-22.92299345952,282.68559302445,True,True
924,PD,IR,22.92299345952,0.0,-22.92299345952,282.68559302445,True,True
925,PD,IR,22.92299345952,0.0,-22.92299345952,282.68559302445,True,True
926,PD,IR,22.92299345952,0.0,-22.92299345952,282.68559302445,True,True
927,PD,IR,22.92299345952,0.0,-22.92299345952,282.68559302445,True,True
928,PD,IR,22.92299345952,0.0,-22.92299345952,282.68559302445,True,True
929,PD,IR,22.92299345952,0.0,-22.92299345952,282.68559302445,True,True
930,PD,IR,22.92299345952,0.0,-22.92299345952,282.68559302445,True,True
931,PD,IR,22.92299345952,0.0,-22.92299345952,282.68559302445,True,True
932,PD,IR,22.92299345952,0.0,-22.92299345952,282.68559302445,True,True
933,PD,IR,22.92299345952,0.0,-22.92299345952,282.68559302445,True,True
934,PD,IR,22.92299345952,0.0,-22.92299345952,282.68559302445,True,True
935,PD,IR,22.92299345952,0.0,-22.92299345952,282.68559302445,True,True
936,PD,IR,22.92299345952,0.0,-22.92299345952,282.68559302445,True,True
937,PD,IR,22.92299345952,0.0,-22.92299345952,282.68559302445,True,True
938,PD,IR,22.92299345952,0.0,-22.92299345952,282.68559302445,True,True
939,PD,IR,22.92299345952,0.0,-22.92299345952,282.68559302445,True,True
940,PD,IR,22.92299345952,0.0,-22.92299345952,282.68559302445,True,True
941,PD,IR,22.92299345952,0.0,-22.92299345952,282.68559302445,True,True
942,PD,IR,22.92299345952,0.0,-22.92299345952,282.68559302445,True,True
943,PD,IR,22.92299345952,0.0,-22.92299345952,282.68559302445,True,True
944,PD,IR,22.92299345952,0.0,-22.92299345952,282.68559302445,True,True
945,PD,IR,22.92299345952,0.0,-22.92299345952,282.68559302445,True,True
946,PD,IR,22.92299345952,0.0,-22.92299345952,282.68559302445,True,True
947,PD,IR,22.92299345952,0.0,-22.92299345952,282.68559302445,True,True
948,PD,IR,22.92299345952,0.0,-22.92299345952,282.68559302445,True,True
949,PD,IR,22.92299345952,0.0,-22.92299345952,282.68559302445,True,True
950,PD,IR,22.92299345952,0.0,-22.92299345952,282.68559302445,True,True
951,PD,IR,22.92299345952,0.0,-22.92299345952,282.68559302445,True,True
952,PD,IR,22.92299345952,0.0,-22.92299345952,282.68559302445,True,True
953,PD,IR,22.92299345952,0.0,-22.92299345952,282.68559302445,True,True
954,PD,IR,22.92299345952,0.0,-22.92299345952,282.68559302445,True,True
955,PD,IR,22.92299345952,0.0,-22.92299345952,282.68559302445,True,True
956,PD,IR,22.92299345952,0.0,-22.92299345952,282.68559302445,True,True
957,PD,IR,22.92299345952,0.0,-22.92299345952,282.68559302445,True,True
958,PD,IR,22.92299345952,0.0,-22.92299345952,282.68559302445,True,True
959,PD,IR,22.92299345952,0.0,-22.92299345952,282.68559302445,True,True
960,PD,IR,22.92299345952,0.0,-22.92299345952,282.68559302445,True,True
961,PD,IR,22.92299345952,0.0,-22.92299345952,282.68559302445,True,True
962,PD,IR,22.92299345952,0.0,-22.92299345952,282.68559302445,True,True
963,PD,IR,22.92299345952,0.0,-22.92299345952,282.68559302445,True,True
964,PD,IR,22.92299345952,0.0,-22.92299345952,282.68559302445,True,True
965,PD,IR,22.92299345952,0.0,-22.92299345952,282.68559302445,True,True
966,PD,IR,22.92299345952,0.0,-22.92299345952,282.68559302445,True,True
967,PD,IR,22.92299345952,0.0,-22.92299345952,282.68559302445,True,True
968,PD,IR,22.92299345952,0.0,-22.92299345952,282.68559302445,True,True
969,PD,IR,22.92299345952,0.0,-22.92299345952,282.68559302445,True,True
970,PD,IR,22.92299345952,0.0,-22.92299345952,282.68559302445,True,True
971,PD,IR,22.92299345952,0.0,-22.92299345952,282.68559302445,True,True
972,PD,IR,22.92299345952,0.0,-22.92299345952,282.68559302445,True,True
973,PD,IR,22.92299345952,0.0,-22.92299345952,282.68559302445,True,True
974,PD,IR,22.92299345952,0.0,-22.92299345952,282.68559302445,True,True
975,PD,IR,22.92299345952,0.0,-22.92299345952,282.68559302445,True,True
976,PD,IR,22.92299345952,0.0,-22.92299345952,282.68559302445,True,True
977,PD,IR,22.92299345952,0.0,-22.92299345952,282.68559302445,True,True
978,PD,IR,22.92299345952,0.0,-22.92299345952,282.68559302445,True,True
979,PD,IR,22.92299345952,0.0,-22.92299345952,282.68559302445,True,True
980,PD,IR,22.92299345952,0.0,-22.92299345952,282.68559302445,True,True
981,PD,IR,22.92299345952,0.0,-22.92299345952,282.68559302445,True,True
982,PD,IR,22.92299345952,0.0,-22.92299345952,282.68559302445,True,True
983,PD,IR,22.92299345952,0.0,-22.92299345952,282.68559302445,True,True
984,PD,IR,22.92299345952,0.0,-22.92299345952,282.68559302445,True,True
985,PD,IR,22.92299345952,0.0,-22.92299345952,282.68559302445,True,True
986,PD,IR,22.92299345952,0.0,-22.92299345952,282.68559302445,True,True
987,PD,IR,22.92299345952,0.0,-22.92299345952,282.68559302445,True,True
988,PD,IR,22.92299345952,0.0,-22.92299345952,282.68559302445,True,True
989,PD,IR,22.92299345952,0.0,-22.92299345952,282.68559302445,True,True
990,PD,IR,22.92299345952,0.0,-22.92299345952,282.68559302445,True,True
991,PD,IR,22.92299345952,0.0,-22.92299345952,282.68559302445,True,True
992,PD,IR,22.92299345952,0.0,-22.92299345952,282.68559302445,True,True
993,PD,IR,22.92299345952,0.0,-22.92299345952,282.68559302445,True,True
994,PD,IR,22.92299345952,0.0,-22.92299345952,282.68559302445,True,True
995,PD,IR,22.92299345952,0.0,-22.92299345952,282.68559302445,True,True
996,PD,IR,22.92299345952,0.0,-22.92299345952,282.68559302445,True,True
997,PD,IR,22.92299345952,0.0,-22.92299345952,282.68559302445,True,True
998,PD,IR,22.92299345952,0.0,-22.92299345952,282.68559302445,True,True
999,PD,IR,22.92299345952,0.0,-22.92299345952,282.68559302445,True,True
1000,PD,IR,22.92299345952,0.0,-22.92299345952,282.68559302445,True,True
1001,PD,IR,22.92299345952,0.0,-22.92299345952,282.68559302445,True,True
1002,PD,IR,22.92299345952,0.0,-22.92299345952,282.68559302445,True,True
1003,PD,IR,22.92299345952,0.0,-22.92299345952,282.68559302445,True,True
1004,PD,IR,22.92299345952,0.0,-22.92299345952,282.68559302445,True,True
1005,PD,IR,22.92299345952,0.0,-22.92299345952,282.68559302445,True,True
1006,PD,IR,22.92299345952,0.0,-22.92299345952,282.68559302445,True,True
1007,PD,IR,22.92299345952,0.0,-22.92299345952,282.68559302445,True,True
1008,PD,IR,22.92299345952,0.0,-22.92299345952,282.68559302445,True,True
1009,PD,IR,22.92299345952,0.0,-22.92299345952,282.68559302445,True,True
1010,PD,IR,22.92299345952,0.0,-22.92299345952,282.68559302445,True,True
1011,PD,IR,22.92299345952,0.0,-22.92299345952,282.68559302445,True,True
1012,PD,IR,22.92299345952,0.0,-22.92299345952,282.68559302445,True,True
1013,PD,IR,22.92299345952,0.0,-22.92299345952,282.68559302445,True,True
1014,PD,IR,22.92299345952,0.0,-22.92299345952,282.68559302445,True,True
1015,PD,IR,22.92299345952,0.0,-22.92299345952,282.68559302445,True,True
1016,PD,IR,22.92299345952,0.0,-22.92299345952,282.68559302445,True,True
1017,PD,IR,22.92299345952,0.0,-22.92299345952,282.68559302445,True,True
1018,PD,IR,22.92299345952,0.0,-22.92299345952,282.68559302445,True,True
1019,PD,IR,22.92299345952,0.0,-22.92299345952,282.68559302445,True,True
1020,PD,IR,22.92299345952,0.0,-22.92299345952,282.68559302445,True,True
1021,PD,IR,22.92299345952,0.0,-22.92299345952,282.68559302445,True,True
1022,PD,IR,22.92299345952,0.0,-22.92299345952,282.68559302445,True,True
1023,PD,IR,22.92299345952,0.0,-22.92299345952,282.68559302445,True,True
1024,PD,IR,22.92299345952,0.0,-22.92299345952,282.68559302445,True,True
1025,PD,IR,22.92299345952,0.0,-22.92299345952,282.68559302445,True,True
1026,PD,IR,22.92299345952,0.0,-22.92299345952,282.68559302445,True,True
1027,PD,IR,22.92299345952,0.0,-22.92299345952,282.68559302445,True,True
1028,PD,IR,22.92299345952,0.0,-22.92299345952,282.68559302445,True,True
1029,PD,IR,22.92299345952,0.0,-22.92299345952,282.68559302445,True,True
1030,PD,IR,22.92299345952,0.0,-22.92299345952,282.68559302445,True,True
1031,PD,IR,22.92299345952,0.0,-22.92299345952,282.68559302445,True,True
1032,PD,IR,22.92299345952,0.0,-22.92299345952,282.68559302445,True,True
1033,PD,IR,22.92299345952,0.0,-22.92299345952,282.68559302445,True,True
1034,PD,IR,22.92299345952,0.0,-22.92299345952,282.68559302445,True,True
1035,PD,IR,22.92299345952,0.0,-22.92299345952,282.68559302445,True,True
1036,PD,IR,22.92299345952,0.0,-22.92299345952,282.68559302445,True,True
1037,PD,IR,22.92299345952,0.0,-22.92299345952,282.68559302445,True,True
1038,PD,IR,22.92299345952,0.0,-22.92299345952,282.68559302445,True,True
1039,PD,IR,22.92299345952,0.0,-22.92299345952,282.68559302445,True,True
1040,PD,IR,22.92299345952,0.0,-22.92299345952,282.68559302445,True,True
1041,PD,IR,22.92299345952,0.0,-22.92299345952,282.68559302445,True,True
1042,PD,IR,22.92299345952,0.0,-22.92299345952,282.68559302445,True,True
1043,PD,IR,22.92299345952,0.0,-22.92299345952,282.68559302445,True,True
1044,PD,IR,22.92299345952,0.0,-22.92299345952,282.68559302445,True,True
1045,PD,IR,22.92299345952,0.0,-22.92299345952,282.68559302445,True,True
1046,PD,IR,22.92299345952,0.0,-22.92299345952,282.68559302445,True,True
1047,PD,IR,22.92299345952,0.0,-22.92299345952,282.68559302445,True,True
1048,PD,IR,22.92299345952,0.0,-22.92299345952,282.68559302445,True,True
1049,PD,IR,22.92299345952,0.0,-22.92299345952,282.68559302445,True,True
1050,PD,IR,22.92299345952,0.0,-22.92299345952,282.68559302445,True,True
1051,PD,IR,22.92299345952,0.0,-22.92299345952,282.68559302445,True,True
1052,PD,IR,22.92299345952,0.0,-22.92299345952,282.68559302445,True,True
1053,PD,IR,22.92299345952,0.0,-22.92299345952,282.68559302445,True,True
1054,PD,IR,22.92299345952,0.0,-22.92299345952,282.68559302445,True,True
1055,PD,IR,22.92299345952,0.0,-22.92299345952,282.68559302445,True,True
1056,PD,IR,22.92299345952,0.0,-22.92299345952,282.68559302445,True,True
1057,PD,IR,22.92299345952,0.0,-22.92299345952,282.68559302445,True,True
1058,PD,IR,22.92299345952,0.0,-22.92299345952,282.68559302445,True,True
1059,PD,IR,22.92299345952,0.0,-22.92299345952,282.68559302445,True,True
1060,PD,IR,22.92299345952,0.0,-22.92299345952,282.68559302445,True,True
1061,PD,IR,22.92299345952,0.0,-22.92299345952,282.68559302445,True,True
1062,PD,IR,22.92299345952,0.0,-22.92299345952,282.68559302445,True,True
1063,PD,IR,22.92299345952,0.0,-22.92299345952,282.68559302445,True,True
1064,PD,IR,22.92299345952,0.0,-22.92299345952,282.68559302445,True,True
1065,PD,IR,22.92299345952,0.0,-22.92299345952,282.68559302445,True,True
1066,PD,IR,22.92299345952,0.0,-22.92299345952,282.68559302445,True,True
1067,PD,IR,22.92299345952,0.0,-22.92299345952,282.68559302445,True,True
1068,PD,IR,22.92299345952,0.0,-22.92299345952,282.68559302445,True,True
1069,PD,IR,22.92299345952,0.0,-22.92299345952,282.68559302445,True,True
1070,PD,IR,22.92299345952,0.0,-22.92299345952,282.68559302445,True,True
1071,PD,IR,22.92299345952,0.0,-22.92299345952,282.68559302445,True,True
1072,PD,IR,22.92299345952,0.0,-22.92299345952,282.68559302445,True,True
1073,PD,IR,22.92299345952,0.0,-22.92299345952,282.68559302445,True,True
1074,PD,IR,22.92299345952,0.0,-22.92299345952,282.68559302445,True,True
1075,PD,IR,22.92299345952,0.0,-22.92299345952,282.68559302445,True,True
1076,PD,IR,22.92299345952,0.0,-22.92299345952,282.68559302445,True,True
1077,PD,IR,22.92299345952,0.0,-22.92299345952,282.68559302445,True,True
1078,PD,IR,22.92299345952,0.0,-22.92299345952,282.68559302445,True,True
1079,PD,IR,22.92299345952,0.0,-22.92299345952,282.68559302445,True,True
1080,PD,IR,22.92299345952,0.0,-22.92299345952,282.68559302445,True,True
1081,PD,IR,22.92299345952,0.0,-22.92299345952,282.68559302445,True,True
1082,PD,IR,22.92299345952,0.0,-22.92299345952,282.68559302445,True,True
1083,PD,IR,22.92299345952,0.0,-22.92299345952,282.68559302445,True,True
1084,PD,IR,22.92299345952,0.0,-22.92299345952,282.68559302445,True,True
1085,PD,IR,22.92299345952,0.0,-22.92299345952,282.68559302445,True,True
1086,PD,IR,22.92299345952,0.0,-22.92299345952,282.68559302445,True,True
1087,PD,IR,22.92299345952,0.0,-22.92299345952,282.68559302445,True,True
1088,PD,IR,22.92299345952,0.0,-22.92299345952,282.68559302445,True,True
1089,PD,IR,22.92299345952,0.0,-22.92299345952,282.68559302445,True,True
1090,PD,IR,22.92299345952,0.0,-22.92299345952,282.68559302445,True,True
1091,PD,IR,22.92299345952,0.0,-22.92299345952,282.68559302445,True,True
1092,PD,IR,22.92299345952,0.0,-22.92299345952,282.68559302445,True,True
1093,PD,IR,22.92299345952,0.0,-22.92299345952,282.68559302445,True,True
1094,PD,IR,22.92299345952,0.0,-22.92299345952,282.68559302445,True,True
1095,PD,IR,22.92299345952,0.0,-22.92299345952,282.68559302445,True,True
1096,PD,IR,22.92299345952,0.0,-22.92299345952,282.68559302445,True,True
1097,PD,IR,22.92299345952,0.0,-22.92299345952,282.68559302445,True,True
1098,PD,IR,22.92299345952,0.0,-22.92299345952,282.68559302445,True,True
1099,PD,IR,22.92299345952,0.0,-22.92299345952,282.68559302445,True,True
1100,PD,IR,22.92299345952,0.0,-22.92299345952,282.68559302445,True,True
1101,PD,IR,22.92299345952,0.0,-22.92299345952,282.68559302445,True,True
1102,PD,IR,22.92299345952,0.0,-22.92299345952,282.68559302445,True,True
1103,PD,IR,22.92299345952,0.0,-22.92299345952,282.68559302445,True,True
1104,PD,IR,22.92299345952,0.0,-22.92299345952,282.68559302445,True,True
1105,PD,IR,22.92299345952,0.0,-22.92299345952,282.68559302445,True,True
1106,PD,IR,22.92299345952,0.0,-22.92299345952,282.68559302445,True,True
1107,PD,IR,22.92299345952,0.0,-22.92299345952,282.68559302445,True,True
1108,PD,IR,22.92299345952,0.0,-22.92299345952,282.68559302445,True,True
1109,PD,IR,22.92299345952,0.0,-22.92299345952,282.68559302445,True,True
1110,PD,IR,22.92299345952,0.0,-22.92299345952,282.68559302445,True,True
1111,PD,IR,22.92299345952,0.0,-22.92299345952,282.68559302445,True,True
1112,PD,IR,22.92299345952,0.0,-22.92299345952,282.68559302445,True,True
1113,PD,IR,22.92299345952,0.0,-22.92299345952,282.68559302445,True,True
1114,PD,IR,22.92299345952,0.0,-22.92299345952,282.68559302445,True,True
1115,PD,IR,22.92299345952,0.0,-22.92299345952,282.68559302445,True,True
1116,PD,IR,22.92299345952,0.0,-22.92299345952,282.68559302445,True,True
1117,PD,IR,22.92299345952,0.0,-22.92299345952,282.68559302445,True,True
1118,PD,IR,22.92299345952,0.0,-22.92299345952,282.68559302445,True,True
1119,PD,IR,22.92299345952,0.0,-22.92299345952,282.68559302445,True,True
1120,PD,IR,22.92299345952,0.0,-22.92299345952,282.68559302445,True,True
1121,PD,IR,22.92299345952,0.0,-22.92299345952,282.68559302445,True,True
1122,PD,IR,22.92299345952,0.0,-22.92299345952,282.68559302445,True,True
1123,PD,IR,22.92299345952,0.0,-22.92299345952,282.68559302445,True,True
1124,PD,IR,22.92299345952,0.0,-22.92299345952,282.68559302445,True,True
1125,PD,IR,22.92299345952,0.0,-22.92299345952,282.68559302445,True,True
1126,PD,IR,22.92299345952,0.0,-22.92299345952,282.68559302445,True,True
1127,PD,IR,22.92299345952,0.0,-22.92299345952,282.68559302445,True,True
1128,PD,IR,22.92299345952,0.0,-22.92299345952,282.68559302445,True,True
1129,PD,IR,22.92299345952,0.0,-22.92299345952,282.68559302445,True,True
1130,PD,IR,22.92299345952,0.0,-22.92299345952,282.68559302445,True,True
1131,PD,IR,22.92299345952,0.0,-22.92299345952,282.68559302445,True,True
1132,PD,IR,22.92299345952,0.0,-22.92299345952,282.68559302445,True,True
1133,PD,IR,22.92299345952,0.0,-22.92299345952,282.68559302445,True,True
1134,PD,IR,22.92299345952,0.0,-22.92299345952,282.68559302445,True,True
1135,PD,IR,22.92299345952,0.0,-22.92299345952,282.68559302445,True,True
1136,PD,IR,22.92299345952,0.0,-22.92299345952,282.68559302445,True,True
1137,PD,IR,22.92299345952,0.0,-22.92299345952,282.68559302445,True,True
1138,PD,IR,22.92299345952,0.0,-22.92299345952,282.68559302445,True,True
1139,PD,IR,22.92299345952,0.0,-22.92299345952,282.68559302445,True,True
1140,PD,IR,22.92299345952,0.0,-22.92299345952,282.68559302445,True,True
1141,PD,IR,22.92299345952,0.0,-22.92299345952,282.68559302445,True,True
1142,PD,IR,22.92299345952,0.0,-22.92299345952,282.68559302445,True,True
1143,PD,IR,22.92299345952,0.0,-22.92299345952,282.68559302445,True,True
1144,PD,IR,22.92299345952,0.0,-22.92299345952,282.68559302445,True,True
1145,PD,IR,22.92299345952,0.0,-22.92299345952,282.68559302445,True,True
1146,PD,IR,22.92299345952,0.0,-22.92299345952,282.68559302445,True,True
1147,PD,IR,22.92299345952,0.0,-22.92299345952,282.68559302445,True,True
1148,PD,IR,22.92299345952,0.0,-22.92299345952,282.68559302445,True,True
1149,PD,IR,22.92299345952,0.0,-22.92299345952,282.68559302445,True,True
1150,PD,IR,22.92299345952,0.0,-22.92299345952,282.68559302445,True,True
1151,PD,IR,22.92299345952,0.0,-22.92299345952,282.68559302445,True,True
1152,PD,IR,22.92299345952,0.0,-22.92299345952,282.68559302445,True,True
1153,PD,IR,22.92299345952,0.0,-22.92299345952,282.68559302445,True,True
1154,PD,IR,22.92299345952,0.0,-22.92299345952,282.68559302445,True,True
1155,PD,IR,22.92299345952,0.0,-22.92299345952,282.68559302445,True,True
1156,PD,IR,22.92299345952,0.0,-22.92299345952,282.68559302445,True,True
1157,PD,IR,22.92299345952,0.0,-22.92299345952,282.68559302445,True,True
1158,PD,IR,22.92299345952,0.0,-22.92299345952,282.68559302445,True,True
1159,PD,IR,22.92299345952,0.0,-22.92299345952,282.68559302445,True,True
1160,PD,IR,22.92299345952,0.0,-22.92299345952,282.68559302445,True,True
1161,PD,IR,22.92299345952,0.0,-22.92299345952,282.68559302445,True,True
1162,PD,IR,22.92299345952,0.0,-22.92299345952,282.68559302445,True,True
1163,PD,IR,22.92299345952,0.0,-22.92299345952,282.68559302445,True,True
1164,PD,IR,22.92299345952,0.0,-22.92299345952,282.68559302445,True,True
1165,PD,IR,22.92299345952,0.0,-22.92299345952,282.68559302445,True,True
1166,PD,IR,22.92299345952,0.0,-22.92299345952,282.68559302445,True,True
1167,PD,IR,22.92299345952,0.0,-22.92299345952,282.68559302445,True,True
1168,PD,IR,22.92299345952,0.0,-22.92299345952,282.68559302445,True,True
1169,PD,IR,22.92299345952,0.0,-22.92299345952,282.68559302445,True,True
1170,PD,IR,22.92299345952,0.0,-22.92299345952,282.68559302445,True,True
1171,PD,IR,22.92299345952,0.0,-22.92299345952,282.68559302445,True,True
1172,PD,IR,22.92299345952,0.0,-22.92299345952,282.68559302445,True,True
1173,PD,IR,22.92299345952,0.0,-22.92299345952,282.68559302445,True,True
1174,PD,IR,22.92299345952,0.0,-22.92299345952,282.68559302445,True,True
1175,PD,IR,22.92299345952,0.0,-22.92299345952,282.68559302445,True,True
1176,PD,IR,22.92299345952,0.0,-22.92299345952,282.68559302445,True,True
1177,PD,IR,22.92299345952,0.0,-22.92299345952,282.68559302445,True,True
1178,PD,IR,22.92299345952,0.0,-22.92299345952,282.68559302445,True,True
1179,PD,IR,22.92299345952,0.0,-22.92299345952,282.68559302445,True,True
1180,PD,IR,22.92299345952,0.0,-22.92299345952,282.68559302445,True,True
1181,PD,IR,22.92299345952,0.0,-22.92299345952,282.68559302445,True,True
1182,PD,IR,22.92299345952,0.0,-22.92299345952,282.68559302445,True,True
1183,PD,IR,22.92299345952,0.0,-22.92299345952,282.68559302445,True,True
1184,PD,IR,22.92299345952,0.0,-22.92299345952,282.68559302445,True,True
1185,PD,IR,22.92299345952,0.0,-22.92299345952,282.68559302445,True,True
1186,PD,IR,22.92299345952,0.0,-22.92299345952,282.68559302445,True,True
1187,PD,IR,22.92299345952,0.0,-22.92299345952,282.68559302445,True,True
1188,PD,IR,22.92299345952,0.0,-22.92299345952,282.68559302445,True,True
1189,PD,IR,22.92299345952,0.0,-22.92299345952,282.68559302445,True,True
1190,PD,IR,22.92299345952,0.0,-22.92299345952,282.68559302445,True,True
1191,PD,IR,22.92299345952,0.0,-22.92299345952,282.68559302445,True,True
1192,PD,IR,22.92299345952,0.0,-22.92299345952,282.68559302445,True,True
1193,PD,IR,22.92299345952,0.0,-22.92299345952,282.68559302445,True,True
1194,PD,IR,22.92299345952,0.0,-22.92299345952,282.68559302445,True,True
1195,PD,IR,22.92299345952,0.0,-22.92299345952,282.68559302445,True,True
1196,PD,IR,22.92299345952,0.0,-22.92299345952,282.68559302445,True,True
1197,PD,IR,22.92299345952,0.0,-22.92299345952,282.68559302445,True,True
1198,PD,IR,22.92299345952,0.0,-22.92299345952,282.68559302445,True,True
1199,PD,IR,22.92299345952,0.0,-22.92299345952,282.68559302445,True,True
1200,PD,IR,22.92299345952,0.0,-22.92299345952,282.68559302445,True,True
1201,PD,IR,22.92299345952,0.0,-22.92299345952,282.68559302445,True,True
1202,PD,IR,22.92299345952,0.0,-22.92299345952,282.68559302445,True,True
1203,PD,IR,22.92299345952,0.0,-22.92299345952,282.68559302445,True,True
1204,PD,IR,22.92299345952,0.0,-22.92299345952,282.68559302445,True,True
1205,PD,IR,22.92299345952,0.0,-22.92299345952,282.68559302445,True,True
1206,PD,IR,22.92299345952,0.0,-22.92299345952,282.68559302445,True,True
1207,PD,IR,22.92299345952,0.0,-22.92299345952,282.68559302445,True,True
1208,PD,IR,22.92299345952,0.0,-22.92299345952,282.68559302445,True,True
1209,PD,IR,22.92299345952,0.0,-22.92299345952,282.68559302445,True,True
1210,PD,IR,22.92299345952,0.0,-22.92299345952,282.68559302445,True,True
1211,PD,IR,22.92299345952,0.0,-22.92299345952,282.68559302445,True,True
1212,PD,IR,22.92299345952,0.0,-22.92299345952,282.68559302445,True,True
1213,PD,IR,22.92299345952,0.0,-22.92299345952,282.68559302445,True,True
1214,PD,IR,22.92299345952,0.0,-22.92299345952,282.68559302445,True,True
1215,PD,IR,22.92299345952,0.0,-22.92299345952,282.68559302445,True,True
1216,PD,IR,22.92299345952,0.0,-22.92299345952,282.68559302445,True,True
1217,PD,IR,22.92299345952,0.0,-22.92299345952,282.68559302445,True,True
1218,PD,IR,22.92299345952,0.0,-22.92299345952,282.68559302445,True,True
1219,PD,IR,22.92299345952,0.0,-22.92299345952,282.68559302445,True,True
1220,PD,IR,22.92299345952,0.0,-22.92299345952,282.68559302445,True,True
1221,PD,IR,22.92299345952,0.0,-22.92299345952,282.68559302445,True,True
1222,PD,IR,22.92299345952,0.0,-22.92299345952,282.68559302445,True,True
1223,PD,IR,22.92299345952,0.0,-22.92299345952,282.68559302445,True,True
1224,PD,IR,22.92299345952,0.0,-22.92299345952,282.68559302445,True,True
1225,PD,IR,22.92299345952,0.0,-22.92299345952,282.68559302445,True,True
1226,PD,IR,22.92299345952,0.0,-22.92299345952,282.68559302445,True,True
1227,PD,IR,22.92299345952,0.0,-22.92299345952,282.68559302445,True,True
1228,PD,IR,22.92299345952,0.0,-22.92299345952,282.68559302445,True,True
1229,PD,IR,22.92299345952,0.0,-22.92299345952,282.68559302445,True,True
1230,PD,IR,22.92299345952,0.0,-22.92299345952,282.68559302445,True,True
1231,PD,IR,22.92299345952,0.0,-22.92299345952,282.68559302445,True,True
1232,PD,IR,22.92299345952,0.0,-22.92299345952,282.68559302445,True,True
1233,PD,IR,22.92299345952,0.0,-22.92299345952,282.68559302445,True,True
1234,PD,IR,22.92299345952,0.0,-22.92299345952,282.68559302445,True,True
1235,PD,IR,22.92299345952,0.0,-22.92299345952,282.68559302445,True,True
1236,PD,IR,22.92299345952,0.0,-22.92299345952,282.68559302445,True,True
1237,PD,IR,22.92299345952,0.0,-22.92299345952,282.68559302445,True,True
1238,PD,IR,22.92299345952,0.0,-22.92299345952,282.68559302445,True,True
1239,PD,IR,22.92299345952,0.0,-22.92299345952,282.68559302445,True,True
1240,PD,IR,22.92299345952,0.0,-22.92299345952,282.68559302445,True,True
1241,PD,IR,22.92299345952,0.0,-22.92299345952,282.68559302445,True,True
1242,PD,IR,22.92299345952,0.0,-22.92299345952,282.68559302445,True,True
1243,PD,IR,22.92299345952,0.0,-22.92299345952,282.68559302445,True,True
1244,PD,IR,22.92299345952,0.0,-22.92299345952,282.68559302445,True,True
1245,PD,IR,22.92299345952,0.0,-22.92299345952,282.68559302445,True,True
1246,PD,IR,22.92299345952,0.0,-22.92299345952,282.68559302445,True,True
1247,PD,IR,22.92299345952,0.0,-22.92299345952,282.68559302445,True,True
1248,PD,IR,22.92299345952,0.0,-22.92299345952,282.68559302445,True,True
1249,PD,IR,22.92299345952,0.0,-22.92299345952,282.68559302445,True,True
1250,PD,IR,22.92299345952,0.0,-22.92299345952,282.68559302445,True,True
1251,PD,IR,22.92299345952,0.0,-22.92299345952,282.68559302445,True,True
1252,PD,IR,22.92299345952,0.0,-22.92299345952,282.68559302445,True,True
1253,PD,IR,22.92299345952,0.0,-22.92299345952,282.68559302445,True,True
1254,PD,IR,22.92299345952,0.0,-22.92299345952,282.68559302445,True,True
1255,PD,IR,22.92299345952,0.0,-22.92299345952,282.68559302445,True,True
1256,PD,IR,22.92299345952,0.0,-22.92299345952,282.68559302445,True,True
1257,PD,IR,22.92299345952,0.0,-22.92299345952,282.68559302445,True,True
1258,PD,IR,22.92299345952,0.0,-22.92299345952,282.68559302445,True,True
1259,PD,IR,22.92299345952,0.0,-22.92299345952,282.68559302445,True,True
1260,PD,IR,22.92299345952,0.0,-22.92299345952,282.68559302445,True,True
1261,PD,IR,22.92299345952,0.0,-22.92299345952,282.68559302445,True,True
1262,PD,IR,22.92299345952,0.0,-22.92299345952,282.68559302445,True,True
1263,PD,IR,22.92299345952,0.0,-22.92299345952,282.68559302445,True,True
1264,PD,IR,22.92299345952,0.0,-22.92299345952,282.68559302445,True,True
1265,PD,IR,22.92299345952,0.0,-22.92299345952,282.68559302445,True,True
1266,PD,IR,22.92299345952,0.0,-22.92299345952,282.68559302445,True,True
1267,PD,IR,22.92299345952,0.0,-22.92299345952,282.68559302445,True,True
1268,PD,IR,22.92299345952,0.0,-22.92299345952,282.68559302445,True,True
1269,PD,IR,22.92299345952,0.0,-22.92299345952,282.68559302445,True,True
1270,PD,IR,22.92299345952,0.0,-22.92299345952,282.68559302445,True,True
1271,PD,IR,22.92299345952,0.0,-22.92299345952,282.68559302445,True,True
1272,PD,IR,22.92299345952,0.0,-22.92299345952,282.68559302445,True,True
1273,PD,IR,22.92299345952,0.0,-22.92299345952,282.68559302445,True,True
1274,PD,IR,22.92299345952,0.0,-22.92299345952,282.68559302445,True,True
1275,PD,IR,22.92299345952,0.0,-22.92299345952,282.68559302445,True,True
1276,PD,IR,22.92299345952,0.0,-22.92299345952,282.68559302445,True,True
1277,PD,IR,22.92299345952,0.0,-22.92299345952,282.68559302445,True,True
1278,PD,IR,22.92299345952,0.0,-22.92299345952,282.68559302445,True,True
1279,PD,IR,22.92299345952,0.0,-22.92299345952,282.68559302445,True,True
1280,PD,IR,22.92299345952,0.0,-22.92299345952,282.68559302445,True,True
1281,PD,IR,22.92299345952,0.0,-22.92299345952,282.68559302445,True,True
1282,PD,IR,22.92299345952,0.0,-22.92299345952,282.68559302445,True,True
1283,PD,IR,22.92299345952,0.0,-22.92299345952,282.68559302445,True,True
1284,PD,IR,22.92299345952,0.0,-22.92299345952,282.68559302445,True,True
1285,PD,IR,22.92299345952,0.0,-22.92299345952,282.68559302445,True,True
1286,PD,IR,22.92299345952,0.0,-22.92299345952,282.68559302445,True,True
1287,PD,IR,22.92299345952,0.0,-22.92299345952,282.68559302445,True,True
1288,PD,IR,22.92299345952,0.0,-22.92299345952,282.68559302445,True,True
1289,PD,IR,22.92299345952,0.0,-22.92299345952,282.68559302445,True,True
1290,PD,IR,22.92299345952,0.0,-22.92299345952,282.68559302445,True,True
1291,PD,IR,22.92299345952,0.0,-22.92299345952,282.68559302445,True,True
1292,PD,IR,22.92299345952,0.0,-22.92299345952,282.68559302445,True,True
1293,PD,IR,22.92299345952,0.0,-22.92299345952,282.68559302445,True,True
1294,PD,IR,22.92299345952,0.0,-22.92299345952,282.68559302445,True,True
1295,PD,IR,22.92299345952,0.0,-22.92299345952,282.68559302445,True,True
1296,PD,IR,22.92299345952,0.0,-22.92299345952,282.68559302445,True,True
1297,PD,IR,22.92299345952,0.0,-22.92299345952,282.68559302445,True,True
1298,PD,IR,22.92299345952,0.0,-22.92299345952,282.68559302445,True,True
1299,PD,IR,22.92299345952,0.0,-22.92299345952,282.68559302445,True,True
1300,PD,IR,22.92299345952,0.0,-22.92299345952,282.68559302445,True,True
1301,PD,IR,22.92299345952,0.0,-22.92299345952,282.68559302445,True,True
1302,PD,IR,22.92299345952,0.0,-22.92299345952,282.68559302445,True,True
1303,PD,IR,22.92299345952,0.0,-22.92299345952,282.68559302445,True,True
1304,PD,IR,22.92299345952,0.0,-22.92299345952,282.68559302445,True,True
1305,PD,IR,22.92299345952,0.0,-22.92299345952,282.68559302445,True,True
1306,PD,IR,22.92299345952,0.0,-22.92299345952,282.68559302445,True,True
1307,PD,IR,22.92299345952,0.0,-22.92299345952,282.68559302445,True,True
1308,PD,IR,22.92299345952,0.0,-22.92299345952,282.68559302445,True,True
1309,PD,IR,22.92299345952,0.0,-22.92299345952,282.68559302445,True,True
1310,PD,IR,22.92299345952,0.0,-22.92299345952,282.68559302445,True,True
1311,PD,IR,22.92299345952,0.0,-22.92299345952,282.68559302445,True,True
1312,PD,IR,22.92299345952,0.0,-22.92299345952,282.68559302445,True,True
1313,PD,IR,22.92299345952,0.0,-22.92299345952,282.68559302445,True,True
1314,PD,IR,22.92299345952,0.0,-22.92299345952,282.68559302445,True,True
1315,PD,IR,22.92299345952,0.0,-22.92299345952,282.68559302445,True,True
1316,PD,IR,22.92299345952,0.0,-22.92299345952,282.68559302445,True,True
1317,PD,IR,22.92299345952,0.0,-22.92299345952,282.68559302445,True,True
1318,PD,IR,22.92299345952,0.0,-22.92299345952,282.68559302445,True,True
1319,PD,IR,22.92299345952,0.0,-22.92299345952,282.68559302445,True,True
1320,PD,IR,22.92299345952,0.0,-22.92299345952,282.68559302445,True,True
1321,PD,IR,22.92299345952,0.0,-22.92299345952,282.68559302445,True,True
1322,PD,IR,22.92299345952,0.0,-22.92299345952,282.68559302445,True,True
1323,PD,IR,22.92299345952,0.0,-22.92299345952,282.68559302445,True,True
1324,PD,IR,22.92299345952,0.0,-22.92299345952,282.68559302445,True,True
1325,PD,IR,22.92299345952,0.0,-22.92299345952,282.68559302445,True,True
1326,PD,IR,22.92299345952,0.0,-22.92299345952,282.68559302445,True,True
1327,PD,IR,22.92299345952,0.0,-22.92299345952,282.68559302445,True,True
1328,PD,IR,22.92299345952,0.0,-22.92299345952,282.68559302445,True,True
1329,PD,IR,22.92299345952,0.0,-22.92299345952,282.68559302445,True,True
1330,PD,IR,22.92299345952,0.0,-22.92299345952,282.68559302445,True,True
1331,PD,IR,22.92299345952,0.0,-22.92299345952,282.68559302445,True,True
1332,PD,IR,22.92299345952,0.0,-22.92299345952,282.68559302445,True,True
1333,PD,IR,22.92299345952,0.0,-22.92299345952,282.68559302445,True,True
1334,PD,IR,22.92299345952,0.0,-22.92299345952,282.68559302445,True,True
1335,PD,IR,22.92299345952,0.0,-22.92299345952,282.68559302445,True,True
1336,PD,IR,22.92299345952,0.0,-22.92299345952,282.68559302445,True,True
1337,PD,IR,22.92299345952,0.0,-22.92299345952,282.68559302445,True,True
1338,PD,IR,22.92299345952,0.0,-22.92299345952,282.68559302445,True,True
1339,PD,IR,22.92299345952,0.0,-22.92299345952,282.68559302445,True,True
1340,PD,IR,22.92299345952,0.0,-22.92299345952,282.68559302445,True,True
1341,PD,IR,22.92299345952,0.0,-22.92299345952,282.68559302445,True,True
1342,PD,IR,22.92299345952,0.0,-22.92299345952,282.68559302445,True,True
1343,PD,IR,22.92299345952,0.0,-22.92299345952,282.68559302445,True,True
1344,PD,IR,22.92299345952,0.0,-22.92299345952,282.68559302445,True,True
1345,PD,IR,22.92299345952,0.0,-22.92299345952,282.68559302445,True,True
1346,PD,IR,22.92299345952,0.0,-22.92299345952,282.68559302445,True,True
1347,PD,IR,22.92299345952,0.0,-22.92299345952,282.68559302445,True,True
1348,PD,IR,22.92299345952,0.0,-22.92299345952,282.68559302445,True,True
1349,PD,IR,22.92299345952,0.0,-22.92299345952,282.68559302445,True,True
1350,PD,IR,22.92299345952,0.0,-22.92299345952,282.68559302445,True,True
1351,PD,IR,22.92299345952,0.0,-22.92299345952,282.68559302445,True,True
1352,PD,IR,22.92299345952,0.0,-22.92299345952,282.68559302445,True,True
1353,PD,IR,22.92299345952,0.0,-22.92299345952,282.68559302445,True,True
1354,PD,IR,22.92299345952,0.0,-22.92299345952,282.68559302445,True,True
1355,PD,IR,22.92299345952,0.0,-22.92299345952,282.68559302445,True,True
1356,PD,IR,22.92299345952,0.0,-22.92299345952,282.68559302445,True,True
1357,PD,IR,22.92299345952,0.0,-22.92299345952,282.68559302445,True,True
1358,PD,IR,22.92299345952,0.0,-22.92299345952,282.68559302445,True,True
1359,PD,IR,22.92299345952,0.0,-22.92299345952,282.68559302445,True,True
1360,PD,IR,22.92299345952,0.0,-22.92299345952,282.68559302445,True,True
1361,PD,IR,22.92299345952,0.0,-22.92299345952,282.68559302445,True,True
1362,PD,IR,22.92299345952,0.0,-22.92299345952,282.68559302445,True,True
1363,PD,IR,22.92299345952,0.0,-22.92299345952,282.68559302445,True,True
1364,PD,IR,22.92299345952,0.0,-22.92299345952,282.68559302445,True,True
1365,PD,IR,22.92299345952,0.0,-22.92299345952,282.68559302445,True,True
1366,PD,IR,22.92299345952,0.0,-22.92299345952,282.68559302445,True,True
1367,PD,IR,22.92299345952,0.0,-22.92299345952,282.68559302445,True,True
1368,PD,IR,22.92299345952,0.0,-22.92299345952,282.68559302445,True,True
1369,PD,IR,22.92299345952,0.0,-22.92299345952,282.68559302445,True,True
1370,PD,IR,22.92299345952,0.0,-22.92299345952,282.68559302445,True,True
1371,PD,IR,22.92299345952,0.0,-22.92299345952,282.68559302445,True,True
1372,PD,IR,22.92299345952,0.0,-22.92299345952,282.68559302445,True,True
1373,PD,IR,22.92299345952,0.0,-22.92299345952,282.68559302445,True,True
1374,PD,IR,22.92299345952,0.0,-22.92299345952,282.68559302445,True,True
1375,PD,IR,22.92299345952,0.0,-22.92299345952,282.68559302445,True,True
1376,PD,IR,22.92299345952,0.0,-22.92299345952,282.68559302445,True,True
1377,PD,IR,22.92299345952,0.0,-22.92299345952,282.68559302445,True,True
1378,PD,IR,22.92299345952,0.0,-22.92299345952,282.68559302445,True,True
1379,PD,IR,22.92299345952,0.0,-22.92299345952,282.68559302445,True,True
1380,PD,IR,22.92299345952,0.0,-22.92299345952,282.68559302445,True,True
1381,PD,IR,22.92299345952,0.0,-22.92299345952,282.68559302445,True,True
1382,PD,IR,22.92299345952,0.0,-22.92299345952,282.68559302445,True,True
1383,PD,IR,22.92299345952,0.0,-22.92299345952,282.68559302445,True,True
1384,PD,IR,22.92299345952,0.0,-22.92299345952,282.68559302445,True,True
1385,PD,IR,22.92299345952,0.0,-22.92299345952,282.68559302445,True,True
1386,PD,IR,22.92299345952,0.0,-22.92299345952,282.68559302445,True,True
1387,PD,IR,22.92299345952,0.0,-22.92299345952,282.68559302445,True,True
1388,PD,IR,22.92299345952,0.0,-22.92299345952,282.68559302445,True,True
1389,PD,IR,22.92299345952,0.0,-22.92299345952,282.68559302445,True,True
1390,PD,IR,22.92299345952,0.0,-22.92299345952,282.68559302445,True,True
1391,PD,IR,22.92299345952,0.0,-22.92299345952,282.68559302445,True,True
1392,PD,IR,22.92299345952,0.0,-22.92299345952,282.68559302445,True,True
1393,PD,IR,22.92299345952,0.0,-22.92299345952,282.68559302445,True,True
1394,PD,IR,22.92299345952,0.0,-22.92299345952,282.68559302445,True,True
1395,PD,IR,22.92299345952,0.0,-22.92299345952,282.68559302445,True,True
1396,PD,IR,22.92299345952,0.0,-22.92299345952,282.68559302445,True,True
1397,PD,IR,22.92299345952,0.0,-22.92299345952,282.68559302445,True,True
1398,PD,IR,22.92299345952,0.0,-22.92299345952,282.68559302445,True,True
1399,PD,IR,22.92299345952,0.0,-22.92299345952,282.68559302445,True,True
1400,PD,IR,22.92299345952,0.0,-22.92299345952,282.68559302445,True,True
1401,PD,IR,22.92299345952,0.0,-22.92299345952,282.68559302445,True,True
1402,PD,IR,22.92299345952,0.0,-22.92299345952,282.68559302445,True,True
1403,PD,IR,22.92299345952,0.0,-22.92299345952,282.68559302445,True,True
1404,PD,IR,22.92299345952,0.0,-22.92299345952,282.68559302445,True,True
1405,PD,IR,22.92299345952,0.0,-22.92299345952,282.68559302445,True,True
1406,PD,IR,22.92299345952,0.0,-22.92299345952,282.68559302445,True,True
1407,PD,IR,22.92299345952,0.0,-22.92299345952,282.68559302445,True,True
1408,PD,IR,22.92299345952,0.0,-22.92299345952,282.68559302445,True,True
1409,PD,IR,22.92299345952,0.0,-22.92299345952,282.68559302445,True,True
1410,PD,IR,22.92299345952,0.0,-22.92299345952,282.68559302445,True,True
1411,PD,IR,22.92299345952,0.0,-22.92299345952,282.68559302445,True,True
1412,PD,IR,22.92299345952,0.0,-22.92299345952,282.68559302445,True,True
1413,PD,IR,22.92299345952,0.0,-22.92299345952,282.68559302445,True,True
1414,PD,IR,22.92299345952,0.0,-22.92299345952,282.68559302445,True,True
1415,PD,IR,22.92299345952,0.0,-22.92299345952,282.68559302445,True,True
1416,PD,IR,22.92299345952,0.0,-22.92299345952,282.68559302445,True,True
1417,PD,IR,22.92299345952,0.0,-22.92299345952,282.68559302445,True,True
1418,PD,IR,22.92299345952,0.0,-22.92299345952,282.68559302445,True,True
1419,PD,IR,22.92299345952,0.0,-22.92299345952,282.68559302445,True,True
1420,PD,IR,22.92299345952,0.0,-22.92299345952,282.68559302445,True,True
1421,PD,IR,22.92299345952,0.0,-22.92299345952,282.68559302445,True,True
1422,PD,IR,22.92299345952,0.0,-22.92299345952,282.68559302445,True,True
1423,PD,IR,22.92299345952,0.0,-22.92299345952,282.68559302445,True,True
1424,PD,IR,22.92299345952,0.0,-22.92299345952,282.68559302445,True,True
1425,PD,IR,22.92299345952,0.0,-22.92299345952,282.68559302445,True,True
1426,PD,IR,22.92299345952,0.0,-22.92299345952,282.68559302445,True,True
1427,PD,IR,22.92299345952,0.0,-22.92299345952,282.68559302445,True,True
1428,PD,IR,22.92299345952,0.0,-22.92299345952,282.68559302445,True,True
1429,PD,IR,22.92299345952,0.0,-22.92299345952,282.68559302445,True,True
1430,PD,IR,22.92299345952,0.0,-22.92299345952,282.68559302445,True,True
1431,PD,IR,22.92299345952,0.0,-22.92299345952,282.68559302445,True,True
1432,PD,IR,22.92299345952,0.0,-22.92299345952,282.68559302445,True,True
1433,PD,IR,22.92299345952,0.0,-22.92299345952,282.68559302445,True,True
1434,PD,IR,22.92299345952,0.0,-22.92299345952,282.68559302445,True,True
1435,PD,IR,22.92299345952,0.0,-22.92299345952,282.68559302445,True,True
1436,PD,IR,22.92299345952,0.0,-22.92299345952,282.68559302445,True,True
1437,PD,IR,22.92299345952,0.0,-22.92299345952,282.68559302445,True,True
1438,PD,IR,22.92299345952,0.0,-22.92299345952,282.68559302445,True,True
1439,PD,IR,22.92299345952,0.0,-22.92299345952,282.68559302445,True,True
1440,PD,IR,22.92299345952,0.0,-22.92299345952,282.68559302445,True,True
1441,PD,IR,22.92299345952,0.0,-22.92299345952,282.68559302445,True,True
1442,PD,IR,22.92299345952,0.0,-22.92299345952,282.68559302445,True,True
1443,PD,IR,22.92299345952,0.0,-22.92299345952,282.68559302445,True,True
1444,PD,IR,22.92299345952,0.0,-22.92299345952,282.68559302445,True,True
1445,PD,IR,22.92299345952,0.0,-22.92299345952,282.68559302445,True,True
1446,PD,IR,22.92299345952,0.0,-22.92299345952,282.68559302445,True,True
1447,PD,IR,22.92299345952,0.0,-22.92299345952,282.68559302445,True,True
1448,PD,IR,22.92299345952,0.0,-22.92299345952,282.68559302445,True,True
1449,PD,IR,22.92299345952,0.0,-22.92299345952,282.68559302445,True,True
1450,PD,IR,22.92299345952,0.0,-22.92299345952,282.68559302445,True,True
1451,PD,IR,22.92299345952,0.0,-22.92299345952,282.68559302445,True,True
1452,PD,IR,22.92299345952,0.0,-22.92299345952,282.68559302445,True,True
1453,PD,IR,22.92299345952,0.0,-22.92299345952,282.68559302445,True,True
1454,PD,IR,22.92299345952,0.0,-22.92299345952,282.68559302445,True,True
1455,PD,IR,22.92299345952,0.0,-22.92299345952,282.68559302445,True,True
1456,PD,IR,22.92299345952,0.0,-22.92299345952,282.68559302445,True,True
1457,PD,IR,22.92299345952,0.0,-22.92299345952,282.68559302445,True,True
1458,PD,IR,22.92299345952,0.0,-22.92299345952,282.68559302445,True,True
1459,PD,IR,22.92299345952,0.0,-22.92299345952,282.68559302445,True,True
1460,PD,IR,22.92299345952,0.0,-22.92299345952,282.68559302445,True,True
1461,PD,IR,22.92299345952,0.0,-22.92299345952,282.68559302445,True,True
1462,PD,IR,22.92299345952,0.0,-22.92299345952,282.68559302445,True,True
1463,PD,IR,22.92299345952,0.0,-22.92299345952,282.68559302445,True,True
1464,PD,IR,22.92299345952,0.0,-22.92299345952,282.68559302445,True,True
1465,PD,IR,22.92299345952,0.0,-22.92299345952,282.68559302445,True,True
1466,PD,IR,22.92299345952,0.0,-22.92299345952,282.68559302445,True,True
1467,PD,IR,22.92299345952,0.0,-22.92299345952,282.68559302445,True,True
1468,PD,IR,22.92299345952,0.0,-22.92299345952,282.68559302445,True,True
1469,PD,IR,22.92299345952,0.0,-22.92299345952,282.68559302445,True,True
1470,PD,IR,22.92299345952,0.0,-22.92299345952,282.68559302445,True,True
1471,PD,IR,22.92299345952,0.0,-22.92299345952,282.68559302445,True,True
1472,PD,IR,22.92299345952,0.0,-22.92299345952,282.68559302445,True,True
1473,PD,IR,22.92299345952,0.0,-22.92299345952,282.68559302445,True,True
1474,PD,IR,22.92299345952,0.0,-22.92299345952,282.68559302445,True,True
1475,PD,IR,22.92299345952,0.0,-22.92299345952,282.68559302445,True,True
1476,PD,IR,22.92299345952,0.0,-22.92299345952,282.68559302445,True,True
1477,PD,IR,22.92299345952,0.0,-22.92299345952,282.68559302445,True,True
1478,PD,IR,22.92299345952,0.0,-22.92299345952,282.68559302445,True,True
1479,PD,IR,22.92299345952,0.0,-22.92299345952,282.68559302445,True,True
1480,PD,IR,22.92299345952,0.0,-22.92299345952,282.68559302445,True,True
1481,PD,IR,22.92299345952,0.0,-22.92299345952,282.68559302445,True,True
1482,PD,IR,22.92299345952,0.0,-22.92299345952,282.68559302445,True,True
1483,PD,IR,22.92299345952,0.0,-22.92299345952,282.68559302445,True,True
1484,PD,IR,22.92299345952,0.0,-22.92299345952,282.68559302445,True,True
1485,PD,IR,22.92299345952,0.0,-22.92299345952,282.68559302445,True,True
1486,PD,IR,22.92299345952,0.0,-22.92299345952,282.68559302445,True,True
1487,PD,IR,22.92299345952,0.0,-22.92299345952,282.68559302445,True,True
1488,PD,IR,22.92299345952,0.0,-22.92299345952,282.68559302445,True,True
1489,PD,IR,22.92299345952,0.0,-22.92299345952,282.68559302445,True,True
1490,PD,IR,22.92299345952,0.0,-22.92299345952,282.68559302445,True,True
1491,PD,IR,22.92299345952,0.0,-22.92299345952,282.68559302445,True,True
1492,PD,IR,22.92299345952,0.0,-22.92299345952,282.68559302445,True,True
1493,PD,IR,22.92299345952,0.0,-22.92299345952,282.68559302445,True,True
1494,PD,IR,22.92299345952,0.0,-22.92299345952,282.68559302445,True,True
1495,PD,IR,22.92299345952,0.0,-22.92299345952,282.68559302445,True,True
1496,PD,IR,22.92299345952,0.0,-22.92299345952,282.68559302445,True,True
1497,PD,IR,22.92299345952,0.0,-22.92299345952,282.68559302445,True,True
1498,PD,IR,22.92299345952,0.0,-22.92299345952,282.68559302445,True,True
1499,PD,IR,22.92299345952,0.0,-22.92299345952,282.68559302445,True,True
1500,PD,IR,22.92299345952,0.0,-22.92299345952,282.68559302445,True,True
1501,PD,IR,22.92299345952,0.0,-22.92299345952,282.68559302445,True,True
1502,PD,IR,22.92299345952,0.0,-22.92299345952,282.68559302445,True,True
1503,PD,IR,22.92299345952,0.0,-22.92299345952,282.68559302445,True,True
1504,PD,IR,22.92299345952,0.0,-22.92299345952,282.68559302445,True,True
1505,PD,IR,22.92299345952,0.0,-22.92299345952,282.68559302445,True,True
1506,PD,IR,22.92299345952,0.0,-22.92299345952,282.68559302445,True,True
1507,PD,IR,22.92299345952,0.0,-22.92299345952,282.68559302445,True,True
1508,PD,IR,22.92299345952,0.0,-22.92299345952,282.68559302445,True,True
1509,PD,IR,22.92299345952,0.0,-22.92299345952,282.68559302445,True,True
1510,PD,IR,22.92299345952,0.0,-22.92299345952,282.68559302445,True,True
1511,PD,IR,22.92299345952,0.0,-22.92299345952,282.68559302445,True,True
1512,PD,IR,22.92299345952,0.0,-22.92299345952,282.68559302445,True,True
1513,PD,IR,22.92299345952,0.0,-22.92299345952,282.68559302445,True,True
1514,PD,IR,22.92299345952,0.0,-22.92299345952,282.68559302445,True,True
1515,PD,IR,22.92299345952,0.0,-22.92299345952,282.68559302445,True,True
1516,PD,IR,22.92299345952,0.0,-22.92299345952,282.68559302445,True,True
1517,PD,IR,22.92299345952,0.0,-22.92299345952,282.68559302445,True,True
1518,PD,IR,22.92299345952,0.0,-22.92299345952,282.68559302445,True,True
1519,PD,IR,22.92299345952,0.0,-22.92299345952,282.68559302445,True,True
1520,PD,IR,22.92299345952,0.0,-22.92299345952,282.68559302445,True,True
1521,PD,IR,22.92299345952,0.0,-22.92299345952,282.68559302445,True,True
1522,PD,IR,22.92299345952,0.0,-22.92299345952,282.68559302445,True,True
1523,PD,IR,22.92299345952,0.0,-22.92299345952,282.68559302445,True,True
1524,PD,IR,22.92299345952,0.0,-22.92299345952,282.68559302445,True,True
1525,PD,IR,22.92299345952,0.0,-22.92299345952,282.68559302445,True,True
1526,PD,IR,22.92299345952,0.0,-22.92299345952,282.68559302445,True,True
1527,PD,IR,22.92299345952,0.0,-22.92299345952,282.68559302445,True,True
1528,PD,IR,22.92299345952,0.0,-22.92299345952,282.68559302445,True,True
1529,PD,IR,22.92299345952,0.0,-22.92299345952,282.68559302445,True,True
1530,PD,IR,22.92299345952,0.0,-22.92299345952,282.68559302445,True,True
1531,PD,IR,22.92299345952,0.0,-22.92299345952,282.68559302445,True,True
1532,PD,IR,22.92299345952,0.0,-22.92299345952,282.68559302445,True,True
1533,PD,IR,22.92299345952,0.0,-22.92299345952,282.68559302445,True,True
1534,PD,IR,22.92299345952,0.0,-22.92299345952,282.68559302445,True,True
1535,PD,IR,22.92299345952,0.0,-22.92299345952,282.68559302445,True,True
1536,PD,IR,22.92299345952,0.0,-22.92299345952,282.68559302445,True,True
1537,PD,IR,22.92299345952,0.0,-22.92299345952,282.68559302445,True,True
1538,PD,IR,22.92299345952,0.0,-22.92299345952,282.68559302445,True,True
1539,PD,IR,22.92299345952,0.0,-22.92299345952,282.68559302445,True,True
1540,PD,IR,22.92299345952,0.0,-22.92299345952,282.68559302445,True,True
1541,PD,IR,22.92299345952,0.0,-22.92299345952,282.68559302445,True,True
1542,PD,IR,22.92299345952,0.0,-22.92299345952,282.68559302445,True,True
1543,PD,IR,22.92299345952,0.0,-22.92299345952,282.68559302445,True,True
1544,PD,IR,22.92299345952,0.0,-22.92299345952,282.68559302445,True,True
1545,PD,IR,22.92299345952,0.0,-22.92299345952,282.68559302445,True,True
1546,PD,IR,22.92299345952,0.0,-22.92299345952,282.68559302445,True,True
1547,PD,IR,22.92299345952,0.0,-22.92299345952,282.68559302445,True,True
1548,PD,IR,22.92299345952,0.0,-22.92299345952,282.68559302445,True,True
1549,PD,IR,22.92299345952,0.0,-22.92299345952,282.68559302445,True,True
1550,PD,IR,22.92299345952,0.0,-22.92299345952,282.68559302445,True,True
1551,PD,IR,22.92299345952,0.0,-22.92299345952,282.68559302445,True,True
1552,PD,IR,22.92299345952,0.0,-22.92299345952,282.68559302445,True,True
1553,PD,IR,22.92299345952,0.0,-22.92299345952,282.68559302445,True,True
1554,PD,IR,22.92299345952,0.0,-22.92299345952,282.68559302445,True,True
1555,PD,IR,22.92299345952,0.0,-22.92299345952,282.68559302445,True,True
1556,PD,IR,22.92299345952,0.0,-22.92299345952,282.68559302445,True,True
1557,PD,IR,22.92299345952,0.0,-22.92299345952,282.68559302445,True,True
1558,PD,IR,22.92299345952,0.0,-22.92299345952,282.68559302445,True,True
1559,PD,IR,22.92299345952,0.0,-22.92299345952,282.68559302445,True,True
1560,PD,IR,22.92299345952,0.0,-22.92299345952,282.68559302445,True,True
1561,PD,IR,22.92299345952,0.0,-22.92299345952,282.68559302445,True,True
1562,PD,IR,22.92299345952,0.0,-22.92299345952,282.68559302445,True,True
1563,PD,IR,22.92299345952,0.0,-22.92299345952,282.68559302445,True,True
1564,PD,IR,22.92299345952,0.0,-22.92299345952,282.68559302445,True,True
1565,PD,IR,22.92299345952,0.0,-22.92299345952,282.68559302445,True,True
1566,PD,IR,22.92299345952,0.0,-22.92299345952,282.68559302445,True,True
1567,PD,IR,22.92299345952,0.0,-22.92299345952,282.68559302445,True,True
1568,PD,IR,22.92299345952,0.0,-22.92299345952,282.68559302445,True,True
1569,PD,IR,22.92299345952,0.0,-22.92299345952,282.68559302445,True,True
1570,PD,IR,22.92299345952,0.0,-22.92299345952,282.68559302445,True,True
1571,PD,IR,22.92299345952,0.0,-22.92299345952,282.68559302445,True,True
1572,PD,IR,22.92299345952,0.0,-22.92299345952,282.68559302445,True,True
1573,PD,IR,22.92299345952,0.0,-22.92299345952,282.68559302445,True,True
1574,PD,IR,22.92299345952,0.0,-22.92299345952,282.68559302445,True,True
1575,PD,IR,22.92299345952,0.0,-22.92299345952,282.68559302445,True,True
1576,PD,IR,22.92299345952,0.0,-22.92299345952,282.68559302445,True,True
1577,PD,IR,22.92299345952,0.0,-22.92299345952,282.68559302445,True,True
1578,PD,IR,22.92299345952,0.0,-22.92299345952,282.68559302445,True,True
1579,PD,IR,22.92299345952,0.0,-22.92299345952,282.68559302445,True,True
1580,PD,IR,22.92299345952,0.0,-22.92299345952,282.68559302445,True,True
1581,PD,IR,22.92299345952,0.0,-22.92299345952,282.68559302445,True,True
1582,PD,IR,22.92299345952,0.0,-22.92299345952,282.68559302445,True,True
1583,PD,IR,22.92299345952,0.0,-22.92299345952,282.68559302445,True,True
1584,PD,IR,22.92299345952,0.0,-22.92299345952,282.68559302445,True,True
1585,PD,IR,22.92299345952,0.0,-22.92299345952,282.68559302445,True,True
1586,PD,IR,22.92299345952,0.0,-22.92299345952,282.68559302445,True,True
1587,PD,IR,22.92299345952,0.0,-22.92299345952,282.68559302445,True,True
1588,PD,IR,22.92299345952,0.0,-22.92299345952,282.68559302445,True,True
1589,PD,IR,22.92299345952,0.0,-22.92299345952,282.68559302445,True,True
1590,PD,IR,22.92299345952,0.0,-22.92299345952,282.68559302445,True,True
1591,PD,IR,22.92299345952,0.0,-22.92299345952,282.68559302445,True,True
1592,PD,IR,22.92299345952,0.0,-22.92299345952,282.68559302445,True,True
1593,PD,IR,22.92299345952,0.0,-22.92299345952,282.68559302445,True,True
1594,PD,IR,22.92299345952,0.0,-22.92299345952,282.68559302445,True,True
1595,PD,IR,22.92299345952,0.0,-22.92299345952,282.68559302445,True,True
1596,PD,IR,22.92299345952,0.0,-22.92299345952,282.68559302445,True,True
1597,PD,IR,22.92299345952,0.0,-22.92299345952,282.68559302445,True,True
1598,PD,IR,22.92299345952,0.0,-22.92299345952,282.68559302445,True,True
1599,PD,IR,22.92299345952,0.0,-22.92299345952,282.68559302445,True,True
1600,PD,IR,22.92299345952,0.0,-22.92299345952,282.68559302445,True,True
1601,PD,IR,22.92299345952,0.0,-22.92299345952,282.68559302445,True,True
1602,PD,IR,22.92299345952,0.0,-22.92299345952,282.68559302445,True,True
1603,PD,IR,22.92299345952,0.0,-22.92299345952,282.68559302445,True,True
1604,PD,IR,22.92299345952,0.0,-22.92299345952,282.68559302445,True,True
1605,PD,IR,22.92299345952,0.0,-22.92299345952,282.68559302445,True,True
1606,PD,IR,22.92299345952,0.0,-22.92299345952,282.68559302445,True,True
1607,PD,IR,22.92299345952,0.0,-22.92299345952,282.68559302445,True,True
1608,PD,IR,22.92299345952,0.0,-22.92299345952,282.68559302445,True,True
1609,PD,IR,22.92299345952,0.0,-22.92299345952,282.68559302445,True,True
1610,PD,IR,22.92299345952,0.0,-22.92299345952,282.68559302445,True,True
1611,PD,IR,22.92299345952,0.0,-22.92299345952,282.68559302445,True,True
1612,PD,IR,22.92299345952,0.0,-22.92299345952,282.68559302445,True,True
1613,PD,IR,22.92299345952,0.0,-22.92299345952,282.68559302445,True,True
1614,PD,IR,22.92299345952,0.0,-22.92299345952,282.68559302445,True,True
1615,PD,IR,22.92299345952,0.0,-22.92299345952,282.68559302445,True,True
1616,PD,IR,22.92299345952,0.0,-22.92299345952,282.68559302445,True,True
1617,PD,IR,22.92299345952,0.0,-22.92299345952,282.68559302445,True,True
1618,PD,IR,22.92299345952,0.0,-22.92299345952,282.68559302445,True,True
1619,PD,IR,22.92299345952,0.0,-22.92299345952,282.68559302445,True,True
1620,PD,IR,22.92299345952,0.0,-22.92299345952,282.68559302445,True,True
1621,PD,IR,22.92299345952,0.0,-22.92299345952,282.68559302445,True,True
1622,PD,IR,22.92299345952,0.0,-22.92299345952,282.68559302445,True,True
1623,PD,IR,22.92299345952,0.0,-22.92299345952,282.68559302445,True,True
1624,PD,IR,22.92299345952,0.0,-22.92299345952,282.68559302445,True,True
1625,PD,IR,22.92299345952,0.0,-22.92299345952,282.68559302445,True,True
1626,PD,IR,22.92299345952,0.0,-22.92299345952,282.68559302445,True,True
1627,PD,IR,22.92299345952,0.0,-22.92299345952,282.68559302445,True,True
1628,PD,IR,22.92299345952,0.0,-22.92299345952,282.68559302445,True,True
1629,PD,IR,22.92299345952,0.0,-22.92299345952,282.68559302445,True,True
1630,PD,IR,22.92299345952,0.0,-22.92299345952,282.68559302445,True,True
1631,PD,IR,22.92299345952,0.0,-22.92299345952,282.68559302445,True,True
1632,PD,IR,22.92299345952,0.0,-22.92299345952,282.68559302445,True,True
1633,PD,IR,22.92299345952,0.0,-22.92299345952,282.68559302445,True,True
1634,PD,IR,22.92299345952,0.0,-22.92299345952,282.68559302445,True,True
1635,PD,IR,22.92299345952,0.0,-22.92299345952,282.68559302445,True,True
1636,PD,IR,22.92299345952,0.0,-22.92299345952,282.68559302445,True,True
1637,PD,IR,22.92299345952,0.0,-22.92299345952,282.68559302445,True,True
1638,PD,IR,22.92299345952,0.0,-22.92299345952,282.68559302445,True,True
1639,PD,IR,22.92299345952,0.0,-22.92299345952,282.68559302445,True,True
1640,PD,IR,22.92299345952,0.0,-22.92299345952,282.68559302445,True,True
1641,PD,IR,22.92299345952,0.0,-22.92299345952,282.68559302445,True,True
1642,PD,IR,22.92299345952,0.0,-22.92299345952,282.68559302445,True,True
1643,PD,IR,22.92299345952,0.0,-22.92299345952,282.68559302445,True,True
1644,PD,IR,22.92299345952,0.0,-22.92299345952,282.68559302445,True,True
1645,PD,IR,22.92299345952,0.0,-22.92299345952,282.68559302445,True,True
1646,PD,IR,22.92299345952,0.0,-22.92299345952,282.68559302445,True,True
1647,PD,IR,22.92299345952,0.0,-22.92299345952,282.68559302445,True,True
1648,PD,IR,22.92299345952,0.0,-22.92299345952,282.68559302445,True,True
1649,PD,IR,22.92299345952,0.0,-22.92299345952,282.68559302445,True,True
1650,PD,IR,22.92299345952,0.0,-22.92299345952,282.68559302445,True,True
1651,PD,IR,22.92299345952,0.0,-22.92299345952,282.68559302445,True,True
1652,PD,IR,22.92299345952,0.0,-22.92299345952,282.68559302445,True,True
1653,PD,IR,22.92299345952,0.0,-22.92299345952,282.68559302445,True,True
1654,PD,IR,22.92299345952,0.0,-22.92299345952,282.68559302445,True,True
1655,PD,IR,22.92299345952,0.0,-22.92299345952,282.68559302445,True,True
1656,PD,IR,22.92299345952,0.0,-22.92299345952,282.68559302445,True,True
1657,PD,IR,22.92299345952,0.0,-22.92299345952,282.68559302445,True,True
1658,PD,IR,22.92299345952,0.0,-22.92299345952,282.68559302445,True,True
1659,PD,IR,22.92299345952,0.0,-22.92299345952,282.68559302445,True,True
1660,PD,IR,22.92299345952,0.0,-22.92299345952,282.68559302445,True,True
1661,PD,IR,22.92299345952,0.0,-22.92299345952,282.68559302445,True,True
1662,PD,IR,22.92299345952,0.0,-22.92299345952,282.68559302445,True,True
1663,PD,IR,22.92299345952,0.0,-22.92299345952,282.68559302445,True,True
1664,PD,IR,22.92299345952,0.0,-22.92299345952,282.68559302445,True,True
1665,PD,IR,22.92299345952,0.0,-22.92299345952,282.68559302445,True,True
1666,PD,IR,22.92299345952,0.0,-22.92299345952,282.68559302445,True,True
1667,PD,IR,22.92299345952,0.0,-22.92299345952,282.68559302445,True,True
1668,PD,IR,22.92299345952,0.0,-22.92299345952,282.68559302445,True,True
1669,PD,IR,22.92299345952,0.0,-22.92299345952,282.68559302445,True,True
1670,PD,IR,22.92299345952,0.0,-22.92299345952,282.68559302445,True,True
1671,PD,IR,22.92299345952,0.0,-22.92299345952,282.68559302445,True,True
1672,PD,IR,22.92299345952,0.0,-22.92299345952,282.68559302445,True,True
1673,PD,IR,22.92299345952,0.0,-22.92299345952,282.68559302445,True,True
1674,PD,IR,22.92299345952,0.0,-22.92299345952,282.68559302445,True,True
1675,PD,IR,22.92299345952,0.0,-22.92299345952,282.68559302445,True,True
1676,PD,IR,22.92299345952,0.0,-22.92299345952,282.68559302445,True,True
1677,PD,IR,22.92299345952,0.0,-22.92299345952,282.68559302445,True,True
1678,PD,IR,22.92299345952,0.0,-22.92299345952,282.68559302445,True,True
1679,PD,IR,22.92299345952,0.0,-22.92299345952,282.68559302445,True,True
1680,PD,IR,22.92299345952,0.0,-22.92299345952,282.68559302445,True,True
1681,PD,IR,22.92299345952,0.0,-22.92299345952,282.68559302445,True,True
1682,PD,IR,22.92299345952,0.0,-22.92299345952,282.68559302445,True,True
1683,PD,IR,22.92299345952,0.0,-22.92299345952,282.68559302445,True,True
1684,PD,IR,22.92299345952,0.0,-22.92299345952,282.68559302445,True,True
1685,PD,IR,22.92299345952,0.0,-22.92299345952,282.68559302445,True,True
1686,PD,IR,22.92299345952,0.0,-22.92299345952,282.68559302445,True,True
1687,PD,IR,22.92299345952,0.0,-22.92299345952,282.68559302445,True,True
1688,PD,IR,22.92299345952,0.0,-22.92299345952,282.68559302445,True,True
1689,PD,IR,22.92299345952,0.0,-22.92299345952,282.68559302445,True,True
1690,PD,IR,22.92299345952,0.0,-22.92299345952,282.68559302445,True,True
1691,PD,IR,22.92299345952,0.0,-22.92299345952,282.68559302445,True,True
1692,PD,IR,22.92299345952,0.0,-22.92299345952,282.68559302445,True,True
1693,PD,IR,22.92299345952,0.0,-22.92299345952,282.68559302445,True,True
1694,PD,IR,22.92299345952,0.0,-22.92299345952,282.68559302445,True,True
1695,PD,IR,22.92299345952,0.0,-22.92299345952,282.68559302445,True,True
1696,PD,IR,22.92299345952,0.0,-22.92299345952,282.68559302445,True,True
1697,PD,IR,22.92299345952,0.0,-22.92299345952,282.68559302445,True,True
1698,PD,IR,22.92299345952,0.0,-22.92299345952,282.68559302445,True,True
1699,PD,IR,22.92299345952,0.0,-22.92299345952,282.68559302445,True,True
1700,PD,IR,22.92299345952,0.0,-22.92299345952,282.68559302445,True,True
1701,PD,IR,22.92299345952,0.0,-22.92299345952,282.68559302445,True,True
1702,PD,IR,22.92299345952,0.0,-22.92299345952,282.68559302445,True,True
1703,PD,IR,22.92299345952,0.0,-22.92299345952,282.68559302445,True,True
1704,PD,IR,22.92299345952,0.0,-22.92299345952,282.68559302445,True,True
1705,PD,IR,22.92299345952,0.0,-22.92299345952,282.68559302445,True,True
1706,PD,IR,22.92299345952,0.0,-22.92299345952,282.68559302445,True,True
1707,PD,IR,22.92299345952,0.0,-22.92299345952,282.68559302445,True,True
1708,PD,IR,22.92299345952,0.0,-22.92299345952,282.68559302445,True,True
1709,PD,IR,22.92299345952,0.0,-22.92299345952,282.68559302445,True,True
1710,PD,IR,22.92299345952,0.0,-22.92299345952,282.68559302445,True,True
1711,PD,IR,22.92299345952,0.0,-22.92299345952,282.68559302445,True,True
1712,PD,IR,22.92299345952,0.0,-22.92299345952,282.68559302445,True,True
1713,PD,IR,22.92299345952,0.0,-22.92299345952,282.68559302445,True,True
1714,PD,IR,22.92299345952,0.0,-22.92299345952,282.68559302445,True,True
1715,PD,IR,22.92299345952,0.0,-22.92299345952,282.68559302445,True,True
1716,PD,IR,22.92299345952,0.0,-22.92299345952,282.68559302445,True,True
1717,PD,IR,22.92299345952,0.0,-22.92299345952,282.68559302445,True,True
1718,PD,IR,22.92299345952,0.0,-22.92299345952,282.68559302445,True,True
1719,PD,IR,22.92299345952,0.0,-22.92299345952,282.68559302445,True,True
1720,PD,IR,22.92299345952,0.0,-22.92299345952,282.68559302445,True,True
1721,PD,IR,22.92299345952,0.0,-22.92299345952,282.68559302445,True,True
1722,PD,IR,22.92299345952,0.0,-22.92299345952,282.68559302445,True,True
1723,PD,IR,22.92299345952,0.0,-22.92299345952,282.68559302445,True,True
1724,PD,IR,22.92299345952,0.0,-22.92299345952,282.68559302445,True,True
1725,PD,IR,22.92299345952,0.0,-22.92299345952,282.68559302445,True,True
1726,PD,IR,22.92299345952,0.0,-22.92299345952,282.68559302445,True,True
1727,PD,IR,22.92299345952,0.0,-22.92299345952,282.68559302445,True,True
1728,PD,IR,22.92299345952,0.0,-22.92299345952,282.68559302445,True,True
1729,PD,IR,22.92299345952,0.0,-22.92299345952,282.68559302445,True,True
1730,PD,IR,22.92299345952,0.0,-22.92299345952,282.68559302445,True,True
1731,PD,IR,22.92299345952,0.0,-22.92299345952,282.68559302445,True,True
1732,PD,IR,22.92299345952,0.0,-22.92299345952,282.68559302445,True,True
1733,PD,IR,22.92299345952,0.0,-22.92299345952,282.68559302445,True,True
1734,PD,IR,22.92299345952,0.0,-22.92299345952,282.68559302445,True,True
1735,PD,IR,22.92299345952,0.0,-22.92299345952,282.68559302445,True,True
1736,PD,IR,22.92299345952,0.0,-22.92299345952,282.68559302445,True,True
1737,PD,IR,22.92299345952,0.0,-22.92299345952,282.68559302445,True,True
1738,PD,IR,22.92299345952,0.0,-22.92299345952,282.68559302445,True,True
1739,PD,IR,22.92299345952,0.0,-22.92299345952,282.68559302445,True,True
1740,PD,IR,22.92299345952,0.0,-22.92299345952,282.68559302445,True,True
1741,PD,IR,22.92299345952,0.0,-22.92299345952,282.68559302445,True,True
1742,PD,IR,22.92299345952,0.0,-22.92299345952,282.68559302445,True,True
1743,PD,IR,22.92299345952,0.0,-22.92299345952,282.68559302445,True,True
1744,PD,IR,22.92299345952,0.0,-22.92299345952,282.68559302445,True,True
1745,PD,IR,22.92299345952,0.0,-22.92299345952,282.68559302445,True,True
1746,PD,IR,22.92299345952,0.0,-22.92299345952,282.68559302445,True,True
1747,PD,IR,22.92299345952,0.0,-22.92299345952,282.68559302445,True,True
1748,PD,IR,22.92299345952,0.0,-22.92299345952,282.68559302445,True,True
1749,PD,IR,22.92299345952,0.0,-22.92299345952,282.68559302445,True,True
1750,PD,IR,22.92299345952,0.0,-22.92299345952,282.68559302445,True,True
1751,PD,IR,22.92299345952,0.0,-22.92299345952,282.68559302445,True,True
1752,PD,IR,22.92299345952,0.0,-22.92299345952,282.68559302445,True,True
1753,PD,IR,22.92299345952,0.0,-22.92299345952,282.68559302445,True,True
1754,PD,IR,22.92299345952,0.0,-22.92299345952,282.68559302445,True,True
1755,PD,IR,22.92299345952,0.0,-22.92299345952,282.68559302445,True,True
1756,PD,IR,22.92299345952,0.0,-22.92299345952,282.68559302445,True,True
1757,PD,IR,22.92299345952,0.0,-22.92299345952,282.68559302445,True,True
1758,PD,IR,22.92299345952,0.0,-22.92299345952,282.68559302445,True,True
1759,PD,IR,22.92299345952,0.0,-22.92299345952,282.68559302445,True,True
1760,PD,IR,22.92299345952,0.0,-22.92299345952,282.68559302445,True,True
1761,PD,IR,22.92299345952,0.0,-22.92299345952,282.68559302445,True,True
1762,PD,IR,22.92299345952,0.0,-22.92299345952,282.68559302445,True,True
1763,PD,IR,22.92299345952,0.0,-22.92299345952,282.68559302445,True,True
1764,PD,IR,22.92299345952,0.0,-22.92299345952,282.68559302445,True,True
1765,PD,IR,22.92299345952,0.0,-22.92299345952,282.68559302445,True,True
1766,PD,IR,22.92299345952,0.0,-22.92299345952,282.68559302445,True,True
1767,PD,IR,22.92299345952,0.0,-22.92299345952,282.68559302445,True,True
1768,PD,IR,22.92299345952,0.0,-22.92299345952,282.68559302445,True,True
1769,PD,IR,22.92299345952,0.0,-22.92299345952,282.68559302445,True,True
1770,PD,IR,22.92299345952,0.0,-22.92299345952,282.68559302445,True,True
1771,PD,IR,22.92299345952,0.0,-22.92299345952,282.68559302445,True,True
1772,PD,IR,22.92299345952,0.0,-22.92299345952,282.68559302445,True,True
1773,PD,IR,22.92299345952,0.0,-22.92299345952,282.68559302445,True,True
1774,PD,IR,22.92299345952,0.0,-22.92299345952,282.68559302445,True,True
1775,PD,IR,22.92299345952,0.0,-22.92299345952,282.68559302445,True,True
1776,PD,IR,22.92299345952,0.0,-22.92299345952,282.68559302445,True,True
1777,PD,IR,22.92299345952,0.0,-22.92299345952,282.68559302445,True,True
1778,PD,IR,22.92299345952,0.0,-22.92299345952,282.68559302445,True,True
1779,PD,IR,22.92299345952,0.0,-22.92299345952,282.68559302445,True,True
1780,PD,IR,22.92299345952,0.0,-22.92299345952,282.68559302445,True,True
1781,PD,IR,22.92299345952,0.0,-22.92299345952,282.68559302445,True,True
1782,PD,IR,22.92299345952,0.0,-22.92299345952,282.68559302445,True,True
1783,PD,IR,22.92299345952,0.0,-22.92299345952,282.68559302445,True,True
1784,PD,IR,22.92299345952,0.0,-22.92299345952,282.68559302445,True,True
1785,PD,IR,22.92299345952,0.0,-22.92299345952,282.68559302445,True,True
1786,PD,IR,22.92299345952,0.0,-22.92299345952,282.68559302445,True,True
1787,PD,IR,22.92299345952,0.0,-22.92299345952,282.68559302445,True,True
1788,PD,IR,22.92299345952,0.0,-22.92299345952,282.68559302445,True,True
1789,PD,IR,22.92299345952,0.0,-22.92299345952,282.68559302445,True,True
1790,PD,IR,22.92299345952,0.0,-22.92299345952,282.68559302445,True,True
1791,PD,IR,22.92299345952,0.0,-22.92299345952,282.68559302445,True,True
1792,PD,IR,22.92299345952,0.0,-22.92299345952,282.68559302445,True,True
1793,PD,IR,22.92299345952,0.0,-22.92299345952,282.68559302445,True,True
1794,PD,IR,22.92299345952,0.0,-22.92299345952,282.68559302445,True,True
1795,PD,IR,22.92299345952,0.0,-22.92299345952,282.68559302445,True,True
1796,PD,IR,22.92299345952,0.0,-22.92299345952,282.68559302445,True,True
1797,PD,IR,22.92299345952,0.0,-22.92299345952,282.68559302445,True,True
1798,PD,IR,22.92299345952,0.0,-22.92299345952,282.68559302445,True,True
1799,PD,IR,22.92299345952,0.0,-22.92299345952,282.68559302445,True,True
1800,PD,IR,22.92299345952,0.0,-22.92299345952,282.68559302445,True,True
1801,PD,IR,22.92299345952,0.0,-22.92299345952,282.68559302445,True,True
1802,PD,IR,22.92299345952,0.0,-22.92299345952,282.68559302445,True,True
1803,PD,IR,22.92299345952,0.0,-22.92299345952,282.68559302445,True,True
1804,PD,IR,22.92299345952,0.0,-22.92299345952,282.68559302445,True,True
1805,PD,IR,22.92299345952,0.0,-22.92299345952,282.68559302445,True,True
1806,PD,IR,22.92299345952,0.0,-22.92299345952,282.68559302445,True,True
1807,PD,IR,22.92299345952,0.0,-22.92299345952,282.68559302445,True,True
1808,PD,IR,22.92299345952,0.0,-22.92299345952,282.68559302445,True,True
1809,PD,IR,22.92299345952,0.0,-22.92299345952,282.68559302445,True,True
1810,PD,IR,22.92299345952,0.0,-22.92299345952,282.68559302445,True,True
1811,PD,IR,22.92299345952,0.0,-22.92299345952,282.68559302445,True,True
1812,PD,IR,22.92299345952,0.0,-22.92299345952,282.68559302445,True,True
1813,PD,IR,22.92299345952,0.0,-22.92299345952,282.68559302445,True,True
1814,PD,IR,22.92299345952,0.0,-22.92299345952,282.68559302445,True,True
1815,PD,IR,22.92299345952,0.0,-22.92299345952,282.68559302445,True,True
1816,PD,IR,22.92299345952,0.0,-22.92299345952,282.68559302445,True,True
1817,PD,IR,22.92299345952,0.0,-22.92299345952,282.68559302445,True,True
1818,PD,IR,22.92299345952,0.0,-22.92299345952,282.68559302445,True,True
1819,PD,IR,22.92299345952,0.0,-22.92299345952,282.68559302445,True,True
1820,PD,IR,22.92299345952,0.0,-22.92299345952,282.68559302445,True,True
1821,PD,IR,22.92299345952,0.0,-22.92299345952,282.68559302445,True,True
1822,PD,IR,22.92299345952,0.0,-22.92299345952,282.68559302445,True,True
1823,PD,IR,22.92299345952,0.0,-22.92299345952,282.68559302445,True,True
1824,PD,IR,22.92299345952,0.0,-22.92299345952,282.68559302445,True,True
1825,PD,IR,22.92299345952,0.0,-22.92299345952,282.68559302445,True,True
1826,PD,IR,22.92299345952,0.0,-22.92299345952,282.68559302445,True,True
1827,PD,IR,22.92299345952,0.0,-22.92299345952,282.68559302445,True,True
1828,PD,IR,22.92299345952,0.0,-22.92299345952,282.68559302445,True,True
1829,PD,IR,22.92299345952,0.0,-22.92299345952,282.68559302445,True,True
1830,PD,IR,22.92299345952,0.0,-22.92299345952,282.68559302445,True,True
1831,PD,IR,22.92299345952,0.0,-22.92299345952,282.68559302445,True,True
1832,PD,IR,22.92299345952,0.0,-22.92299345952,282.68559302445,True,True
1833,PD,IR,22.92299345952,0.0,-22.92299345952,282.68559302445,True,True
1834,PD,IR,22.92299345952,0.0,-22.92299345952,282.68559302445,True,True
1835,PD,IR,22.92299345952,0.0,-22.92299345952,282.68559302445,True,True
1836,PD,IR,22.92299345952,0.0,-22.92299345952,282.68559302445,True,True
1837,PD,IR,22.92299345952,0.0,-22.92299345952,282.68559302445,True,True
1838,PD,IR,22.92299345952,0.0,-22.92299345952,282.68559302445,True,True
1839,PD,IR,22.92299345952,0.0,-22.92299345952,282.68559302445,True,True
1840,PD,IR,22.92299345952,0.0,-22.92299345952,282.68559302445,True,True
1841,PD,IR,22.92299345952,0.0,-22.92299345952,282.68559302445,True,True
1842,PD,IR,22.92299345952,0.0,-22.92299345952,282.68559302445,True,True
1843,PD,IR,22.92299345952,0.0,-22.92299345952,282.68559302445,True,True
1844,PD,IR,22.92299345952,0.0,-22.92299345952,282.68559302445,True,True
1845,PD,IR,22.92299345952,0.0,-22.92299345952,282.68559302445,True,True
1846,PD,IR,22.92299345952,0.0,-22.92299345952,282.68559302445,True,True
1847,PD,IR,22.92299345952,0.0,-22.92299345952,282.68559302445,True,True
1848,PD,IR,22.92299345952,0.0,-22.92299345952,282.68559302445,True,True
1849,PD,IR,22.92299345952,0.0,-22.92299345952,282.68559302445,True,True
1850,PD,IR,22.92299345952,0.0,-22.92299345952,282.68559302445,True,True
1851,PD,IR,22.92299345952,0.0,-22.92299345952,282.68559302445,True,True
1852,PD,IR,22.92299345952,0.0,-22.92299345952,282.68559302445,True,True
1853,PD,IR,22.92299345952,0.0,-22.92299345952,282.68559302445,True,True
1854,PD,IR,22.92299345952,0.0,-22.92299345952,282.68559302445,True,True
1855,PD,IR,22.92299345952,0.0,-22.92299345952,282.68559302445,True,True
1856,PD,IR,22.92299345952,0.0,-22.92299345952,282.68559302445,True,True
1857,PD,IR,22.92299345952,0.0,-22.92299345952,282.68559302445,True,True
1858,PD,IR,22.92299345952,0.0,-22.92299345952,282.68559302445,True,True
1859,PD,IR,22.92299345952,0.0,-22.92299345952,282.68559302445,True,True
1860,PD,IR,22.92299345952,0.0,-22.92299345952,282.68559302445,True,True
1861,PD,IR,22.92299345952,0.0,-22.92299345952,282.68559302445,True,True
1862,PD,IR,22.92299345952,0.0,-22.92299345952,282.68559302445,True,True
1863,PD,IR,22.92299345952,0.0,-22.92299345952,282.68559302445,True,True
1864,PD,IR,22.92299345952,0.0,-22.92299345952,282.68559302445,True,True
1865,PD,IR,22.92299345952,0.0,-22.92299345952,282.68559302445,True,True
1866,PD,IR,22.92299345952,0.0,-22.92299345952,282.68559302445,True,True
1867,PD,IR,22.92299345952,0.0,-22.92299345952,282.68559302445,True,True
1868,PD,IR,22.92299345952,0.0,-22.92299345952,282.68559302445,True,True
1869,PD,IR,22.92299345952,0.0,-22.92299345952,282.68559302445,True,True
1870,PD,IR,22.92299345952,0.0,-22.92299345952,282.68559302445,True,True
1871,PD,IR,22.92299345952,0.0,-22.92299345952,282.68559302445,True,True
1872,PD,IR,22.92299345952,0.0,-22.92299345952,282.68559302445,True,True
1873,PD,IR,22.92299345952,0.0,-22.92299345952,282.68559302445,True,True
1874,PD,IR,22.92299345952,0.0,-22.92299345952,282.68559302445,True,True
1875,PD,IR,22.92299345952,0.0,-22.92299345952,282.68559302445,True,True
1876,PD,IR,22.92299345952,0.0,-22.92299345952,282.68559302445,True,True
1877,PD,IR,22.92299345952,0.0,-22.92299345952,282.68559302445,True,True
1878,PD,IR,22.92299345952,0.0,-22.92299345952,282.68559302445,True,True
1879,PD,IR,22.92299345952,0.0,-22.92299345952,282.68559302445,True,True
1880,PD,IR,22.92299345952,0.0,-22.92299345952,282.68559302445,True,True
1881,PD,IR,22.92299345952,0.0,-22.92299345952,282.68559302445,True,True
1882,PD,IR,22.92299345952,0.0,-22.92299345952,282.68559302445,True,True
1883,PD,IR,22.92299345952,0.0,-22.92299345952,282.68559302445,True,True
1884,PD,IR,22.92299345952,0.0,-22.92299345952,282.68559302445,True,True
1885,PD,IR,22.92299345952,0.0,-22.92299345952,282.68559302445,True,True
1886,PD,IR,22.92299345952,0.0,-22.92299345952,282.68559302445,True,True
1887,PD,IR,22.92299345952,0.0,-22.92299345952,282.68559302445,True,True
1888,PD,IR,22.92299345952,0.0,-22.92299345952,282.68559302445,True,True
1889,PD,IR,22.92299345952,0.0,-22.92299345952,282.68559302445,True,True
1890,PD,IR,22.92299345952,0.0,-22.92299345952,282.68559302445,True,True
1891,PD,IR,22.92299345952,0.0,-22.92299345952,282.68559302445,True,True
1892,PD,IR,22.92299345952,0.0,-22.92299345952,282.68559302445,True,True
1893,PD,IR,22.92299345952,0.0,-22.92299345952,282.68559302445,True,True
1894,PD,IR,22.92299345952,0.0,-22.92299345952,282.68559302445,True,True
1895,PD,IR,22.92299345952,0.0,-22.92299345952,282.68559302445,True,True
1896,PD,IR,22.92299345952,0.0,-22.92299345952,282.68559302445,True,True
1897,PD,IR,22.92299345952,0.0,-22.92299345952,282.68559302445,True,True
1898,PD,IR,22.92299345952,0.0,-22.92299345952,282.68559302445,True,True
1899,PD,IR,22.92299345952,0.0,-22.92299345952,282.68559302445,True,True
1900,PD,IR,22.92299345952,0.0,-22.92299345952,282.68559302445,True,True
1901,PD,IR,22.92299345952,0.0,-22.92299345952,282.68559302445,True,True
1902,PD,IR,22.92299345952,0.0,-22.92299345952,282.68559302445,True,True
1903,PD,IR,22.92299345952,0.0,-22.92299345952,282.68559302445,True,True
1904,PD,IR,22.92299345952,0.0,-22.92299345952,282.68559302445,True,True
1905,PD,IR,22.92299345952,0.0,-22.92299345952,282.68559302445,True,True
1906,PD,IR,22.92299345952,0.0,-22.92299345952,282.68559302445,True,True
1907,PD,IR,22.92299345952,0.0,-22.92299345952,282.68559302445,True,True
1908,PD,IR,22.92299345952,0.0,-22.92299345952,282.68559302445,True,True
1909,PD,IR,22.92299345952,0.0,-22.92299345952,282.68559302445,True,True
1910,PD,IR,22.92299345952,0.0,-22.92299345952,282.68559302445,True,True
1911,PD,IR,22.92299345952,0.0,-22.92299345952,282.68559302445,True,True
1912,PD,IR,22.92299345952,0.0,-22.92299345952,282.68559302445,True,True
1913,PD,IR,22.92299345952,0.0,-22.92299345952,282.68559302445,True,True
1914,PD,IR,22.92299345952,0.0,-22.92299345952,282.68559302445,True,True
1915,PD,IR,22.92299345952,0.0,-22.92299345952,282.68559302445,True,True
1916,PD,IR,22.92299345952,0.0,-22.92299345952,282.68559302445,True,True
1917,PD,IR,22.92299345952,0.0,-22.92299345952,282.68559302445,True,True
1918,PD,IR,22.92299345952,0.0,-22.92299345952,282.68559302445,True,True
1919,PD,IR,22.92299345952,0.0,-22.92299345952,282.68559302445,True,True
1920,PD,IR,22.92299345952,0.0,-22.92299345952,282.68559302445,True,True
1921,PD,IR,22.92299345952,0.0,-22.92299345952,282.68559302445,True,True
1922,PD,IR,22.92299345952,0.0,-22.92299345952,282.68559302445,True,True
1923,PD,IR,22.92299345952,0.0,-22.92299345952,282.68559302445,True,True
1924,PD,IR,22.92299345952,0.0,-22.92299345952,282.68559302445,True,True
1925,PD,IR,22.92299345952,0.0,-22.92299345952,282.68559302445,True,True
1926,PD,IR,22.92299345952,0.0,-22.92299345952,282.68559302445,True,True
1927,PD,IR,22.92299345952,0.0,-22.92299345952,282.68559302445,True,True
1928,PD,IR,22.92299345952,0.0,-22.92299345952,282.68559302445,True,True
1929,PD,IR,22.92299345952,0.0,-22.92299345952,282.68559302445,True,True
1930,PD,IR,22.92299345952,0.0,-22.92299345952,282.68559302445,True,True
1931,PD,IR,22.92299345952,0.0,-22.92299345952,282.68559302445,True,True
1932,PD,IR,22.92299345952,0.0,-22.92299345952,282.68559302445,True,True
1933,PD,IR,22.92299345952,0.0,-22.92299345952,282.68559302445,True,True
1934,PD,IR,22.92299345952,0.0,-22.92299345952,282.68559302445,True,True
1935,PD,IR,22.92299345952,0.0,-22.92299345952,282.68559302445,True,True
1936,PD,IR,22.92299345952,0.0,-22.92299345952,282.68559302445,True,True
1937,PD,IR,22.92299345952,0.0,-22.92299345952,282.68559302445,True,True
1938,PD,IR,22.92299345952,0.0,-22.92299345952,282.68559302445,True,True
1939,PD,IR,22.92299345952,0.0,-22.92299345952,282.68559302445,True,True
1940,PD,IR,22.92299345952,0.0,-22.92299345952,282.68559302445,True,True
1941,PD,IR,22.92299345952,0.0,-22.92299345952,282.68559302445,True,True
1942,PD,IR,22.92299345952,0.0,-22.92299345952,282.68559302445,True,True
1943,PD,IR,22.92299345952,0.0,-22.92299345952,282.68559302445,True,True
1944,PD,IR,22.92299345952,0.0,-22.92299345952,282.68559302445,True,True
1945,PD,IR,22.92299345952,0.0,-22.92299345952,282.68559302445,True,True
1946,PD,IR,22.92299345952,0.0,-22.92299345952,282.68559302445,True,True
1947,PD,IR,22.92299345952,0.0,-22.92299345952,282.68559302445,True,True
1948,PD,IR,22.92299345952,0.0,-22.92299345952,282.68559302445,True,True
1949,PD,IR,22.92299345952,0.0,-22.92299345952,282.68559302445,True,True
1950,PD,IR,22.92299345952,0.0,-22.92299345952,282.68559302445,True,True
1951,PD,IR,22.92299345952,0.0,-22.92299345952,282.68559302445,True,True
1952,PD,IR,22.92299345952,0.0,-22.92299345952,282.68559302445,True,True
1953,PD,IR,22.92299345952,0.0,-22.92299345952,282.68559302445,True,True
1954,PD,IR,22.92299345952,0.0,-22.92299345952,282.68559302445,True,True
1955,PD,IR,22.92299345952,0.0,-22.92299345952,282.68559302445,True,True
1956,PD,IR,22.92299345952,0.0,-22.92299345952,282.68559302445,True,True
1957,PD,IR,22.92299345952,0.0,-22.92299345952,282.68559302445,True,True
1958,PD,IR,22.92299345952,0.0,-22.92299345952,282.68559302445,True,True
1959,PD,IR,22.92299345952,0.0,-22.92299345952,282.68559302445,True,True
1960,PD,IR,22.92299345952,0.0,-22.92299345952,282.68559302445,True,True
1961,PD,IR,22.92299345952,0.0,-22.92299345952,282.68559302445,True,True
1962,PD,IR,22.92299345952,0.0,-22.92299345952,282.68559302445,True,True
1963,PD,IR,22.92299345952,0.0,-22.92299345952,282.68559302445,True,True
1964,PD,IR,22.92299345952,0.0,-22.92299345952,282.68559302445,True,True
1965,PD,IR,22.92299345952,0.0,-22.92299345952,282.68559302445,True,True
1966,PD,IR,22.92299345952,0.0,-22.92299345952,282.68559302445,True,True
1967,PD,IR,22.92299345952,0.0,-22.92299345952,282.68559302445,True,True
1968,PD,IR,22.92299345952,0.0,-22.92299345952,282.68559302445,True,True
1969,PD,IR,22.92299345952,0.0,-22.92299345952,282.68559302445,True,True
1970,PD,IR,22.92299345952,0.0,-22.92299345952,282.68559302445,True,True
1971,PD,IR,22.92299345952,0.0,-22.92299345952,282.68559302445,True,True
1972,PD,IR,22.92299345952,0.0,-22.92299345952,282.68559302445,True,True
1973,PD,IR,22.92299345952,0.0,-22.92299345952,282.68559302445,True,True
1974,PD,IR,22.92299345952,0.0,-22.92299345952,282.68559302445,True,True
1975,PD,IR,22.92299345952,0.0,-22.92299345952,282.68559302445,True,True
1976,PD,IR,22.92299345952,0.0,-22.92299345952,282.68559302445,True,True
1977,PD,IR,22.92299345952,0.0,-22.92299345952,282.68559302445,True,True
1978,PD,IR,22.92299345952,0.0,-22.92299345952,282.68559302445,True,True
1979,PD,IR,22.92299345952,0.0,-22.92299345952,282.68559302445,True,True
1980,PD,IR,22.92299345952,0.0,-22.92299345952,282.68559302445,True,True
1981,PD,IR,22.92299345952,0.0,-22.92299345952,282.68559302445,True,True
1982,PD,IR,22.92299345952,0.0,-22.92299345952,282.68559302445,True,True
1983,PD,IR,22.92299345952,0.0,-22.92299345952,282.68559302445,True,True
1984,PD,IR,22.92299345952,0.0,-22.92299345952,282.68559302445,True,True
1985,PD,IR,22.92299345952,0.0,-22.92299345952,282.68559302445,True,True
1986,PD,IR,22.92299345952,0.0,-22.92299345952,282.68559302445,True,True
1987,PD,IR,22.92299345952,0.0,-22.92299345952,282.68559302445,True,True
1988,PD,IR,22.92299345952,0.0,-22.92299345952,282.68559302445,True,True
1989,PD,IR,22.92299345952,0.0,-22.92299345952,282.68559302445,True,True
1990,PD,IR,22.92299345952,0.0,-22.92299345952,282.68559302445,True,True
1991,PD,IR,22.92299345952,0.0,-22.92299345952,282.68559302445,True,True
1992,PD,IR,22.92299345952,0.0,-22.92299345952,282.68559302445,True,True
1993,PD,IR,22.92299345952,0.0,-22.92299345952,282.68559302445,True,True
1994,PD,IR,22.92299345952,0.0,-22.92299345952,282.68559302445,True,True
1995,PD,IR,22.92299345952,0.0,-22.92299345952,282.68559302445,True,True
1996,PD,IR,22.92299345952,0.0,-22.92299345952,282.68559302445,True,True
1997,PD,IR,22.92299345952,0.0,-22.92299345952,282.68559302445,True,True
1998,PD,IR,22.92299345952,0.0,-22.92299345952,282.68559302445,True,True
1999,PD,IR,22.92299345952,0.0,-22.92299345952,282.68559302445,True,True
2000,PD,IR,22.92299345952,0.0,-22.92299345952,282.68559302445,True,True
2001,PD,IR,22.92299345952,0.0,-22.92299345952,282.68559302445,True,True
2002,PD,IR,22.92299345952,0.0,-22.92299345952,282.68559302445,True,True
2003,PD,IR,22.92299345952,0.0,-22.92299345952,282.68559302445,True,True
2004,PD,IR,22.92299345952,0.0,-22.92299345952,282.68559302445,True,True
2005,PD,IR,22.92299345952,0.0,-22.92299345952,282.68559302445,True,True
2006,PD,IR,22.92299345952,0.0,-22.92299345952,282.68559302445,True,True
2007,PD,IR,22.92299345952,0.0,-22.92299345952,282.68559302445,True,True
2008,PD,IR,22.92299345952,0.0,-22.92299345952,282.68559302445,True,True
2009,PD,IR,22.92299345952,0.0,-22.92299345952,282.68559302445,True,True
2010,PD,IR,22.92299345952,0.0,-22.92299345952,282.68559302445,True,True
2011,PD,IR,22.92299345952,0.0,-22.92299345952,282.68559302445,True,True
2012,PD,IR,22.92299345952,0.0,-22.92299345952,282.68559302445,True,True
2013,PD,IR,22.92299345952,0.0,-22.92299345952,282.68559302445,True,True
2014,PD,IR,22.92299345952,0.0,-22.92299345952,282.68559302445,True,True
2015,PD,IR,22.92299345952,0.0,-22.92299345952,282.68559302445,True,True
2016,PD,IR,22.92299345952,0.0,-22.92299345952,282.68559302445,True,True
2017,PD,IR,22.92299345952,0.0,-22.92299345952,282.68559302445,True,True
2018,PD,IR,22.92299345952,0.0,-22.92299345952,282.68559302445,True,True
2019,PD,IR,22.92299345952,0.0,-22.92299345952,282.68559302445,True,True
2020,PD,IR,22.92299345952,0.0,-22.92299345952,282.68559302445,True,True
2021,PD,IR,22.92299345952,0.0,-22.92299345952,282.68559302445,True,True
2022,PD,IR,22.92299345952,0.0,-22.92299345952,282.68559302445,True,True
2023,PD,IR,22.92299345952,0.0,-22.92299345952,282.68559302445,True,True
2024,PD,IR,22.92299345952,0.0,-22.92299345952,282.68559302445,True,True
2025,PD,IR,22.92299345952,0.0,-22.92299345952,282.68559302445,True,True
2026,PD,IR,22.92299345952,0.0,-22.92299345952,282.68559302445,True,True
2027,PD,IR,22.92299345952,0.0,-22.92299345952,282.68559302445,True,True
2028,PD,IR,22.92299345952,0.0,-22.92299345952,282.68559302445,True,True
2029,PD,IR,22.92299345952,0.0,-22.92299345952,282.68559302445,True,True
2030,PD,IR,22.92299345952,0.0,-22.92299345952,282.68559302445,True,True
2031,PD,IR,22.92299345952,0.0,-22.92299345952,282.68559302445,True,True
2032,PD,IR,22.92299345952,0.0,-22.92299345952,282.68559302445,True,True
2033,PD,IR,22.92299345952,0.0,-22.92299345952,282.68559302445,True,True
2034,PD,IR,22.92299345952,0.0,-22.92299345952,282.68559302445,True,True
2035,PD,IR,22.92299345952,0.0,-22.92299345952,282.68559302445,True,True
2036,PD,IR,22.92299345952,0.0,-22.92299345952,282.68559302445,True,True
2037,PD,IR,22.92299345952,0.0,-22.92299345952,282.68559302445,True,True
2038,PD,IR,22.92299345952,0.0,-22.92299345952,282.68559302445,True,True
2039,PD,IR,22.92299345952,0.0,-22.92299345952,282.68559302445,True,True
2040,PD,IR,22.92299345952,0.0,-22.92299345952,282.68559302445,True,True
2041,PD,IR,22.92299345952,0.0,-22.92299345952,282.68559302445,True,True
2042,PD,IR,22.92299345952,0.0,-22.92299345952,282.68559302445,True,True
2043,PD,IR,22.92299345952,0.0,-22.92299345952,282.68559302445,True,True
2044,PD,IR,22.92299345952,0.0,-22.92299345952,282.68559302445,True,True
2045,PD,IR,22.92299345952,0.0,-22.92299345952,282.68559302445,True,True
2046,PD,IR,22.92299345952,0.0,-22.92299345952,282.68559302445,True,True
2047,PD,IR,22.92299345952,0.0,-22.92299345952,282.68559302445,True,True
2048,PD,IR,22.92299345952,0.0,-22.92299345952,282.68559302445,True,True
2049,PD,IR,22.92299345952,0.0,-22.92299345952,282.68559302445,True,True
2050,PD,IR,22.92299345952,0.0,-22.92299345952,282.68559302445,True,True
2051,PD,IR,22.92299345952,0.0,-22.92299345952,282.68559302445,True,True
2052,PD,IR,22.92299345952,0.0,-22.92299345952,282.68559302445,True,True
2053,PD,IR,22.92299345952,0.0,-22.92299345952,282.68559302445,True,True
2054,PD,IR,22.92299345952,0.0,-22.92299345952,282.68559302445,True,True
2055,PD,IR,22.92299345952,0.0,-22.92299345952,282.68559302445,True,True
2056,PD,IR,22.92299345952,0.0,-22.92299345952,282.68559302445,True,True
2057,PD,IR,22.92299345952,0.0,-22.92299345952,282.68559302445,True,True
2058,PD,IR,22.92299345952,0.0,-22.92299345952,282.68559302445,True,True
2059,PD,IR,22.92299345952,0.0,-22.92299345952,282.68559302445,True,True
2060,PD,IR,22.92299345952,0.0,-22.92299345952,282.68559302445,True,True
2061,PD,IR,22.92299345952,0.0,-22.92299345952,282.68559302445,True,True
2062,PD,IR,22.92299345952,0.0,-22.92299345952,282.68559302445,True,True
2063,PD,IR,22.92299345952,0.0,-22.92299345952,282.68559302445,True,True
2064,PD,IR,22.92299345952,0.0,-22.92299345952,282.68559302445,True,True
2065,PD,IR,22.92299345952,0.0,-22.92299345952,282.68559302445,True,True
2066,PD,IR,22.92299345952,0.0,-22.92299345952,282.68559302445,True,True
2067,PD,IR,22.92299345952,0.0,-22.92299345952,282.68559302445,True,True
2068,PD,IR,22.92299345952,0.0,-22.92299345952,282.68559302445,True,True
2069,PD,IR,22.92299345952,0.0,-22.92299345952,282.68559302445,True,True
2070,PD,IR,22.92299345952,0.0,-22.92299345952,282.68559302445,True,True
2071,PD,IR,22.92299345952,0.0,-22.92299345952,282.68559302445,True,True
2072,PD,IR,22.92299345952,0.0,-22.92299345952,282.68559302445,True,True
2073,PD,IR,22.92299345952,0.0,-22.92299345952,282.68559302445,True,True
2074,PD,IR,22.92299345952,0.0,-22.92299345952,282.68559302445,True,True
2075,PD,IR,22.92299345952,0.0,-22.92299345952,282.68559302445,True,True
2076,PD,IR,22.92299345952,0.0,-22.92299345952,282.68559302445,True,True
2077,PD,IR,22.92299345952,0.0,-22.92299345952,282.68559302445,True,True
2078,PD,IR,22.92299345952,0.0,-22.92299345952,282.68559302445,True,True
2079,PD,IR,22.92299345952,0.0,-22.92299345952,282.68559302445,True,True
2080,PD,IR,22.92299345952,0.0,-22.92299345952,282.68559302445,True,True
2081,PD,IR,22.92299345952,0.0,-22.92299345952,282.68559302445,True,True
2082,PD,IR,22.92299345952,0.0,-22.92299345952,282.68559302445,True,True
2083,PD,IR,22.92299345952,0.0,-22.92299345952,282.68559302445,True,True
2084,PD,IR,22.92299345952,0.0,-22.92299345952,282.68559302445,True,True
2085,PD,IR,22.92299345952,0.0,-22.92299345952,282.68559302445,True,True
2086,PD,IR,22.92299345952,0.0,-22.92299345952,282.68559302445,True,True
2087,PD,IR,22.92299345952,0.0,-22.92299345952,282.68559302445,True,True
2088,PD,IR,22.92299345952,0.0,-22.92299345952,282.68559302445,True,True
2089,PD,IR,22.92299345952,0.0,-22.92299345952,282.68559302445,True,True
2090,PD,IR,22.92299345952,0.0,-22.92299345952,282.68559302445,True,True
2091,PD,IR,22.92299345952,0.0,-22.92299345952,282.68559302445,True,True
2092,PD,IR,22.92299345952,0.0,-22.92299345952,282.68559302445,True,True
2093,PD,IR,22.92299345952,0.0,-22.92299345952,282.68559302445,True,True
2094,PD,IR,22.92299345952,0.0,-22.92299345952,282.68559302445,True,True
2095,PD,IR,22.92299345952,0.0,-22.92299345952,282.68559302445,True,True
2096,PD,IR,22.92299345952,0.0,-22.92299345952,282.68559302445,True,True
2097,PD,IR,22.92299345952,0.0,-22.92299345952,282.68559302445,True,True
2098,PD,IR,22.92299345952,0.0,-22.92299345952,282.68559302445,True,True
2099,PD,IR,22.92299345952,0.0,-22.92299345952,282.68559302445,True,True
2100,PD,IR,22.92299345952,0.0,-22.92299345952,282.68559302445,True,True
2101,PD,IR,22.92299345952,0.0,-22.92299345952,282.68559302445,True,True
2102,PD,IR,22.92299345952,0.0,-22.92299345952,282.68559302445,True,True
2103,PD,IR,22.92299345952,0.0,-22.92299345952,282.68559302445,True,True
2104,PD,IR,22.92299345952,0.0,-22.92299345952,282.68559302445,True,True
2105,PD,IR,22.92299345952,0.0,-22.92299345952,282.68559302445,True,True
2106,PD,IR,22.92299345952,0.0,-22.92299345952,282.68559302445,True,True
2107,PD,IR,22.92299345952,0.0,-22.92299345952,282.68559302445,True,True
2108,PD,IR,22.92299345952,0.0,-22.92299345952,282.68559302445,True,True
2109,PD,IR,22.92299345952,0.0,-22.92299345952,282.68559302445,True,True
2110,PD,IR,22.92299345952,0.0,-22.92299345952,282.68559302445,True,True
2111,PD,IR,22.92299345952,0.0,-22.92299345952,282.68559302445,True,True
2112,PD,IR,22.92299345952,0.0,-22.92299345952,282.68559302445,True,True
2113,PD,IR,22.92299345952,0.0,-22.92299345952,282.68559302445,True,True
2114,PD,IR,22.92299345952,0.0,-22.92299345952,282.68559302445,True,True
2115,PD,IR,22.92299345952,0.0,-22.92299345952,282.68559302445,True,True
2116,PD,IR,22.92299345952,0.0,-22.92299345952,282.68559302445,True,True
2117,PD,IR,22.92299345952,0.0,-22.92299345952,282.68559302445,True,True
2118,PD,IR,22.92299345952,0.0,-22.92299345952,282.68559302445,True,True
2119,PD,IR,22.92299345952,0.0,-22.92299345952,282.68559302445,True,True
2120,PD,IR,22.92299345952,0.0,-22.92299345952,282.68559302445,True,True
2121,PD,IR,22.92299345952,0.0,-22.92299345952,282.68559302445,True,True
2122,PD,IR,22.92299345952,0.0,-22.92299345952,282.68559302445,True,True
2123,PD,IR,22.92299345952,0.0,-22.92299345952,282.68559302445,True,True
2124,PD,IR,22.92299345952,0.0,-22.92299345952,282.68559302445,True,True
2125,PD,IR,22.92299345952,0.0,-22.92299345952,282.68559302445,True,True
2126,PD,IR,22.92299345952,0.0,-22.92299345952,282.68559302445,True,True
2127,PD,IR,22.92299345952,0.0,-22.92299345952,282.68559302445,True,True
2128,PD,IR,22.92299345952,0.0,-22.92299345952,282.68559302445,True,True
2129,PD,IR,22.92299345952,0.0,-22.92299345952,282.68559302445,True,True
2130,PD,IR,22.92299345952,0.0,-22.92299345952,282.68559302445,True,True
2131,PD,IR,22.92299345952,0.0,-22.92299345952,282.68559302445,True,True
2132,PD,IR,22.92299345952,0.0,-22.92299345952,282.68559302445,True,True
2133,PD,IR,22.92299345952,0.0,-22.92299345952,282.68559302445,True,True
2134,PD,IR,22.92299345952,0.0,-22.92299345952,282.68559302445,True,True
2135,PD,IR,22.92299345952,0.0,-22.92299345952,282.68559302445,True,True
2136,PD,IR,22.92299345952,0.0,-22.92299345952,282.68559302445,True,True
2137,PD,IR,22.92299345952,0.0,-22.92299345952,282.68559302445,True,True
2138,PD,IR,22.92299345952,0.0,-22.92299345952,282.68559302445,True,True
2139,PD,IR,22.92299345952,0.0,-22.92299345952,282.68559302445,True,True
2140,PD,IR,22.92299345952,0.0,-22.92299345952,282.68559302445,True,True
2141,PD,IR,22.92299345952,0.0,-22.92299345952,282.68559302445,True,True
2142,PD,IR,22.92299345952,0.0,-22.92299345952,282.68559302445,True,True
2143,PD,IR,22.92299345952,0.0,-22.92299345952,282.68559302445,True,True
2144,PD,IR,22.92299345952,0.0,-22.92299345952,282.68559302445,True,True
2145,PD,IR,22.92299345952,0.0,-22.92299345952,282.68559302445,True,True
2146,PD,IR,22.92299345952,0.0,-22.92299345952,282.68559302445,True,True
2147,PD,IR,22.92299345952,0.0,-22.92299345952,282.68559302445,True,True
2148,PD,IR,22.92299345952,0.0,-22.92299345952,282.68559302445,True,True
2149,PD,IR,22.92299345952,0.0,-22.92299345952,282.68559302445,True,True
2150,PD,IR,22.92299345952,0.0,-22.92299345952,282.68559302445,True,True
2151,PD,IR,22.92299345952,0.0,-22.92299345952,282.68559302445,True,True
2152,PD,IR,22.92299345952,0.0,-22.92299345952,282.68559302445,True,True
2153,PD,IR,22.92299345952,0.0,-22.92299345952,282.68559302445,True,True
2154,PD,IR,22.92299345952,0.0,-22.92299345952,282.68559302445,True,True
2155,PD,IR,22.92299345952,0.0,-22.92299345952,282.68559302445,True,True
2156,PD,IR,22.92299345952,0.0,-22.92299345952,282.68559302445,True,True
2157,PD,IR,22.92299345952,0.0,-22.92299345952,282.68559302445,True,True
2158,PD,IR,22.92299345952,0.0,-22.92299345952,282.68559302445,True,True
2159,PD,IR,22.92299345952,0.0,-22.92299345952,282.68559302445,True,True
2160,PD,IR,22.92299345952,0.0,-22.92299345952,282.68559302445,True,True
2161,PD,IR,22.92299345952,0.0,-22.92299345952,282.68559302445,True,True
2162,PD,IR,22.92299345952,0.0,-22.92299345952,282.68559302445,True,True
2163,PD,IR,22.92299345952,0.0,-22.92299345952,282.68559302445,True,True
2164,PD,IR,22.92299345952,0.0,-22.92299345952,282.68559302445,True,True
2165,PD,IR,22.92299345952,0.0,-22.92299345952,282.68559302445,True,True
2166,PD,IR,22.92299345952,0.0,-22.92299345952,282.68559302445,True,True
2167,PD,IR,22.92299345952,0.0,-22.92299345952,282.68559302445,True,True
2168,PD,IR,22.92299345952,0.0,-22.92299345952,282.68559302445,True,True
2169,PD,IR,22.92299345952,0.0,-22.92299345952,282.68559302445,True,True
2170,PD,IR,22.92299345952,0.0,-22.92299345952,282.68559302445,True,True
2171,PD,IR,22.92299345952,0.0,-22.92299345952,282.68559302445,True,True
2172,PD,IR,22.92299345952,0.0,-22.92299345952,282.68559302445,True,True
2173,PD,IR,22.92299345952,0.0,-22.92299345952,282.68559302445,True,True
2174,PD,IR,22.92299345952,0.0,-22.92299345952,282.68559302445,True,True
2175,PD,IR,22.92299345952,0.0,-22.92299345952,282.68559302445,True,True
2176,PD,IR,22.92299345952,0.0,-22.92299345952,282.68559302445,True,True
2177,PD,IR,22.92299345952,0.0,-22.92299345952,282.68559302445,True,True
2178,PD,IR,22.92299345952,0.0,-22.92299345952,282.68559302445,True,True
2179,PD,IR,22.92299345952,0.0,-22.92299345952,282.68559302445,True,True
2180,PD,IR,22.92299345952,0.0,-22.92299345952,282.68559302445,True,True
2181,PD,IR,22.92299345952,0.0,-22.92299345952,282.68559302445,True,True
2182,PD,IR,22.92299345952,0.0,-22.92299345952,282.68559302445,True,True
2183,PD,IR,22.92299345952,0.0,-22.92299345952,282.68559302445,True,True
2184,PD,IR,22.92299345952,0.0,-22.92299345952,282.68559302445,True,True
2185,PD,IR,22.92299345952,0.0,-22.92299345952,282.68559302445,True,True
2186,PD,IR,22.92299345952,0.0,-22.92299345952,282.68559302445,True,True
2187,PD,IR,22.92299345952,0.0,-22.92299345952,282.68559302445,True,True
2188,PD,IR,22.92299345952,0.0,-22.92299345952,282.68559302445,True,True
2189,PD,IR,22.92299345952,0.0,-22.92299345952,282.68559302445,True,True
2190,PD,IR,22.92299345952,0.0,-22.92299345952,282.68559302445,True,True
2191,PD,IR,22.92299345952,0.0,-22.92299345952,282.68559302445,True,True
2192,PD,IR,22.92299345952,0.0,-22.92299345952,282.68559302445,True,True
2193,PD,IR,22.92299345952,0.0,-22.92299345952,282.68559302445,True,True
2194,PD,IR,22.92299345952,0.0,-22.92299345952,282.68559302445,True,True
2195,PD,IR,22.92299345952,0.0,-22.92299345952,282.68559302445,True,True
2196,PD,IR,22.92299345952,0.0,-22.92299345952,282.68559302445,True,True
2197,PD,IR,22.92299345952,0.0,-22.92299345952,282.68559302445,True,True
2198,PD,IR,22.92299345952,0.0,-22.92299345952,282.68559302445,True,True
2199,PD,IR,22.92299345952,0.0,-22.92299345952,282.68559302445,True,True
2200,PD,IR,22.92299345952,0.0,-22.92299345952,282.68559302445,True,True
2201,PD,IR,22.92299345952,0.0,-22.92299345952,282.68559302445,True,True
2202,PD,IR,22.92299345952,0.0,-22.92299345952,282.68559302445,True,True
2203,PD,IR,22.92299345952,0.0,-22.92299345952,282.68559302445,True,True
2204,PD,IR,22.92299345952,0.0,-22.92299345952,282.68559302445,True,True
2205,PD,IR,22.92299345952,0.0,-22.92299345952,282.68559302445,True,True
2206,PD,IR,22.92299345952,0.0,-22.92299345952,282.68559302445,True,True
2207,PD,IR,22.92299345952,0.0,-22.92299345952,282.68559302445,True,True
2208,PD,IR,22.92299345952,0.0,-22.92299345952,282.68559302445,True,True
2209,PD,IR,22.92299345952,0.0,-22.92299345952,282.68559302445,True,True
2210,PD,IR,22.92299345952,0.0,-22.92299345952,282.68559302445,True,True
2211,PD,IR,22.92299345952,0.0,-22.92299345952,282.68559302445,True,True
2212,PD,IR,22.92299345952,0.0,-22.92299345952,282.68559302445,True,True
2213,PD,IR,22.92299345952,0.0,-22.92299345952,282.68559302445,True,True
2214,PD,IR,22.92299345952,0.0,-22.92299345952,282.68559302445,True,True
2215,PD,IR,22.92299345952,0.0,-22.92299345952,282.68559302445,True,True
2216,PD,IR,22.92299345952,0.0,-22.92299345952,282.68559302445,True,True
2217,PD,IR,22.92299345952,0.0,-22.92299345952,282.68559302445,True,True
2218,PD,IR,22.92299345952,0.0,-22.92299345952,282.68559302445,True,True
2219,PD,IR,22.92299345952,0.0,-22.92299345952,282.68559302445,True,True
2220,PD,IR,22.92299345952,0.0,-22.92299345952,282.68559302445,True,True
2221,PD,IR,22.92299345952,0.0,-22.92299345952,282.68559302445,True,True
2222,PD,IR,22.92299345952,0.0,-22.92299345952,282.68559302445,True,True
2223,PD,IR,22.92299345952,0.0,-22.92299345952,282.68559302445,True,True
2224,PD,IR,22.92299345952,0.0,-22.92299345952,282.68559302445,True,True
2225,PD,IR,22.92299345952,0.0,-22.92299345952,282.68559302445,True,True
2226,PD,IR,22.92299345952,0.0,-22.92299345952,282.68559302445,True,True
2227,PD,IR,22.92299345952,0.0,-22.92299345952,282.68559302445,True,True
2228,PD,IR,22.92299345952,0.0,-22.92299345952,282.68559302445,True,True
2229,PD,IR,22.92299345952,0.0,-22.92299345952,282.68559302445,True,True
2230,PD,IR,22.92299345952,0.0,-22.92299345952,282.68559302445,True,True
2231,PD,IR,22.92299345952,0.0,-22.92299345952,282.68559302445,True,True
2232,PD,IR,22.92299345952,0.0,-22.92299345952,282.68559302445,True,True
2233,PD,IR,22.92299345952,0.0,-22.92299345952,282.68559302445,True,True
2234,PD,IR,22.92299345952,0.0,-22.92299345952,282.68559302445,True,True
2235,PD,IR,22.92299345952,0.0,-22.92299345952,282.68559302445,True,True
2236,PD,IR,22.92299345952,0.0,-22.92299345952,282.68559302445,True,True
2237,PD,IR,22.92299345952,0.0,-22.92299345952,282.68559302445,True,True
2238,PD,IR,22.92299345952,0.0,-22.92299345952,282.68559302445,True,True
2239,PD,IR,22.92299345952,0.0,-22.92299345952,282.68559302445,True,True
2240,PD,IR,22.92299345952,0.0,-22.92299345952,282.68559302445,True,True
2241,PD,IR,22.92299345952,0.0,-22.92299345952,282.68559302445,True,True
2242,PD,IR,22.92299345952,0.0,-22.92299345952,282.68559302445,True,True
2243,PD,IR,22.92299345952,0.0,-22.92299345952,282.68559302445,True,True
2244,PD,IR,22.92299345952,0.0,-22.92299345952,282.68559302445,True,True
2245,PD,IR,22.92299345952,0.0,-22.92299345952,282.68559302445,True,True
2246,PD,IR,22.92299345952,0.0,-22.92299345952,282.68559302445,True,True
2247,PD,IR,22.92299345952,0.0,-22.92299345952,282.68559302445,True,True
2248,PD,IR,22.92299345952,0.0,-22.92299345952,282.68559302445,True,True
2249,PD,IR,22.92299345952,0.0,-22.92299345952,282.68559302445,True,True
2250,PD,IR,22.92299345952,0.0,-22.92299345952,282.68559302445,True,True
2251,PD,IR,22.92299345952,0.0,-22.92299345952,282.68559302445,True,True
2252,PD,IR,22.92299345952,0.0,-22.92299345952,282.68559302445,True,True
2253,PD,IR,22.92299345952,0.0,-22.92299345952,282.68559302445,True,True
2254,PD,IR,22.92299345952,0.0,-22.92299345952,282.68559302445,True,True
2255,PD,IR,22.92299345952,0.0,-22.92299345952,282.68559302445,True,True
2256,PD,IR,22.92299345952,0.0,-22.92299345952,282.68559302445,True,True
2257,PD,IR,22.92299345952,0.0,-22.92299345952,282.68559302445,True,True
2258,PD,IR,22.92299345952,0.0,-22.92299345952,282.68559302445,True,True
2259,PD,IR,22.92299345952,0.0,-22.92299345952,282.68559302445,True,True
2260,PD,IR,22.92299345952,0.0,-22.92299345952,282.68559302445,True,True
2261,PD,IR,22.92299345952,0.0,-22.92299345952,282.68559302445,True,True
2262,PD,IR,22.92299345952,0.0,-22.92299345952,282.68559302445,True,True
2263,PD,IR,22.92299345952,0.0,-22.92299345952,282.68559302445,True,True
2264,PD,IR,22.92299345952,0.0,-22.92299345952,282.68559302445,True,True
2265,PD,IR,22.92299345952,0.0,-22.92299345952,282.68559302445,True,True
2266,PD,IR,22.92299345952,0.0,-22.92299345952,282.68559302445,True,True
2267,PD,IR,22.92299345952,0.0,-22.92299345952,282.68559302445,True,True
2268,PD,IR,22.92299345952,0.0,-22.92299345952,282.68559302445,True,True
2269,PD,IR,22.92299345952,0.0,-22.92299345952,282.68559302445,True,True
2270,PD,IR,22.92299345952,0.0,-22.92299345952,282.68559302445,True,True
2271,PD,IR,22.92299345952,0.0,-22.92299345952,282.68559302445,True,True
2272,PD,IR,22.92299345952,0.0,-22.92299345952,282.68559302445,True,True
2273,PD,IR,22.92299345952,0.0,-22.92299345952,282.68559302445,True,True
2274,PD,IR,22.92299345952,0.0,-22.92299345952,282.68559302445,True,True
2275,PD,IR,22.92299345952,0.0,-22.92299345952,282.68559302445,True,True
2276,PD,IR,22.92299345952,0.0,-22.92299345952,282.68559302445,True,True
2277,PD,IR,22.92299345952,0.0,-22.92299345952,282.68559302445,True,True
2278,PD,IR,22.92299345952,0.0,-22.92299345952,282.68559302445,True,True
2279,PD,IR,22.92299345952,0.0,-22.92299345952,282.68559302445,True,True
2280,PD,IR,22.92299345952,0.0,-22.92299345952,282.68559302445,True,True
2281,PD,IR,22.92299345952,0.0,-22.92299345952,282.68559302445,True,True
2282,PD,IR,22.92299345952,0.0,-22.92299345952,282.68559302445,True,True
2283,PD,IR,22.92299345952,0.0,-22.92299345952,282.68559302445,True,True
2284,PD,IR,22.92299345952,0.0,-22.92299345952,282.68559302445,True,True
2285,PD,IR,22.92299345952,0.0,-22.92299345952,282.68559302445,True,True
2286,PD,IR,22.92299345952,0.0,-22.92299345952,282.68559302445,True,True
2287,PD,IR,22.92299345952,0.0,-22.92299345952,282.68559302445,True,True
2288,PD,IR,22.92299345952,0.0,-22.92299345952,282.68559302445,True,True
2289,PD,IR,22.92299345952,0.0,-22.92299345952,282.68559302445,True,True
2290,PD,IR,22.92299345952,0.0,-22.92299345952,282.68559302445,True,True
2291,PD,IR,22.92299345952,0.0,-22.92299345952,282.68559302445,True,True
2292,PD,IR,22.92299345952,0.0,-22.92299345952,282.68559302445,True,True
2293,PD,IR,22.92299345952,0.0,-22.92299345952,282.68559302445,True,True
2294,PD,IR,22.92299345952,0.0,-22.92299345952,282.68559302445,True,True
2295,PD,IR,22.92299345952,0.0,-22.92299345952,282.68559302445,True,True
2296,PD,IR,22.92299345952,0.0,-22.92299345952,282.68559302445,True,True
2297,PD,IR,22.92299345952,0.0,-22.92299345952,282.68559302445,True,True
2298,PD,IR,22.92299345952,0.0,-22.92299345952,282.68559302445,True,True
2299,PD,IR,22.92299345952,0.0,-22.92299345952,282.68559302445,True,True
2300,PD,IR,22.92299345952,0.0,-22.92299345952,282.68559302445,True,True
2301,PD,IR,22.92299345952,0.0,-22.92299345952,282.68559302445,True,True
2302,PD,IR,22.92299345952,0.0,-22.92299345952,282.68559302445,True,True
2303,PD,IR,22.92299345952,0.0,-22.92299345952,282.68559302445,True,True
2304,PD,IR,22.92299345952,0.0,-22.92299345952,282.68559302445,True,True
2305,PD,IR,22.92299345952,0.0,-22.92299345952,282.68559302445,True,True
2306,PD,IR,22.92299345952,0.0,-22.92299345952,282.68559302445,True,True
2307,PD,IR,22.92299345952,0.0,-22.92299345952,282.68559302445,True,True
2308,PD,IR,22.92299345952,0.0,-22.92299345952,282.68559302445,True,True
2309,PD,IR,22.92299345952,0.0,-22.92299345952,282.68559302445,True,True
2310,PD,IR,22.92299345952,0.0,-22.92299345952,282.68559302445,True,True
2311,PD,IR,22.92299345952,0.0,-22.92299345952,282.68559302445,True,True
2312,PD,IR,22.92299345952,0.0,-22.92299345952,282.68559302445,True,True
2313,PD,IR,22.92299345952,0.0,-22.92299345952,282.68559302445,True,True
2314,PD,IR,22.92299345952,0.0,-22.92299345952,282.68559302445,True,True
2315,PD,IR,22.92299345952,0.0,-22.92299345952,282.68559302445,True,True
2316,PD,IR,22.92299345952,0.0,-22.92299345952,282.68559302445,True,True
2317,PD,IR,22.92299345952,0.0,-22.92299345952,282.68559302445,True,True
2318,PD,IR,22.92299345952,0.0,-22.92299345952,282.68559302445,True,True
2319,PD,IR,22.92299345952,0.0,-22.92299345952,282.68559302445,True,True
2320,PD,IR,22.92299345952,0.0,-22.92299345952,282.68559302445,True,True
2321,PD,IR,22.92299345952,0.0,-22.92299345952,282.68559302445,True,True
2322,PD,IR,22.92299345952,0.0,-22.92299345952,282.68559302445,True,True
2323,PD,IR,22.92299345952,0.0,-22.92299345952,282.68559302445,True,True
2324,PD,IR,22.92299345952,0.0,-22.92299345952,282.68559302445,True,True
2325,PD,IR,22.92299345952,0.0,-22.92299345952,282.68559302445,True,True
2326,PD,IR,22.92299345952,0.0,-22.92299345952,282.68559302445,True,True
2327,PD,IR,22.92299345952,0.0,-22.92299345952,282.68559302445,True,True
2328,PD,IR,22.92299345952,0.0,-22.92299345952,282.68559302445,True,True
2329,PD,IR,22.92299345952,0.0,-22.92299345952,282.68559302445,True,True
2330,PD,IR,22.92299345952,0.0,-22.92299345952,282.68559302445,True,True
2331,PD,IR,22.92299345952,0.0,-22.92299345952,282.68559302445,True,True
2332,PD,IR,22.92299345952,0.0,-22.92299345952,282.68559302445,True,True
2333,PD,IR,22.92299345952,0.0,-22.92299345952,282.68559302445,True,True
2334,PD,IR,22.92299345952,0.0,-22.92299345952,282.68559302445,True,True
2335,PD,IR,22.92299345952,0.0,-22.92299345952,282.68559302445,True,True
2336,PD,IR,22.92299345952,0.0,-22.92299345952,282.68559302445,True,True
2337,PD,IR,22.92299345952,0.0,-22.92299345952,282.68559302445,True,True
2338,PD,IR,22.92299345952,0.0,-22.92299345952,282.68559302445,True,True
2339,PD,IR,22.92299345952,0.0,-22.92299345952,282.68559302445,True,True
2340,PD,IR,22.92299345952,0.0,-22.92299345952,282.68559302445,True,True
2341,PD,IR,22.92299345952,0.0,-22.92299345952,282.68559302445,True,True
2342,PD,IR,22.92299345952,0.0,-22.92299345952,282.68559302445,True,True
2343,PD,IR,22.92299345952,0.0,-22.92299345952,282.68559302445,True,True
2344,PD,IR,22.92299345952,0.0,-22.92299345952,282.68559302445,True,True
2345,PD,IR,22.92299345952,0.0,-22.92299345952,282.68559302445,True,True
2346,PD,IR,22.92299345952,0.0,-22.92299345952,282.68559302445,True,True
2347,PD,IR,22.92299345952,0.0,-22.92299345952,282.68559302445,True,True
2348,PD,IR,22.92299345952,0.0,-22.92299345952,282.68559302445,True,True
2349,PD,IR,22.92299345952,0.0,-22.92299345952,282.68559302445,True,True
2350,PD,IR,22.92299345952,0.0,-22.92299345952,282.68559302445,True,True
2351,PD,IR,22.92299345952,0.0,-22.92299345952,282.68559302445,True,True
2352,PD,IR,22.92299345952,0.0,-22.92299345952,282.68559302445,True,True
2353,PD,IR,22.92299345952,0.0,-22.92299345952,282.68559302445,True,True
2354,PD,IR,22.92299345952,0.0,-22.92299345952,282.68559302445,True,True
2355,PD,IR,22.92299345952,0.0,-22.92299345952,282.68559302445,True,True
2356,PD,IR,22.92299345952,0.0,-22.92299345952,282.68559302445,True,True
2357,PD,IR,22.92299345952,0.0,-22.92299345952,282.68559302445,True,True
2358,PD,IR,22.92299345952,0.0,-22.92299345952,282.68559302445,True,True
2359,PD,IR,22.92299345952,0.0,-22.92299345952,282.68559302445,True,True
2360,PD,IR,22.92299345952,0.0,-22.92299345952,282.68559302445,True,True
2361,PD,IR,22.92299345952,0.0,-22.92299345952,282.68559302445,True,True
2362,PD,IR,22.92299345952,0.0,-22.92299345952,282.68559302445,True,True
2363,PD,IR,22.92299345952,0.0,-22.92299345952,282.68559302445,True,True
2364,PD,IR,22.92299345952,0.0,-22.92299345952,282.68559302445,True,True
2365,PD,IR,22.92299345952,0.0,-22.92299345952,282.68559302445,True,True
2366,PD,IR,22.92299345952,0.0,-22.92299345952,282.68559302445,True,True
2367,PD,IR,22.92299345952,0.0,-22.92299345952,282.68559302445,True,True
2368,PD,IR,22.92299345952,0.0,-22.92299345952,282.68559302445,True,True
2369,PD,IR,22.92299345952,0.0,-22.92299345952,282.68559302445,True,True
2370,PD,IR,22.92299345952,0.0,-22.92299345952,282.68559302445,True,True
2371,PD,IR,22.92299345952,0.0,-22.92299345952,282.68559302445,True,True
2372,PD,IR,22.92299345952,0.0,-22.92299345952,282.68559302445,True,True
2373,PD,IR,22.92299345952,0.0,-22.92299345952,282.68559302445,True,True
2374,PD,IR,22.92299345952,0.0,-22.92299345952,282.68559302445,True,True
2375,PD,IR,22.92299345952,0.0,-22.92299345952,282.68559302445,True,True
2376,PD,IR,22.92299345952,0.0,-22.92299345952,282.68559302445,True,True
2377,PD,IR,22.92299345952,0.0,-22.92299345952,282.68559302445,True,True
2378,PD,IR,22.92299345952,0.0,-22.92299345952,282.68559302445,True,True
2379,PD,IR,22.92299345952,0.0,-22.92299345952,282.68559302445,True,True
2380,PD,IR,22.92299345952,0.0,-22.92299345952,282.68559302445,True,True
2381,PD,IR,22.92299345952,0.0,-22.92299345952,282.68559302445,True,True
2382,PD,IR,22.92299345952,0.0,-22.92299345952,282.68559302445,True,True
2383,PD,IR,22.92299345952,0.0,-22.92299345952,282.68559302445,True,True
2384,PD,IR,22.92299345952,0.0,-22.92299345952,282.68559302445,True,True
2385,PD,IR,22.92299345952,0.0,-22.92299345952,282.68559302445,True,True
2386,PD,IR,22.92299345952,0.0,-22.92299345952,282.68559302445,True,True
2387,PD,IR,22.92299345952,0.0,-22.92299345952,282.68559302445,True,True
2388,PD,IR,22.92299345952,0.0,-22.92299345952,282.68559302445,True,True
2389,PD,IR,22.92299345952,0.0,-22.92299345952,282.68559302445,True,True
2390,PD,IR,22.92299345952,0.0,-22.92299345952,282.68559302445,True,True
2391,PD,IR,22.92299345952,0.0,-22.92299345952,282.68559302445,True,True
2392,PD,IR,22.92299345952,0.0,-22.92299345952,282.68559302445,True,True
2393,PD,IR,22.92299345952,0.0,-22.92299345952,282.68559302445,True,True
2394,PD,IR,22.92299345952,0.0,-22.92299345952,282.68559302445,True,True
2395,PD,IR,22.92299345952,0.0,-22.92299345952,282.68559302445,True,True
2396,PD,IR,22.92299345952,0.0,-22.92299345952,282.68559302445,True,True
2397,PD,IR,22.92299345952,0.0,-22.92299345952,282.68559302445,True,True
2398,PD,IR,22.92299345952,0.0,-22.92299345952,282.68559302445,True,True
2399,PD,IR,22.92299345952,0.0,-22.92299345952,282.68559302445,True,True
2400,PD,IR,22.92299345952,0.0,-22.92299345952,282.68559302445,True,True
2401,PD,IR,22.92299345952,0.0,-22.92299345952,282.68559302445,True,True
2402,PD,IR,22.92299345952,0.0,-22.92299345952,282.68559302445,True,True
2403,PD,IR,22.92299345952,0.0,-22.92299345952,282.68559302445,True,True
2404,PD,IR,22.92299345952,0.0,-22.92299345952,282.68559302445,True,True
2405,PD,IR,22.92299345952,0.0,-22.92299345952,282.68559302445,True,True
2406,PD,IR,22.92299345952,0.0,-22.92299345952,282.68559302445,True,True
2407,PD,IR,22.92299345952,0.0,-22.92299345952,282.68559302445,True,True
2408,PD,IR,22.92299345952,0.0,-22.92299345952,282.68559302445,True,True
2409,PD,IR,22.92299345952,0.0,-22.92299345952,282.68559302445,True,True
2410,PD,IR,22.92299345952,0.0,-22.92299345952,282.68559302445,True,True
2411,PD,IR,22.92299345952,0.0,-22.92299345952,282.68559302445,True,True
2412,PD,IR,22.92299345952,0.0,-22.92299345952,282.68559302445,True,True
2413,PD,IR,22.92299345952,0.0,-22.92299345952,282.68559302445,True,True
2414,PD,IR,22.92299345952,0.0,-22.92299345952,282.68559302445,True,True
2415,PD,IR,22.92299345952,0.0,-22.92299345952,282.68559302445,True,True
2416,PD,IR,22.92299345952,0.0,-22.92299345952,282.68559302445,True,True
2417,PD,IR,22.92299345952,0.0,-22.92299345952,282.68559302445,True,True
2418,PD,IR,22.92299345952,0.0,-22.92299345952,282.68559302445,True,True
2419,PD,IR,22.92299345952,0.0,-22.92299345952,282.68559302445,True,True
2420,PD,IR,22.92299345952,0.0,-22.92299345952,282.68559302445,True,True
2421,PD,IR,22.92299345952,0.0,-22.92299345952,282.68559302445,True,True
2422,PD,IR,22.92299345952,0.0,-22.92299345952,282.68559302445,True,True
2423,PD,IR,22.92299345952,0.0,-22.92299345952,282.68559302445,True,True
2424,PD,IR,22.92299345952,0.0,-22.92299345952,282.68559302445,True,True
2425,PD,IR,22.92299345952,0.0,-22.92299345952,282.68559302445,True,True
2426,PD,IR,22.92299345952,0.0,-22.92299345952,282.68559302445,True,True
2427,PD,IR,22.92299345952,0.0,-22.92299345952,282.68559302445,True,True
2428,PD,IR,22.92299345952,0.0,-22.92299345952,282.68559302445,True,True
2429,PD,IR,22.92299345952,0.0,-22.92299345952,282.68559302445,True,True
2430,PD,IR,22.92299345952,0.0,-22.92299345952,282.68559302445,True,True
2431,PD,IR,22.92299345952,0.0,-22.92299345952,282.68559302445,True,True
2432,PD,IR,22.92299345952,0.0,-22.92299345952,282.68559302445,True,True
2433,PD,IR,22.92299345952,0.0,-22.92299345952,282.68559302445,True,True
2434,PD,IR,22.92299345952,0.0,-22.92299345952,282.68559302445,True,True
2435,PD,IR,22.92299345952,0.0,-22.92299345952,282.68559302445,True,True
2436,PD,IR,22.92299345952,0.0,-22.92299345952,282.68559302445,True,True
2437,PD,IR,22.92299345952,0.0,-22.92299345952,282.68559302445,True,True
2438,PD,IR,22.92299345952,0.0,-22.92299345952,282.68559302445,True,True
2439,PD,IR,22.92299345952,0.0,-22.92299345952,282.68559302445,True,True
2440,PD,IR,22.92299345952,0.0,-22.92299345952,282.68559302445,True,True
2441,PD,IR,22.92299345952,0.0,-22.92299345952,282.68559302445,True,True
2442,PD,IR,22.92299345952,0.0,-22.92299345952,282.68559302445,True,True
2443,PD,IR,22.92299345952,0.0,-22.92299345952,282.68559302445,True,True
2444,PD,IR,22.92299345952,0.0,-22.92299345952,282.68559302445,True,True
2445,PD,IR,22.92299345952,0.0,-22.92299345952,282.68559302445,True,True
2446,PD,IR,22.92299345952,0.0,-22.92299345952,282.68559302445,True,True
2447,PD,IR,22.92299345952,0.0,-22.92299345952,282.68559302445,True,True
2448,PD,IR,22.92299345952,0.0,-22.92299345952,282.68559302445,True,True
2449,PD,IR,22.92299345952,0.0,-22.92299345952,282.68559302445,True,True
2450,PD,IR,22.92299345952,0.0,-22.92299345952,282.68559302445,True,True
2451,PD,IR,22.92299345952,0.0,-22.92299345952,282.68559302445,True,True
2452,PD,IR,22.92299345952,0.0,-22.92299345952,282.68559302445,True,True
2453,PD,IR,22.92299345952,0.0,-22.92299345952,282.68559302445,True,True
2454,PD,IR,22.92299345952,0.0,-22.92299345952,282.68559302445,True,True
2455,PD,IR,22.92299345952,0.0,-22.92299345952,282.68559302445,True,True
2456,PD,IR,22.92299345952,0.0,-22.92299345952,282.68559302445,True,True
2457,PD,IR,22.92299345952,0.0,-22.92299345952,282.68559302445,True,True
2458,PD,IR,22.92299345952,0.0,-22.92299345952,282.68559302445,True,True
2459,PD,IR,22.92299345952,0.0,-22.92299345952,282.68559302445,True,True
2460,PD,IR,22.92299345952,0.0,-22.92299345952,282.68559302445,True,True
2461,PD,IR,22.92299345952,0.0,-22.92299345952,282.68559302445,True,True
2462,PD,IR,22.92299345952,0.0,-22.92299345952,282.68559302445,True,True
2463,PD,IR,22.92299345952,0.0,-22.92299345952,282.68559302445,True,True
2464,PD,IR,22.92299345952,0.0,-22.92299345952,282.68559302445,True,True
2465,PD,IR,22.92299345952,0.0,-22.92299345952,282.68559302445,True,True
2466,PD,IR,22.92299345952,0.0,-22.92299345952,282.68559302445,True,True
2467,PD,IR,22.92299345952,0.0,-22.92299345952,282.68559302445,True,True
2468,PD,IR,22.92299345952,0.0,-22.92299345952,282.68559302445,True,True
2469,PD,IR,22.92299345952,0.0,-22.92299345952,282.68559302445,True,True
2470,PD,IR,22.92299345952,0.0,-22.92299345952,282.68559302445,True,True
2471,PD,IR,22.92299345952,0.0,-22.92299345952,282.68559302445,True,True
2472,PD,IR,22.92299345952,0.0,-22.92299345952,282.68559302445,True,True
2473,PD,IR,22.92299345952,0.0,-22.92299345952,282.68559302445,True,True
2474,PD,IR,22.92299345952,0.0,-22.92299345952,282.68559302445,True,True
2475,PD,IR,22.92299345952,0.0,-22.92299345952,282.68559302445,True,True
2476,PD,IR,22.92299345952,0.0,-22.92299345952,282.68559302445,True,True
2477,PD,IR,22.92299345952,0.0,-22.92299345952,282.68559302445,True,True
2478,PD,IR,22.92299345952,0.0,-22.92299345952,282.68559302445,True,True
2479,PD,IR,22.92299345952,0.0,-22.92299345952,282.68559302445,True,True
2480,PD,IR,22.92299345952,0.0,-22.92299345952,282.68559302445,True,True
2481,PD,IR,22.92299345952,0.0,-22.92299345952,282.68559302445,True,True
2482,PD,IR,22.92299345952,0.0,-22.92299345952,282.68559302445,True,True
2483,PD,IR,22.92299345952,0.0,-22.92299345952,282.68559302445,True,True
2484,PD,IR,22.92299345952,0.0,-22.92299345952,282.68559302445,True,True
2485,PD,IR,22.92299345952,0.0,-22.92299345952,282.68559302445,True,True
2486,PD,IR,22.92299345952,0.0,-22.92299345952,282.68559302445,True,True
2487,PD,IR,22.92299345952,0.0,-22.92299345952,282.68559302445,True,True
2488,PD,IR,22.92299345952,0.0,-22.92299345952,282.68559302445,True,True
2489,PD,IR,22.92299345952,0.0,-22.92299345952,282.68559302445,True,True
2490,PD,IR,22.92299345952,0.0,-22.92299345952,282.68559302445,True,True
2491,PD,IR,22.92299345952,0.0,-22.92299345952,282.68559302445,True,True
2492,PD,IR,22.92299345952,0.0,-22.92299345952,282.68559302445,True,True
2493,PD,IR,22.92299345952,0.0,-22.92299345952,282.68559302445,True,True
2494,PD,IR,22.92299345952,0.0,-22.92299345952,282.68559302445,True,True
2495,PD,IR,22.92299345952,0.0,-22.92299345952,282.68559302445,True,True
2496,PD,IR,22.92299345952,0.0,-22.92299345952,282.68559302445,True,True
2497,PD,IR,22.92299345952,0.0,-22.92299345952,282.68559302445,True,True
2498,PD,IR,22.92299345952,0.0,-22.92299345952,282.68559302445,True,True
2499,PD,IR,22.92299345952,0.0,-22.92299345952,282.68559302445,True,True
2500,PD,IR,22.92299345952,0.0,-22.92299345952,282.68559302445,True,True
2501,PD,IR,22.92299345952,0.0,-22.92299345952,282.68559302445,True,True
2502,PD,IR,22.92299345952,0.0,-22.92299345952,282.68559302445,True,True
2503,PD,IR,22.92299345952,0.0,-22.92299345952,282.68559302445,True,True
2504,PD,IR,22.92299345952,0.0,-22.92299345952,282.68559302445,True,True
2505,PD,IR,22.92299345952,0.0,-22.92299345952,282.68559302445,True,True
2506,PD,IR,22.92299345952,0.0,-22.92299345952,282.68559302445,True,True
2507,PD,IR,22.92299345952,0.0,-22.92299345952,282.68559302445,True,True
2508,PD,IR,22.92299345952,0.0,-22.92299345952,282.68559302445,True,True
2509,PD,IR,22.92299345952,0.0,-22.92299345952,282.68559302445,True,True
2510,PD,IR,22.92299345952,0.0,-22.92299345952,282.68559302445,True,True
2511,PD,IR,22.92299345952,0.0,-22.92299345952,282.68559302445,True,True
2512,PD,IR,22.92299345952,0.0,-22.92299345952,282.68559302445,True,True
2513,PD,IR,22.92299345952,0.0,-22.92299345952,282.68559302445,True,True
2514,PD,IR,22.92299345952,0.0,-22.92299345952,282.68559302445,True,True
2515,PD,IR,22.92299345952,0.0,-22.92299345952,282.68559302445,True,True
2516,PD,IR,22.92299345952,0.0,-22.92299345952,282.68559302445,True,True
2517,PD,IR,22.92299345952,0.0,-22.92299345952,282.68559302445,True,True
2518,PD,IR,22.92299345952,0.0,-22.92299345952,282.68559302445,True,True
2519,PD,IR,22.92299345952,0.0,-22.92299345952,282.68559302445,True,True
2520,PD,IR,22.92299345952,0.0,-22.92299345952,282.68559302445,True,True
2521,PD,IR,22.92299345952,0.0,-22.92299345952,282.68559302445,True,True
2522,PD,IR,22.92299345952,0.0,-22.92299345952,282.68559302445,True,True
2523,PD,IR,22.92299345952,0.0,-22.92299345952,282.68559302445,True,True
2524,PD,IR,22.92299345952,0.0,-22.92299345952,282.68559302445,True,True
2525,PD,IR,22.92299345952,0.0,-22.92299345952,282.68559302445,True,True
2526,PD,IR,22.92299345952,0.0,-22.92299345952,282.68559302445,True,True
2527,PD,IR,22.92299345952,0.0,-22.92299345952,282.68559302445,True,True
2528,PD,IR,22.92299345952,0.0,-22.92299345952,282.68559302445,True,True
2529,PD,IR,22.92299345952,0.0,-22.92299345952,282.68559302445,True,True
2530,PD,IR,22.92299345952,0.0,-22.92299345952,282.68559302445,True,True
2531,PD,IR,22.92299345952,0.0,-22.92299345952,282.68559302445,True,True
2532,PD,IR,22.92299345952,0.0,-22.92299345952,282.68559302445,True,True
2533,PD,IR,22.92299345952,0.0,-22.92299345952,282.68559302445,True,True
2534,PD,IR,22.92299345952,0.0,-22.92299345952,282.68559302445,True,True
2535,PD,IR,22.92299345952,0.0,-22.92299345952,282.68559302445,True,True
2536,PD,IR,22.92299345952,0.0,-22.92299345952,282.68559302445,True,True
2537,PD,IR,22.92299345952,0.0,-22.92299345952,282.68559302445,True,True
2538,PD,IR,22.92299345952,0.0,-22.92299345952,282.68559302445,True,True
2539,PD,IR,22.92299345952,0.0,-22.92299345952,282.68559302445,True,True
2540,PD,IR,22.92299345952,0.0,-22.92299345952,282.68559302445,True,True
2541,PD,IR,22.92299345952,0.0,-22.92299345952,282.68559302445,True,True
2542,PD,IR,22.92299345952,0.0,-22.92299345952,282.68559302445,True,True
2543,PD,IR,22.92299345952,0.0,-22.92299345952,282.68559302445,True,True
2544,PD,IR,22.92299345952,0.0,-22.92299345952,282.68559302445,True,True
2545,PD,IR,22.92299345952,0.0,-22.92299345952,282.68559302445,True,True
2546,PD,IR,22.92299345952,0.0,-22.92299345952,282.68559302445,True,True
2547,PD,IR,22.92299345952,0.0,-22.92299345952,282.68559302445,True,True
2548,PD,IR,22.92299345952,0.0,-22.92299345952,282.68559302445,True,True
2549,PD,IR,22.92299345952,0.0,-22.92299345952,282.68559302445,True,True
2550,PD,IR,22.92299345952,0.0,-22.92299345952,282.68559302445,True,True
2551,PD,IR,22.92299345952,0.0,-22.92299345952,282.68559302445,True,True
2552,PD,IR,22.92299345952,0.0,-22.92299345952,282.68559302445,True,True
2553,PD,IR,22.92299345952,0.0,-22.92299345952,282.68559302445,True,True
2554,PD,IR,22.92299345952,0.0,-22.92299345952,282.68559302445,True,True
2555,PD,IR,22.92299345952,0.0,-22.92299345952,282.68559302445,True,True
2556,PD,IR,22.92299345952,0.0,-22.92299345952,282.68559302445,True,True
2557,PD,IR,22.92299345952,0.0,-22.92299345952,282.68559302445,True,True
2558,PD,IR,22.92299345952,0.0,-22.92299345952,282.68559302445,True,True
2559,PD,IR,22.92299345952,0.0,-22.92299345952,282.68559302445,True,True
2560,PD,IR,22.92299345952,0.0,-22.92299345952,282.68559302445,True,True
2561,PD,IR,22.92299345952,0.0,-22.92299345952,282.68559302445,True,True
2562,PD,IR,22.92299345952,0.0,-22.92299345952,282.68559302445,True,True
2563,PD,IR,22.92299345952,0.0,-22.92299345952,282.68559302445,True,True
2564,PD,IR,22.92299345952,0.0,-22.92299345952,282.68559302445,True,True
2565,PD,IR,22.92299345952,0.0,-22.92299345952,282.68559302445,True,True
2566,PD,IR,22.92299345952,0.0,-22.92299345952,282.68559302445,True,True
2567,PD,IR,22.92299345952,0.0,-22.92299345952,282.68559302445,True,True
2568,PD,IR,22.92299345952,0.0,-22.92299345952,282.68559302445,True,True
2569,PD,IR,22.92299345952,0.0,-22.92299345952,282.68559302445,True,True
2570,PD,IR,22.92299345952,0.0,-22.92299345952,282.68559302445,True,True
2571,PD,IR,22.92299345952,0.0,-22.92299345952,282.68559302445,True,True
2572,PD,IR,22.92299345952,0.0,-22.92299345952,282.68559302445,True,True
2573,PD,IR,22.92299345952,0.0,-22.92299345952,282.68559302445,True,True
2574,PD,IR,22.92299345952,0.0,-22.92299345952,282.68559302445,True,True
2575,PD,IR,22.92299345952,0.0,-22.92299345952,282.68559302445,True,True
2576,PD,IR,22.92299345952,0.0,-22.92299345952,282.68559302445,True,True
2577,PD,IR,22.92299345952,0.0,-22.92299345952,282.68559302445,True,True
2578,PD,IR,22.92299345952,0.0,-22.92299345952,282.68559302445,True,True
2579,PD,IR,22.92299345952,0.0,-22.92299345952,282.68559302445,True,True
2580,PD,IR,22.92299345952,0.0,-22.92299345952,282.68559302445,True,True
2581,PD,IR,22.92299345952,0.0,-22.92299345952,282.68559302445,True,True
2582,PD,IR,22.92299345952,0.0,-22.92299345952,282.68559302445,True,True
2583,PD,IR,22.92299345952,0.0,-22.92299345952,282.68559302445,True,True
2584,PD,IR,22.92299345952,0.0,-22.92299345952,282.68559302445,True,True
2585,PD,IR,22.92299345952,0.0,-22.92299345952,282.68559302445,True,True
2586,PD,IR,22.92299345952,0.0,-22.92299345952,282.68559302445,True,True
2587,PD,IR,22.92299345952,0.0,-22.92299345952,282.68559302445,True,True
2588,PD,IR,22.92299345952,0.0,-22.92299345952,282.68559302445,True,True
2589,PD,IR,22.92299345952,0.0,-22.92299345952,282.68559302445,True,True
2590,PD,IR,22.92299345952,0.0,-22.92299345952,282.68559302445,True,True
2591,PD,IR,22.92299345952,0.0,-22.92299345952,282.68559302445,True,True
2592,PD,IR,22.92299345952,0.0,-22.92299345952,282.68559302445,True,True
2593,PD,IR,22.92299345952,0.0,-22.92299345952,282.68559302445,True,True
2594,PD,IR,22.92299345952,0.0,-22.92299345952,282.68559302445,True,True
2595,PD,IR,22.92299345952,0.0,-22.92299345952,282.68559302445,True,True
2596,PD,IR,22.92299345952,0.0,-22.92299345952,282.68559302445,True,True
2597,PD,IR,22.92299345952,0.0,-22.92299345952,282.68559302445,True,True
2598,PD,IR,22.92299345952,0.0,-22.92299345952,282.68559302445,True,True
2599,PD,IR,22.92299345952,0.0,-22.92299345952,282.68559302445,True,True
2600,PD,IR,22.92299345952,0.0,-22.92299345952,282.68559302445,True,True
2601,PD,IR,22.92299345952,0.0,-22.92299345952,282.68559302445,True,True
2602,PD,IR,22.92299345952,0.0,-22.92299345952,282.68559302445,True,True
2603,PD,IR,22.92299345952,0.0,-22.92299345952,282.68559302445,True,True
2604,PD,IR,22.92299345952,0.0,-22.92299345952,282.68559302445,True,True
2605,PD,IR,22.92299345952,0.0,-22.92299345952,282.68559302445,True,True
2606,PD,IR,22.92299345952,0.0,-22.92299345952,282.68559302445,True,True
2607,PD,IR,22.92299345952,0.0,-22.92299345952,282.68559302445,True,True
2608,PD,IR,22.92299345952,0.0,-22.92299345952,282.68559302445,True,True
2609,PD,IR,22.92299345952,0.0,-22.92299345952,282.68559302445,True,True
2610,PD,IR,22.92299345952,0.0,-22.92299345952,282.68559302445,True,True
2611,PD,IR,22.92299345952,0.0,-22.92299345952,282.68559302445,True,True
2612,PD,IR,22.92299345952,0.0,-22.92299345952,282.68559302445,True,True
2613,PD,IR,22.92299345952,0.0,-22.92299345952,282.68559302445,True,True
2614,PD,IR,22.92299345952,0.0,-22.92299345952,282.68559302445,True,True
2615,PD,IR,22.92299345952,0.0,-22.92299345952,282.68559302445,True,True
2616,PD,IR,22.92299345952,0.0,-22.92299345952,282.68559302445,True,True
2617,PD,IR,22.92299345952,0.0,-22.92299345952,282.68559302445,True,True
2618,PD,IR,22.92299345952,0.0,-22.92299345952,282.68559302445,True,True
2619,PD,IR,22.92299345952,0.0,-22.92299345952,282.68559302445,True,True
2620,PD,IR,22.92299345952,0.0,-22.92299345952,282.68559302445,True,True
2621,PD,IR,22.92299345952,0.0,-22.92299345952,282.68559302445,True,True
2622,PD,IR,22.92299345952,0.0,-22.92299345952,282.68559302445,True,True
2623,PD,IR,22.92299345952,0.0,-22.92299345952,282.68559302445,True,True
2624,PD,IR,22.92299345952,0.0,-22.92299345952,282.68559302445,True,True
2625,PD,IR,22.92299345952,0.0,-22.92299345952,282.68559302445,True,True
2626,PD,IR,22.92299345952,0.0,-22.92299345952,282.68559302445,True,True
2627,PD,IR,22.92299345952,0.0,-22.92299345952,282.68559302445,True,True
2628,PD,IR,22.92299345952,0.0,-22.92299345952,282.68559302445,True,True
2629,PD,IR,22.92299345952,0.0,-22.92299345952,282.68559302445,True,True
2630,PD,IR,22.92299345952,0.0,-22.92299345952,282.68559302445,True,True
2631,PD,IR,22.92299345952,0.0,-22.92299345952,282.68559302445,True,True
2632,PD,IR,22.92299345952,0.0,-22.92299345952,282.68559302445,True,True
2633,PD,IR,22.92299345952,0.0,-22.92299345952,282.68559302445,True,True
2634,PD,IR,22.92299345952,0.0,-22.92299345952,282.68559302445,True,True
2635,PD,IR,22.92299345952,0.0,-22.92299345952,282.68559302445,True,True
2636,PD,IR,22.92299345952,0.0,-22.92299345952,282.68559302445,True,True
2637,PD,IR,22.92299345952,0.0,-22.92299345952,282.68559302445,True,True
2638,PD,IR,22.92299345952,0.0,-22.92299345952,282.68559302445,True,True
2639,PD,IR,22.92299345952,0.0,-22.92299345952,282.68559302445,True,True
2640,PD,IR,22.92299345952,0.0,-22.92299345952,282.68559302445,True,True
2641,PD,IR,22.92299345952,0.0,-22.92299345952,282.68559302445,True,True
2642,PD,IR,22.92299345952,0.0,-22.92299345952,282.68559302445,True,True
2643,PD,IR,22.92299345952,0.0,-22.92299345952,282.68559302445,True,True
2644,PD,IR,22.92299345952,0.0,-22.92299345952,282.68559302445,True,True
2645,PD,IR,22.92299345952,0.0,-22.92299345952,282.68559302445,True,True
2646,PD,IR,22.92299345952,0.0,-22.92299345952,282.68559302445,True,True
2647,PD,IR,22.92299345952,0.0,-22.92299345952,282.68559302445,True,True
2648,PD,IR,22.92299345952,0.0,-22.92299345952,282.68559302445,True,True
2649,PD,IR,22.92299345952,0.0,-22.92299345952,282.68559302445,True,True
2650,PD,IR,22.92299345952,0.0,-22.92299345952,282.68559302445,True,True
2651,PD,IR,22.92299345952,0.0,-22.92299345952,282.68559302445,True,True
2652,PD,IR,22.92299345952,0.0,-22.92299345952,282.68559302445,True,True
2653,PD,IR,22.92299345952,0.0,-22.92299345952,282.68559302445,True,True
2654,PD,IR,22.92299345952,0.0,-22.92299345952,282.68559302445,True,True
2655,PD,IR,22.92299345952,0.0,-22.92299345952,282.68559302445,True,True
2656,PD,IR,22.92299345952,0.0,-22.92299345952,282.68559302445,True,True
2657,PD,IR,22.92299345952,0.0,-22.92299345952,282.68559302445,True,True
2658,PD,IR,22.92299345952,0.0,-22.92299345952,282.68559302445,True,True
2659,PD,IR,22.92299345952,0.0,-22.92299345952,282.68559302445,True,True
2660,PD,IR,22.92299345952,0.0,-22.92299345952,282.68559302445,True,True
2661,PD,IR,22.92299345952,0.0,-22.92299345952,282.68559302445,True,True
2662,PD,IR,22.92299345952,0.0,-22.92299345952,282.68559302445,True,True
2663,PD,IR,22.92299345952,0.0,-22.92299345952,282.68559302445,True,True
2664,PD,IR,22.92299345952,0.0,-22.92299345952,282.68559302445,True,True
2665,PD,IR,22.92299345952,0.0,-22.92299345952,282.68559302445,True,True
2666,PD,IR,22.92299345952,0.0,-22.92299345952,282.68559302445,True,True
2667,PD,IR,22.92299345952,0.0,-22.92299345952,282.68559302445,True,True
2668,PD,IR,22.92299345952,0.0,-22.92299345952,282.68559302445,True,True
2669,PD,IR,22.92299345952,0.0,-22.92299345952,282.68559302445,True,True
2670,PD,IR,22.92299345952,0.0,-22.92299345952,282.68559302445,True,True
2671,PD,IR,22.92299345952,0.0,-22.92299345952,282.68559302445,True,True
2672,PD,IR,22.92299345952,0.0,-22.92299345952,282.68559302445,True,True
2673,PD,IR,22.92299345952,0.0,-22.92299345952,282.68559302445,True,True
2674,PD,IR,22.92299345952,0.0,-22.92299345952,282.68559302445,True,True
2675,PD,IR,22.92299345952,0.0,-22.92299345952,282.68559302445,True,True
2676,PD,IR,22.92299345952,0.0,-22.92299345952,282.68559302445,True,True
2677,PD,IR,22.92299345952,0.0,-22.92299345952,282.68559302445,True,True
2678,PD,IR,22.92299345952,0.0,-22.92299345952,282.68559302445,True,True
2679,PD,IR,22.92299345952,0.0,-22.92299345952,282.68559302445,True,True
2680,PD,IR,22.92299345952,0.0,-22.92299345952,282.68559302445,True,True
2681,PD,IR,22.92299345952,0.0,-22.92299345952,282.68559302445,True,True
2682,PD,IR,22.92299345952,0.0,-22.92299345952,282.68559302445,True,True
2683,PD,IR,22.92299345952,0.0,-22.92299345952,282.68559302445,True,True
2684,PD,IR,22.92299345952,0.0,-22.92299345952,282.68559302445,True,True
2685,PD,IR,22.92299345952,0.0,-22.92299345952,282.68559302445,True,True
2686,PD,IR,22.92299345952,0.0,-22.92299345952,282.68559302445,True,True
2687,PD,IR,22.92299345952,0.0,-22.92299345952,282.68559302445,True,True
2688,PD,IR,22.92299345952,0.0,-22.92299345952,282.68559302445,True,True
2689,PD,IR,22.92299345952,0.0,-22.92299345952,282.68559302445,True,True
2690,PD,IR,22.92299345952,0.0,-22.92299345952,282.68559302445,True,True
2691,PD,IR,22.92299345952,0.0,-22.92299345952,282.68559302445,True,True
2692,PD,IR,22.92299345952,0.0,-22.92299345952,282.68559302445,True,True
2693,PD,IR,22.92299345952,0.0,-22.92299345952,282.68559302445,True,True
2694,PD,IR,22.92299345952,0.0,-22.92299345952,282.68559302445,True,True
2695,PD,IR,22.92299345952,0.0,-22.92299345952,282.68559302445,True,True
2696,PD,IR,22.92299345952,0.0,-22.92299345952,282.68559302445,True,True
2697,PD,IR,22.92299345952,0.0,-22.92299345952,282.68559302445,True,True
2698,PD,IR,22.92299345952,0.0,-22.92299345952,282.68559302445,True,True
2699,PD,IR,22.92299345952,0.0,-22.92299345952,282.68559302445,True,True
2700,PD,IR,22.92299345952,0.0,-22.92299345952,282.68559302445,True,True
2701,PD,IR,22.92299345952,0.0,-22.92299345952,282.68559302445,True,True
2702,PD,IR,22.92299345952,0.0,-22.92299345952,282.68559302445,True,True
2703,PD,IR,22.92299345952,0.0,-22.92299345952,282.68559302445,True,True
2704,PD,IR,22.92299345952,0.0,-22.92299345952,282.68559302445,True,True
2705,PD,IR,22.92299345952,0.0,-22.92299345952,282.68559302445,True,True
2706,PD,IR,22.92299345952,0.0,-22.92299345952,282.68559302445,True,True
2707,PD,IR,22.92299345952,0.0,-22.92299345952,282.68559302445,True,True
2708,PD,IR,22.92299345952,0.0,-22.92299345952,282.68559302445,True,True
2709,PD,IR,22.92299345952,0.0,-22.92299345952,282.68559302445,True,True
2710,PD,IR,22.92299345952,0.0,-22.92299345952,282.68559302445,True,True
2711,PD,IR,22.92299345952,0.0,-22.92299345952,282.68559302445,True,True
2712,PD,IR,22.92299345952,0.0,-22.92299345952,282.68559302445,True,True
2713,PD,IR,22.92299345952,0.0,-22.92299345952,282.68559302445,True,True
2714,PD,IR,22.92299345952,0.0,-22.92299345952,282.68559302445,True,True
2715,PD,IR,22.92299345952,0.0,-22.92299345952,282.68559302445,True,True
2716,PD,IR,22.92299345952,0.0,-22.92299345952,282.68559302445,True,True
2717,PD,IR,22.92299345952,0.0,-22.92299345952,282.68559302445,True,True
2718,PD,IR,22.92299345952,0.0,-22.92299345952,282.68559302445,True,True
2719,PD,IR,22.92299345952,0.0,-22.92299345952,282.68559302445,True,True
2720,PD,IR,22.92299345952,0.0,-22.92299345952,282.68559302445,True,True
2721,PD,IR,22.92299345952,0.0,-22.92299345952,282.68559302445,True,True
2722,PD,IR,22.92299345952,0.0,-22.92299345952,282.68559302445,True,True
2723,PD,IR,22.92299345952,0.0,-22.92299345952,282.68559302445,True,True
2724,PD,IR,22.92299345952,0.0,-22.92299345952,282.68559302445,True,True
2725,PD,IR,22.92299345952,0.0,-22.92299345952,282.68559302445,True,True
2726,PD,IR,22.92299345952,0.0,-22.92299345952,282.68559302445,True,True
2727,PD,IR,22.92299345952,0.0,-22.92299345952,282.68559302445,True,True
2728,PD,IR,22.92299345952,0.0,-22.92299345952,282.68559302445,True,True
2729,PD,IR,22.92299345952,0.0,-22.92299345952,282.68559302445,True,True
2730,PD,IR,22.92299345952,0.0,-22.92299345952,282.68559302445,True,True
2731,PD,IR,22.92299345952,0.0,-22.92299345952,282.68559302445,True,True
2732,PD,IR,22.92299345952,0.0,-22.92299345952,282.68559302445,True,True
2733,PD,IR,22.92299345952,0.0,-22.92299345952,282.68559302445,True,True
2734,PD,IR,22.92299345952,0.0,-22.92299345952,282.68559302445,True,True
2735,PD,IR,22.92299345952,0.0,-22.92299345952,282.68559302445,True,True
2736,PD,IR,22.92299345952,0.0,-22.92299345952,282.68559302445,True,True
2737,PD,IR,22.92299345952,0.0,-22.92299345952,282.68559302445,True,True
2738,PD,IR,22.92299345952,0.0,-22.92299345952,282.68559302445,True,True
2739,PD,IR,22.92299345952,0.0,-22.92299345952,282.68559302445,True,True
2740,PD,IR,22.92299345952,0.0,-22.92299345952,282.68559302445,True,True
2741,PD,IR,22.92299345952,0.0,-22.92299345952,282.68559302445,True,True
2742,PD,IR,22.92299345952,0.0,-22.92299345952,282.68559302445,True,True
2743,PD,IR,22.92299345952,0.0,-22.92299345952,282.68559302445,True,True
2744,PD,IR,22.92299345952,0.0,-22.92299345952,282.68559302445,True,True
2745,PD,IR,22.92299345952,0.0,-22.92299345952,282.68559302445,True,True
2746,PD,IR,22.92299345952,0.0,-22.92299345952,282.68559302445,True,True
2747,PD,IR,22.92299345952,0.0,-22.92299345952,282.68559302445,True,True
2748,PD,IR,22.92299345952,0.0,-22.92299345952,282.68559302445,True,True
2749,PD,IR,22.92299345952,0.0,-22.92299345952,282.68559302445,True,True
2750,PD,IR,22.92299345952,0.0,-22.92299345952,282.68559302445,True,True
2751,PD,IR,22.92299345952,0.0,-22.92299345952,282.68559302445,True,True
2752,PD,IR,22.92299345952,0.0,-22.92299345952,282.68559302445,True,True
2753,PD,IR,22.92299345952,0.0,-22.92299345952,282.68559302445,True,True
2754,PD,IR,22.92299345952,0.0,-22.92299345952,282.68559302445,True,True
2755,PD,IR,22.92299345952,0.0,-22.92299345952,282.68559302445,True,True
2756,PD,IR,22.92299345952,0.0,-22.92299345952,282.68559302445,True,True
2757,PD,IR,22.92299345952,0.0,-22.92299345952,282.68559302445,True,True
2758,PD,IR,22.92299345952,0.0,-22.92299345952,282.68559302445,True,True
2759,PD,IR,22.92299345952,0.0,-22.92299345952,282.68559302445,True,True
2760,PD,IR,22.92299345952,0.0,-22.92299345952,282.68559302445,True,True
2761,PD,IR,22.92299345952,0.0,-22.92299345952,282.68559302445,True,True
2762,PD,IR,22.92299345952,0.0,-22.92299345952,282.68559302445,True,True
2763,PD,IR,22.92299345952,0.0,-22.92299345952,282.68559302445,True,True
2764,PD,IR,22.92299345952,0.0,-22.92299345952,282.68559302445,True,True
2765,PD,IR,22.92299345952,0.0,-22.92299345952,282.68559302445,True,True
2766,PD,IR,22.92299345952,0.0,-22.92299345952,282.68559302445,True,True
2767,PD,IR,22.92299345952,0.0,-22.92299345952,282.68559302445,True,True
2768,PD,IR,22.92299345952,0.0,-22.92299345952,282.68559302445,True,True
2769,PD,IR,22.92299345952,0.0,-22.92299345952,282.68559302445,True,True
2770,PD,IR,22.92299345952,0.0,-22.92299345952,282.68559302445,True,True
2771,PD,IR,22.92299345952,0.0,-22.92299345952,282.68559302445,True,True
2772,PD,IR,22.92299345952,0.0,-22.92299345952,282.68559302445,True,True
2773,PD,IR,22.92299345952,0.0,-22.92299345952,282.68559302445,True,True
2774,PD,IR,22.92299345952,0.0,-22.92299345952,282.68559302445,True,True
2775,PD,IR,22.92299345952,0.0,-22.92299345952,282.68559302445,True,True
2776,PD,IR,22.92299345952,0.0,-22.92299345952,282.68559302445,True,True
2777,PD,IR,22.92299345952,0.0,-22.92299345952,282.68559302445,True,True
2778,PD,IR,22.92299345952,0.0,-22.92299345952,282.68559302445,True,True
2779,PD,IR,22.92299345952,0.0,-22.92299345952,282.68559302445,True,True
2780,PD,IR,22.92299345952,0.0,-22.92299345952,282.68559302445,True,True
2781,PD,IR,22.92299345952,0.0,-22.92299345952,282.68559302445,True,True
2782,PD,IR,22.92299345952,0.0,-22.92299345952,282.68559302445,True,True
2783,PD,IR,22.92299345952,0.0,-22.92299345952,282.68559302445,True,True
2784,PD,IR,22.92299345952,0.0,-22.92299345952,282.68559302445,True,True
2785,PD,IR,22.92299345952,0.0,-22.92299345952,282.68559302445,True,True
2786,PD,IR,22.92299345952,0.0,-22.92299345952,282.68559302445,True,True
2787,PD,IR,22.92299345952,0.0,-22.92299345952,282.68559302445,True,True
2788,PD,IR,22.92299345952,0.0,-22.92299345952,282.68559302445,True,True
2789,PD,IR,22.92299345952,0.0,-22.92299345952,282.68559302445,True,True
2790,PD,IR,22.92299345952,0.0,-22.92299345952,282.68559302445,True,True
2791,PD,IR,22.92299345952,0.0,-22.92299345952,282.68559302445,True,True
2792,PD,IR,22.92299345952,0.0,-22.92299345952,282.68559302445,True,True
2793,PD,IR,22.92299345952,0.0,-22.92299345952,282.68559302445,True,True
2794,PD,IR,22.92299345952,0.0,-22.92299345952,282.68559302445,True,True
2795,PD,IR,22.92299345952,0.0,-22.92299345952,282.68559302445,True,True
2796,PD,IR,22.92299345952,0.0,-22.92299345952,282.68559302445,True,True
2797,PD,IR,22.92299345952,0.0,-22.92299345952,282.68559302445,True,True
2798,PD,IR,22.92299345952,0.0,-22.92299345952,282.68559302445,True,True
2799,PD,IR,22.92299345952,0.0,-22.92299345952,282.68559302445,True,True
2800,PD,IR,22.92299345952,0.0,-22.92299345952,282.68559302445,True,True
2801,PD,IR,22.92299345952,0.0,-22.92299345952,282.68559302445,True,True
2802,PD,IR,22.92299345952,0.0,-22.92299345952,282.68559302445,True,True
2803,PD,IR,22.92299345952,0.0,-22.92299345952,282.68559302445,True,True
2804,PD,IR,22.92299345952,0.0,-22.92299345952,282.68559302445,True,True
2805,PD,IR,22.92299345952,0.0,-22.92299345952,282.68559302445,True,True
2806,PD,IR,22.92299345952,0.0,-22.92299345952,282.68559302445,True,True
2807,PD,IR,22.92299345952,0.0,-22.92299345952,282.68559302445,True,True
2808,PD,IR,22.92299345952,0.0,-22.92299345952,282.68559302445,True,True
2809,PD,IR,22.92299345952,0.0,-22.92299345952,282.68559302445,True,True
2810,PD,IR,22.92299345952,0.0,-22.92299345952,282.68559302445,True,True
2811,PD,IR,22.92299345952,0.0,-22.92299345952,282.68559302445,True,True
2812,PD,IR,22.92299345952,0.0,-22.92299345952,282.68559302445,True,True
2813,PD,IR,22.92299345952,0.0,-22.92299345952,282.68559302445,True,True
2814,PD,IR,22.92299345952,0.0,-22.92299345952,282.68559302445,True,True
2815,PD,IR,22.92299345952,0.0,-22.92299345952,282.68559302445,True,True
2816,PD,IR,22.92299345952,0.0,-22.92299345952,282.68559302445,True,True
2817,PD,IR,22.92299345952,0.0,-22.92299345952,282.68559302445,True,True
2818,PD,IR,22.92299345952,0.0,-22.92299345952,282.68559302445,True,True
2819,PD,IR,22.92299345952,0.0,-22.92299345952,282.68559302445,True,True
2820,PD,IR,22.92299345952,0.0,-22.92299345952,282.68559302445,True,True
2821,PD,IR,22.92299345952,0.0,-22.92299345952,282.68559302445,True,True
2822,PD,IR,22.92299345952,0.0,-22.92299345952,282.68559302445,True,True
2823,PD,IR,22.92299345952,0.0,-22.92299345952,282.68559302445,True,True
2824,PD,IR,22.92299345952,0.0,-22.92299345952,282.68559302445,True,True
2825,PD,IR,22.92299345952,0.0,-22.92299345952,282.68559302445,True,True
2826,PD,IR,22.92299345952,0.0,-22.92299345952,282.68559302445,True,True
2827,PD,IR,22.92299345952,0.0,-22.92299345952,282.68559302445,True,True
2828,PD,IR,22.92299345952,0.0,-22.92299345952,282.68559302445,True,True
2829,PD,IR,22.92299345952,0.0,-22.92299345952,282.68559302445,True,True
2830,PD,IR,22.92299345952,0.0,-22.92299345952,282.68559302445,True,True
2831,PD,IR,22.92299345952,0.0,-22.92299345952,282.68559302445,True,True
2832,PD,IR,22.92299345952,0.0,-22.92299345952,282.68559302445,True,True
2833,PD,IR,22.92299345952,0.0,-22.92299345952,282.68559302445,True,True
2834,PD,IR,22.92299345952,0.0,-22.92299345952,282.68559302445,True,True
2835,PD,IR,22.92299345952,0.0,-22.92299345952,282.68559302445,True,True
2836,PD,IR,22.92299345952,0.0,-22.92299345952,282.68559302445,True,True
2837,PD,IR,22.92299345952,0.0,-22.92299345952,282.68559302445,True,True
2838,PD,IR,22.92299345952,0.0,-22.92299345952,282.68559302445,True,True
2839,PD,IR,22.92299345952,0.0,-22.92299345952,282.68559302445,True,True
2840,PD,IR,22.92299345952,0.0,-22.92299345952,282.68559302445,True,True
2841,PD,IR,22.92299345952,0.0,-22.92299345952,282.68559302445,True,True
2842,PD,IR,22.92299345952,0.0,-22.92299345952,282.68559302445,True,True
2843,PD,IR,22.92299345952,0.0,-22.92299345952,282.68559302445,True,True
2844,PD,IR,22.92299345952,0.0,-22.92299345952,282.68559302445,True,True
2845,PD,IR,22.92299345952,0.0,-22.92299345952,282.68559302445,True,True
2846,PD,IR,22.92299345952,0.0,-22.92299345952,282.68559302445,True,True
2847,PD,IR,22.92299345952,0.0,-22.92299345952,282.68559302445,True,True
2848,PD,IR,22.92299345952,0.0,-22.92299345952,282.68559302445,True,True
2849,PD,IR,22.92299345952,0.0,-22.92299345952,282.68559302445,True,True
2850,PD,IR,22.92299345952,0.0,-22.92299345952,282.68559302445,True,True
2851,PD,IR,22.92299345952,0.0,-22.92299345952,282.68559302445,True,True
2852,PD,IR,22.92299345952,0.0,-22.92299345952,282.68559302445,True,True
2853,PD,IR,22.92299345952,0.0,-22.92299345952,282.68559302445,True,True
2854,PD,IR,22.92299345952,0.0,-22.92299345952,282.68559302445,True,True
2855,PD,IR,22.92299345952,0.0,-22.92299345952,282.68559302445,True,True
2856,PD,IR,22.92299345952,0.0,-22.92299345952,282.68559302445,True,True
2857,PD,IR,22.92299345952,0.0,-22.92299345952,282.68559302445,True,True
2858,PD,IR,22.92299345952,0.0,-22.92299345952,282.68559302445,True,True
2859,PD,IR,22.92299345952,0.0,-22.92299345952,282.68559302445,True,True
2860,PD,IR,22.92299345952,0.0,-22.92299345952,282.68559302445,True,True
2861,PD,IR,22.92299345952,0.0,-22.92299345952,282.68559302445,True,True
2862,PD,IR,22.92299345952,0.0,-22.92299345952,282.68559302445,True,True
2863,PD,IR,22.92299345952,0.0,-22.92299345952,282.68559302445,True,True
2864,PD,IR,22.92299345952,0.0,-22.92299345952,282.68559302445,True,True
2865,PD,IR,22.92299345952,0.0,-22.92299345952,282.68559302445,True,True
2866,PD,IR,22.92299345952,0.0,-22.92299345952,282.68559302445,True,True
2867,PD,IR,22.92299345952,0.0,-22.92299345952,282.68559302445,True,True
2868,PD,IR,22.92299345952,0.0,-22.92299345952,282.68559302445,True,True
2869,PD,IR,22.92299345952,0.0,-22.92299345952,282.68559302445,True,True
2870,PD,IR,22.92299345952,0.0,-22.92299345952,282.68559302445,True,True
2871,PD,IR,22.92299345952,0.0,-22.92299345952,282.68559302445,True,True
2872,PD,IR,22.92299345952,0.0,-22.92299345952,282.68559302445,True,True
2873,PD,IR,22.92299345952,0.0,-22.92299345952,282.68559302445,True,True
2874,PD,IR,22.92299345952,0.0,-22.92299345952,282.68559302445,True,True
2875,PD,IR,22.92299345952,0.0,-22.92299345952,282.68559302445,True,True
2876,PD,IR,22.92299345952,0.0,-22.92299345952,282.68559302445,True,True
2877,PD,IR,22.92299345952,0.0,-22.92299345952,282.68559302445,True,True
2878,PD,IR,22.92299345952,0.0,-22.92299345952,282.68559302445,True,True
2879,PD,IR,22.92299345952,0.0,-22.92299345952,282.68559302445,True,True
2880,PD,IR,22.92299345952,0.0,-22.92299345952,282.68559302445,True,True
2881,PD,IR,22.92299345952,0.0,-22.92299345952,282.68559302445,True,True
2882,PD,IR,22.92299345952,0.0,-22.92299345952,282.68559302445,True,True
2883,PD,IR,22.92299345952,0.0,-22.92299345952,282.68559302445,True,True
2884,PD,IR,22.92299345952,0.0,-22.92299345952,282.68559302445,True,True
2885,PD,IR,22.92299345952,0.0,-22.92299345952,282.68559302445,True,True
2886,PD,IR,22.92299345952,0.0,-22.92299345952,282.68559302445,True,True
2887,PD,IR,22.92299345952,0.0,-22.92299345952,282.68559302445,True,True
2888,PD,IR,22.92299345952,0.0,-22.92299345952,282.68559302445,True,True
2889,PD,IR,22.92299345952,0.0,-22.92299345952,282.68559302445,True,True
2890,PD,IR,22.92299345952,0.0,-22.92299345952,282.68559302445,True,True
2891,PD,IR,22.92299345952,0.0,-22.92299345952,282.68559302445,True,True
2892,PD,IR,22.92299345952,0.0,-22.92299345952,282.68559302445,True,True
2893,PD,IR,22.92299345952,0.0,-22.92299345952,282.68559302445,True,True
2894,PD,IR,22.92299345952,0.0,-22.92299345952,282.68559302445,True,True
2895,PD,IR,22.92299345952,0.0,-22.92299345952,282.68559302445,True,True
2896,PD,IR,22.92299345952,0.0,-22.92299345952,282.68559302445,True,True
2897,PD,IR,22.92299345952,0.0,-22.92299345952,282.68559302445,True,True
2898,PD,IR,22.92299345952,0.0,-22.92299345952,282.68559302445,True,True
2899,PD,IR,22.92299345952,0.0,-22.92299345952,282.68559302445,True,True
2900,PD,IR,22.92299345952,0.0,-22.92299345952,282.68559302445,True,True
2901,PD,IR,22.92299345952,0.0,-22.92299345952,282.68559302445,True,True
2902,PD,IR,22.92299345952,0.0,-22.92299345952,282.68559302445,True,True
2903,PD,IR,22.92299345952,0.0,-22.92299345952,282.68559302445,True,True
2904,PD,IR,22.92299345952,0.0,-22.92299345952,282.68559302445,True,True
2905,PD,IR,22.92299345952,0.0,-22.92299345952,282.68559302445,True,True
2906,PD,IR,22.92299345952,0.0,-22.92299345952,282.68559302445,True,True
2907,PD,IR,22.92299345952,0.0,-22.92299345952,282.68559302445,True,True
2908,PD,IR,22.92299345952,0.0,-22.92299345952,282.68559302445,True,True
2909,PD,IR,22.92299345952,0.0,-22.92299345952,282.68559302445,True,True
2910,PD,IR,22.92299345952,0.0,-22.92299345952,282.68559302445,True,True
2911,PD,IR,22.92299345952,0.0,-22.92299345952,282.68559302445,True,True
2912,PD,IR,22.92299345952,0.0,-22.92299345952,282.68559302445,True,True
2913,PD,IR,22.92299345952,0.0,-22.92299345952,282.68559302445,True,True
2914,PD,IR,22.92299345952,0.0,-22.92299345952,282.68559302445,True,True
2915,PD,IR,22.92299345952,0.0,-22.92299345952,282.68559302445,True,True
2916,PD,IR,22.92299345952,0.0,-22.92299345952,282.68559302445,True,True
2917,PD,IR,22.92299345952,0.0,-22.92299345952,282.68559302445,True,True
2918,PD,IR,22.92299345952,0.0,-22.92299345952,282.68559302445,True,True
2919,PD,IR,22.92299345952,0.0,-22.92299345952,282.68559302445,True,True
2920,PD,IR,22.92299345952,0.0,-22.92299345952,282.68559302445,True,True
2921,PD,IR,22.92299345952,0.0,-22.92299345952,282.68559302445,True,True
2922,PD,IR,22.92299345952,0.0,-22.92299345952,282.68559302445,True,True
2923,PD,IR,22.92299345952,0.0,-22.92299345952,282.68559302445,True,True
2924,PD,IR,22.92299345952,0.0,-22.92299345952,282.68559302445,True,True
2925,PD,IR,22.92299345952,0.0,-22.92299345952,282.68559302445,True,True
2926,PD,IR,22.92299345952,0.0,-22.92299345952,282.68559302445,True,True
2927,PD,IR,22.92299345952,0.0,-22.92299345952,282.68559302445,True,True
2928,PD,IR,22.92299345952,0.0,-22.92299345952,282.68559302445,True,True
2929,PD,IR,22.92299345952,0.0,-22.92299345952,282.68559302445,True,True
2930,PD,IR,22.92299345952,0.0,-22.92299345952,282.68559302445,True,True
2931,PD,IR,22.92299345952,0.0,-22.92299345952,282.68559302445,True,True
2932,PD,IR,22.92299345952,0.0,-22.92299345952,282.68559302445,True,True
2933,PD,IR,22.92299345952,0.0,-22.92299345952,282.68559302445,True,True
2934,PD,IR,22.92299345952,0.0,-22.92299345952,282.68559302445,True,True
2935,PD,IR,22.92299345952,0.0,-22.92299345952,282.68559302445,True,True
2936,PD,IR,22.92299345952,0.0,-22.92299345952,282.68559302445,True,True
2937,PD,IR,22.92299345952,0.0,-22.92299345952,282.68559302445,True,True
2938,PD,IR,22.92299345952,0.0,-22.92299345952,282.68559302445,True,True
2939,PD,IR,22.92299345952,0.0,-22.92299345952,282.68559302445,True,True
2940,PD,IR,22.92299345952,0.0,-22.92299345952,282.68559302445,True,True
2941,PD,IR,22.92299345952,0.0,-22.92299345952,282.68559302445,True,True
2942,PD,IR,22.92299345952,0.0,-22.92299345952,282.68559302445,True,True
2943,PD,IR,22.92299345952,0.0,-22.92299345952,282.68559302445,True,True
2944,PD,IR,22.92299345952,0.0,-22.92299345952,282.68559302445,True,True
2945,PD,IR,22.92299345952,0.0,-22.92299345952,282.68559302445,True,True
2946,PD,IR,22.92299345952,0.0,-22.92299345952,282.68559302445,True,True
2947,PD,IR,22.92299345952,0.0,-22.92299345952,282.68559302445,True,True
2948,PD,IR,22.92299345952,0.0,-22.92299345952,282.68559302445,True,True
2949,PD,IR,22.92299345952,0.0,-22.92299345952,282.68559302445,True,True
2950,PD,IR,22.92299345952,0.0,-22.92299345952,282.68559302445,True,True
2951,PD,IR,22.92299345952,0.0,-22.92299345952,282.68559302445,True,True
2952,PD,IR,22.92299345952,0.0,-22.92299345952,282.68559302445,True,True
2953,PD,IR,22.92299345952,0.0,-22.92299345952,282.68559302445,True,True
2954,PD,IR,22.92299345952,0.0,-22.92299345952,282.68559302445,True,True
2955,PD,IR,22.92299345952,0.0,-22.92299345952,282.68559302445,True,True
2956,PD,IR,22.92299345952,0.0,-22.92299345952,282.68559302445,True,True
2957,PD,IR,22.92299345952,0.0,-22.92299345952,282.68559302445,True,True
2958,PD,IR,22.92299345952,0.0,-22.92299345952,282.68559302445,True,True
2959,PD,IR,22.92299345952,0.0,-22.92299345952,282.68559302445,True,True
2960,PD,IR,22.92299345952,0.0,-22.92299345952,282.68559302445,True,True
2961,PD,IR,22.92299345952,0.0,-22.92299345952,282.68559302445,True,True
2962,PD,IR,22.92299345952,0.0,-22.92299345952,282.68559302445,True,True
2963,PD,IR,22.92299345952,0.0,-22.92299345952,282.68559302445,True,True
2964,PD,IR,22.92299345952,0.0,-22.92299345952,282.68559302445,True,True
2965,PD,IR,22.92299345952,0.0,-22.92299345952,282.68559302445,True,True
2966,PD,IR,22.92299345952,0.0,-22.92299345952,282.68559302445,True,True
2967,PD,IR,22.92299345952,0.0,-22.92299345952,282.68559302445,True,True
2968,PD,IR,22.92299345952,0.0,-22.92299345952,282.68559302445,True,True
2969,PD,IR,22.92299345952,0.0,-22.92299345952,282.68559302445,True,True
2970,PD,IR,22.92299345952,0.0,-22.92299345952,282.68559302445,True,True
2971,PD,IR,22.92299345952,0.0,-22.92299345952,282.68559302445,True,True
2972,PD,IR,22.92299345952,0.0,-22.92299345952,282.68559302445,True,True
2973,PD,IR,22.92299345952,0.0,-22.92299345952,282.68559302445,True,True
2974,PD,IR,22.92299345952,0.0,-22.92299345952,282.68559302445,True,True
2975,PD,IR,22.92299345952,0.0,-22.92299345952,282.68559302445,True,True
2976,PD,IR,22.92299345952,0.0,-22.92299345952,282.68559302445,True,True
2977,PD,IR,22.92299345952,0.0,-22.92299345952,282.68559302445,True,True
2978,PD,IR,22.92299345952,0.0,-22.92299345952,282.68559302445,True,True
2979,PD,IR,22.92299345952,0.0,-22.92299345952,282.68559302445,True,True
2980,PD,IR,22.92299345952,0.0,-22.92299345952,282.68559302445,True,True
2981,PD,IR,22.92299345952,0.0,-22.92299345952,282.68559302445,True,True
2982,PD,IR,22.92299345952,0.0,-22.92299345952,282.68559302445,True,True
2983,PD,IR,22.92299345952,0.0,-22.92299345952,282.68559302445,True,True
2984,PD,IR,22.92299345952,0.0,-22.92299345952,282.68559302445,True,True
2985,PD,IR,22.92299345952,0.0,-22.92299345952,282.68559302445,True,True
2986,PD,IR,22.92299345952,0.0,-22.92299345952,282.68559302445,True,True
2987,PD,IR,22.92299345952,0.0,-22.92299345952,282.68559302445,True,True
2988,PD,IR,22.92299345952,0.0,-22.92299345952,282.68559302445,True,True
2989,PD,IR,22.92299345952,0.0,-22.92299345952,282.68559302445,True,True
2990,PD,IR,22.92299345952,0.0,-22.92299345952,282.68559302445,True,True
2991,PD,IR,22.92299345952,0.0,-22.92299345952,282.68559302445,True,True
2992,PD,IR,22.92299345952,0.0,-22.92299345952,282.68559302445,True,True
2993,PD,IR,22.92299345952,0.0,-22.92299345952,282.68559302445,True,True
2994,PD,IR,22.92299345952,0.0,-22.92299345952,282.68559302445,True,True
2995,PD,IR,22.92299345952,0.0,-22.92299345952,282.68559302445,True,True
2996,PD,IR,22.92299345952,0.0,-22.92299345952,282.68559302445,True,True
2997,PD,IR,22.92299345952,0.0,-22.92299345952,282.68559302445,True,True
2998,PD,IR,22.92299345952,0.0,-22.92299345952,282.68559302445,True,True
2999,PD,IR,22.92299345952,0.0,-22.92299345952,282.68559302445,True,True
3000,PD,IR,22.92299345952,0.0,-22.92299345952,282.68559302445,True,True
3001,PD,IR,22.92299345952,0.0,-22.92299345952,282.68559302445,True,True
3002,PD,IR,22.92299345952,0.0,-22.92299345952,282.68559302445,True,True
3003,PD,IR,22.92299345952,0.0,-22.92299345952,282.68559302445,True,True
3004,PD,IR,22.92299345952,0.0,-22.92299345952,282.68559302445,True,True
3005,PD,IR,22.92299345952,0.0,-22.92299345952,282.68559302445,True,True
3006,PD,IR,22.92299345952,0.0,-22.92299345952,282.68559302445,True,True
3007,PD,IR,22.92299345952,0.0,-22.92299345952,282.68559302445,True,True
3008,PD,IR,22.92299345952,0.0,-22.92299345952,282.68559302445,True,True
3009,PD,IR,22.92299345952,0.0,-22.92299345952,282.68559302445,True,True
3010,PD,IR,22.92299345952,0.0,-22.92299345952,282.68559302445,True,True
3011,PD,IR,22.92299345952,0.0,-22.92299345952,282.68559302445,True,True
3012,PD,IR,22.92299345952,0.0,-22.92299345952,282.68559302445,True,True
3013,PD,IR,22.92299345952,0.0,-22.92299345952,282.68559302445,True,True
3014,PD,IR,22.92299345952,0.0,-22.92299345952,282.68559302445,True,True
3015,PD,IR,22.92299345952,0.0,-22.92299345952,282.68559302445,True,True
3016,PD,IR,22.92299345952,0.0,-22.92299345952,282.68559302445,True,True
3017,PD,IR,22.92299345952,0.0,-22.92299345952,282.68559302445,True,True
3018,PD,IR,22.92299345952,0.0,-22.92299345952,282.68559302445,True,True
3019,PD,IR,22.92299345952,0.0,-22.92299345952,282.68559302445,True,True
3020,PD,IR,22.92299345952,0.0,-22.92299345952,282.68559302445,True,True
3021,PD,IR,22.92299345952,0.0,-22.92299345952,282.68559302445,True,True
3022,PD,IR,22.92299345952,0.0,-22.92299345952,282.68559302445,True,True
3023,PD,IR,22.92299345952,0.0,-22.92299345952,282.68559302445,True,True
3024,PD,IR,22.92299345952,0.0,-22.92299345952,282.68559302445,True,True
3025,PD,IR,22.92299345952,0.0,-22.92299345952,282.68559302445,True,True
3026,PD,IR,22.92299345952,0.0,-22.92299345952,282.68559302445,True,True
3027,PD,IR,22.92299345952,0.0,-22.92299345952,282.68559302445,True,True
3028,PD,IR,22.92299345952,0.0,-22.92299345952,282.68559302445,True,True
3029,PD,IR,22.92299345952,0.0,-22.92299345952,282.68559302445,True,True
3030,PD,IR,22.92299345952,0.0,-22.92299345952,282.68559302445,True,True
3031,PD,IR,22.92299345952,0.0,-22.92299345952,282.68559302445,True,True
3032,PD,IR,22.92299345952,0.0,-22.92299345952,282.68559302445,True,True
3033,PD,IR,22.92299345952,0.0,-22.92299345952,282.68559302445,True,True
3034,PD,IR,22.92299345952,0.0,-22.92299345952,282.68559302445,True,True
3035,PD,IR,22.92299345952,0.0,-22.92299345952,282.68559302445,True,True
3036,PD,IR,22.92299345952,0.0,-22.92299345952,282.68559302445,True,True
3037,PD,IR,22.92299345952,0.0,-22.92299345952,282.68559302445,True,True
3038,PD,IR,22.92299345952,0.0,-22.92299345952,282.68559302445,True,True
3039,PD,IR,22.92299345952,0.0,-22.92299345952,282.68559302445,True,True
3040,PD,IR,22.92299345952,0.0,-22.92299345952,282.68559302445,True,True
3041,PD,IR,22.92299345952,0.0,-22.92299345952,282.68559302445,True,True
3042,PD,IR,22.92299345952,0.0,-22.92299345952,282.68559302445,True,True
3043,PD,IR,22.92299345952,0.0,-22.92299345952,282.68559302445,True,True
3044,PD,IR,22.92299345952,0.0,-22.92299345952,282.68559302445,True,True
3045,PD,IR,22.92299345952,0.0,-22.92299345952,282.68559302445,True,True
3046,PD,IR,22.92299345952,0.0,-22.92299345952,282.68559302445,True,True
3047,PD,IR,22.92299345952,0.0,-22.92299345952,282.68559302445,True,True
3048,PD,IR,22.92299345952,0.0,-22.92299345952,282.68559302445,True,True
3049,PD,IR,22.92299345952,0.0,-22.92299345952,282.68559302445,True,True
3050,PD,IR,22.92299345952,0.0,-22.92299345952,282.68559302445,True,True
3051,PD,IR,22.92299345952,0.0,-22.92299345952,282.68559302445,True,True
3052,PD,IR,22.92299345952,0.0,-22.92299345952,282.68559302445,True,True
3053,PD,IR,22.92299345952,0.0,-22.92299345952,282.68559302445,True,True
3054,PD,IR,22.92299345952,0.0,-22.92299345952,282.68559302445,True,True
3055,PD,IR,22.92299345952,0.0,-22.92299345952,282.68559302445,True,True
3056,PD,IR,22.92299345952,0.0,-22.92299345952,282.68559302445,True,True
3057,PD,IR,22.92299345952,0.0,-22.92299345952,282.68559302445,True,True
3058,PD,IR,22.92299345952,0.0,-22.92299345952,282.68559302445,True,True
3059,PD,IR,22.92299345952,0.0,-22.92299345952,282.68559302445,True,True
3060,PD,IR,22.92299345952,0.0,-22.92299345952,282.68559302445,True,True
3061,PD,IR,22.92299345952,0.0,-22.92299345952,282.68559302445,True,True
3062,PD,IR,22.92299345952,0.0,-22.92299345952,282.68559302445,True,True
3063,PD,IR,22.92299345952,0.0,-22.92299345952,282.68559302445,True,True
3064,PD,IR,22.92299345952,0.0,-22.92299345952,282.68559302445,True,True
3065,PD,IR,22.92299345952,0.0,-22.92299345952,282.68559302445,True,True
3066,PD,IR,22.92299345952,0.0,-22.92299345952,282.68559302445,True,True
3067,PD,IR,22.92299345952,0.0,-22.92299345952,282.68559302445,True,True
3068,PD,IR,22.92299345952,0.0,-22.92299345952,282.68559302445,True,True
3069,PD,IR,22.92299345952,0.0,-22.92299345952,282.68559302445,True,True
3070,PD,IR,22.92299345952,0.0,-22.92299345952,282.68559302445,True,True
3071,PD,IR,22.92299345952,0.0,-22.92299345952,282.68559302445,True,True
3072,PD,IR,22.92299345952,0.0,-22.92299345952,282.68559302445,True,True
3073,PD,IR,22.92299345952,0.0,-22.92299345952,282.68559302445,True,True
3074,PD,IR,22.92299345952,0.0,-22.92299345952,282.68559302445,True,True
3075,PD,IR,22.92299345952,0.0,-22.92299345952,282.68559302445,True,True
3076,PD,IR,22.92299345952,0.0,-22.92299345952,282.68559302445,True,True
3077,PD,IR,22.92299345952,0.0,-22.92299345952,282.68559302445,True,True
3078,PD,IR,22.92299345952,0.0,-22.92299345952,282.68559302445,True,True
3079,PD,IR,22.92299345952,0.0,-22.92299345952,282.68559302445,True,True
3080,PD,IR,22.92299345952,0.0,-22.92299345952,282.68559302445,True,True
3081,PD,IR,22.92299345952,0.0,-22.92299345952,282.68559302445,True,True
3082,PD,IR,22.92299345952,0.0,-22.92299345952,282.68559302445,True,True
3083,PD,IR,22.92299345952,0.0,-22.92299345952,282.68559302445,True,True
3084,PD,IR,22.92299345952,0.0,-22.92299345952,282.68559302445,True,True
3085,PD,IR,22.92299345952,0.0,-22.92299345952,282.68559302445,True,True
3086,PD,IR,22.92299345952,0.0,-22.92299345952,282.68559302445,True,True
3087,PD,IR,22.92299345952,0.0,-22.92299345952,282.68559302445,True,True
3088,PD,IR,22.92299345952,0.0,-22.92299345952,282.68559302445,True,True
3089,PD,IR,22.92299345952,0.0,-22.92299345952,282.68559302445,True,True
3090,PD,IR,22.92299345952,0.0,-22.92299345952,282.68559302445,True,True
3091,PD,IR,22.92299345952,0.0,-22.92299345952,282.68559302445,True,True
3092,PD,IR,22.92299345952,0.0,-22.92299345952,282.68559302445,True,True
3093,PD,IR,22.92299345952,0.0,-22.92299345952,282.68559302445,True,True
3094,PD,IR,22.92299345952,0.0,-22.92299345952,282.68559302445,True,True
3095,PD,IR,22.92299345952,0.0,-22.92299345952,282.68559302445,True,True
3096,PD,IR,22.92299345952,0.0,-22.92299345952,282.68559302445,True,True
3097,PD,IR,22.92299345952,0.0,-22.92299345952,282.68559302445,True,True
3098,PD,IR,22.92299345952,0.0,-22.92299345952,282.68559302445,True,True
3099,PD,IR,22.92299345952,0.0,-22.92299345952,282.68559302445,True,True
3100,PD,IR,22.92299345952,0.0,-22.92299345952,282.68559302445,True,True
3101,PD,IR,22.92299345952,0.0,-22.92299345952,282.68559302445,True,True
3102,PD,IR,22.92299345952,0.0,-22.92299345952,282.68559302445,True,True
3103,PD,IR,22.92299345952,0.0,-22.92299345952,282.68559302445,True,True
3104,PD,IR,22.92299345952,0.0,-22.92299345952,282.68559302445,True,True
3105,PD,IR,22.92299345952,0.0,-22.92299345952,282.68559302445,True,True
3106,PD,IR,22.92299345952,0.0,-22.92299345952,282.68559302445,True,True
3107,PD,IR,22.92299345952,0.0,-22.92299345952,282.68559302445,True,True
3108,PD,IR,22.92299345952,0.0,-22.92299345952,282.68559302445,True,True
3109,PD,IR,22.92299345952,0.0,-22.92299345952,282.68559302445,True,True
3110,PD,IR,22.92299345952,0.0,-22.92299345952,282.68559302445,True,True
3111,PD,IR,22.92299345952,0.0,-22.92299345952,282.68559302445,True,True
3112,PD,IR,22.92299345952,0.0,-22.92299345952,282.68559302445,True,True
3113,PD,IR,22.92299345952,0.0,-22.92299345952,282.68559302445,True,True
3114,PD,IR,22.92299345952,0.0,-22.92299345952,282.68559302445,True,True
3115,PD,IR,22.92299345952,0.0,-22.92299345952,282.68559302445,True,True
3116,PD,IR,22.92299345952,0.0,-22.92299345952,282.68559302445,True,True
3117,PD,IR,22.92299345952,0.0,-22.92299345952,282.68559302445,True,True
3118,PD,IR,22.92299345952,0.0,-22.92299345952,282.68559302445,True,True
3119,PD,IR,22.92299345952,0.0,-22.92299345952,282.68559302445,True,True
3120,PD,IR,22.92299345952,0.0,-22.92299345952,282.68559302445,True,True
3121,PD,IR,22.92299345952,0.0,-22.92299345952,282.68559302445,True,True
3122,PD,IR,22.92299345952,0.0,-22.92299345952,282.68559302445,True,True
3123,PD,IR,22.92299345952,0.0,-22.92299345952,282.68559302445,True,True
3124,PD,IR,22.92299345952,0.0,-22.92299345952,282.68559302445,True,True
3125,PD,IR,22.92299345952,0.0,-22.92299345952,282.68559302445,True,True
3126,PD,IR,22.92299345952,0.0,-22.92299345952,282.68559302445,True,True
3127,PD,IR,22.92299345952,0.0,-22.92299345952,282.68559302445,True,True
3128,PD,IR,22.92299345952,0.0,-22.92299345952,282.68559302445,True,True
3129,PD,IR,22.92299345952,0.0,-22.92299345952,282.68559302445,True,True
3130,PD,IR,22.92299345952,0.0,-22.92299345952,282.68559302445,True,True
3131,PD,IR,22.92299345952,0.0,-22.92299345952,282.68559302445,True,True
3132,PD,IR,22.92299345952,0.0,-22.92299345952,282.68559302445,True,True
3133,PD,IR,22.92299345952,0.0,-22.92299345952,282.68559302445,True,True
3134,PD,IR,22.92299345952,0.0,-22.92299345952,282.68559302445,True,True
3135,PD,IR,22.92299345952,0.0,-22.92299345952,282.68559302445,True,True
3136,PD,IR,22.92299345952,0.0,-22.92299345952,282.68559302445,True,True
3137,PD,IR,22.92299345952,0.0,-22.92299345952,282.68559302445,True,True
3138,PD,IR,22.92299345952,0.0,-22.92299345952,282.68559302445,True,True
3139,PD,IR,22.92299345952,0.0,-22.92299345952,282.68559302445,True,True
3140,PD,IR,22.92299345952,0.0,-22.92299345952,282.68559302445,True,True
3141,PD,IR,22.92299345952,0.0,-22.92299345952,282.68559302445,True,True
3142,PD,IR,22.92299345952,0.0,-22.92299345952,282.68559302445,True,True
3143,PD,IR,22.92299345952,0.0,-22.92299345952,282.68559302445,True,True
3144,PD,IR,22.92299345952,0.0,-22.92299345952,282.68559302445,True,True
3145,PD,IR,22.92299345952,0.0,-22.92299345952,282.68559302445,True,True
3146,PD,IR,22.92299345952,0.0,-22.92299345952,282.68559302445,True,True
3147,PD,IR,22.92299345952,0.0,-22.92299345952,282.68559302445,True,True
3148,PD,IR,22.92299345952,0.0,-22.92299345952,282.68559302445,True,True
3149,PD,IR,22.92299345952,0.0,-22.92299345952,282.68559302445,True,True
3150,PD,IR,22.92299345952,0.0,-22.92299345952,282.68559302445,True,True
3151,PD,IR,22.92299345952,0.0,-22.92299345952,282.68559302445,True,True
3152,PD,IR,22.92299345952,0.0,-22.92299345952,282.68559302445,True,True
3153,PD,IR,22.92299345952,0.0,-22.92299345952,282.68559302445,True,True
3154,PD,IR,22.92299345952,0.0,-22.92299345952,282.68559302445,True,True
3155,PD,IR,22.92299345952,0.0,-22.92299345952,282.68559302445,True,True
3156,PD,IR,22.92299345952,0.0,-22.92299345952,282.68559302445,True,True
3157,PD,IR,22.92299345952,0.0,-22.92299345952,282.68559302445,True,True
3158,PD,IR,22.92299345952,0.0,-22.92299345952,282.68559302445,True,True
3159,PD,IR,22.92299345952,0.0,-22.92299345952,282.68559302445,True,True
3160,PD,IR,22.92299345952,0.0,-22.92299345952,282.68559302445,True,True
3161,PD,IR,22.92299345952,0.0,-22.92299345952,282.68559302445,True,True
3162,PD,IR,22.92299345952,0.0,-22.92299345952,282.68559302445,True,True
3163,PD,IR,22.92299345952,0.0,-22.92299345952,282.68559302445,True,True
3164,PD,IR,22.92299345952,0.0,-22.92299345952,282.68559302445,True,True
3165,PD,IR,22.92299345952,0.0,-22.92299345952,282.68559302445,True,True
3166,PD,IR,22.92299345952,0.0,-22.92299345952,282.68559302445,True,True
3167,PD,IR,22.92299345952,0.0,-22.92299345952,282.68559302445,True,True
3168,PD,IR,22.92299345952,0.0,-22.92299345952,282.68559302445,True,True
3169,PD,IR,22.92299345952,0.0,-22.92299345952,282.68559302445,True,True
3170,PD,IR,22.92299345952,0.0,-22.92299345952,282.68559302445,True,True
3171,PD,IR,22.92299345952,0.0,-22.92299345952,282.68559302445,True,True
3172,PD,IR,22.92299345952,0.0,-22.92299345952,282.68559302445,True,True
3173,PD,IR,22.92299345952,0.0,-22.92299345952,282.68559302445,True,True
3174,PD,IR,22.92299345952,0.0,-22.92299345952,282.68559302445,True,True
3175,PD,IR,22.92299345952,0.0,-22.92299345952,282.68559302445,True,True
3176,PD,IR,22.92299345952,0.0,-22.92299345952,282.68559302445,True,True
3177,PD,IR,22.92299345952,0.0,-22.92299345952,282.68559302445,True,True
3178,PD,IR,22.92299345952,0.0,-22.92299345952,282.68559302445,True,True
3179,PD,IR,22.92299345952,0.0,-22.92299345952,282.68559302445,True,True
3180,PD,IR,22.92299345952,0.0,-22.92299345952,282.68559302445,True,True
3181,PD,IR,22.92299345952,0.0,-22.92299345952,282.68559302445,True,True
3182,PD,IR,22.92299345952,0.0,-22.92299345952,282.68559302445,True,True
3183,PD,IR,22.92299345952,0.0,-22.92299345952,282.68559302445,True,True
3184,PD,IR,22.92299345952,0.0,-22.92299345952,282.68559302445,True,True
3185,PD,IR,22.92299345952,0.0,-22.92299345952,282.68559302445,True,True
3186,PD,IR,22.92299345952,0.0,-22.92299345952,282.68559302445,True,True
3187,PD,IR,22.92299345952,0.0,-22.92299345952,282.68559302445,True,True
3188,PD,IR,22.92299345952,0.0,-22.92299345952,282.68559302445,True,True
3189,PD,IR,22.92299345952,0.0,-22.92299345952,282.68559302445,True,True
3190,PD,IR,22.92299345952,0.0,-22.92299345952,282.68559302445,True,True
3191,PD,IR,22.92299345952,0.0,-22.92299345952,282.68559302445,True,True
3192,PD,IR,22.92299345952,0.0,-22.92299345952,282.68559302445,True,True
3193,PD,IR,22.92299345952,0.0,-22.92299345952,282.68559302445,True,True
3194,PD,IR,22.92299345952,0.0,-22.92299345952,282.68559302445,True,True
3195,PD,IR,22.92299345952,0.0,-22.92299345952,282.68559302445,True,True
3196,PD,IR,22.92299345952,0.0,-22.92299345952,282.68559302445,True,True
3197,PD,IR,22.92299345952,0.0,-22.92299345952,282.68559302445,True,True
3198,PD,IR,22.92299345952,0.0,-22.92299345952,282.68559302445,True,True
3199,PD,IR,22.92299345952,0.0,-22.92299345952,282.68559302445,True,True
3200,PD,IR,22.92299345952,0.0,-22.92299345952,282.68559302445,True,True
3201,PD,IR,22.92299345952,0.0,-22.92299345952,282.68559302445,True,True
3202,PD,IR,22.92299345952,0.0,-22.92299345952,282.68559302445,True,True
3203,PD,IR,22.92299345952,0.0,-22.92299345952,282.68559302445,True,True
3204,PD,IR,22.92299345952,0.0,-22.92299345952,282.68559302445,True,True
3205,PD,IR,22.92299345952,0.0,-22.92299345952,282.68559302445,True,True
3206,PD,IR,22.92299345952,0.0,-22.92299345952,282.68559302445,True,True
3207,PD,IR,22.92299345952,0.0,-22.92299345952,282.68559302445,True,True
3208,PD,IR,22.92299345952,0.0,-22.92299345952,282.68559302445,True,True
3209,PD,IR,22.92299345952,0.0,-22.92299345952,282.68559302445,True,True
3210,PD,IR,22.92299345952,0.0,-22.92299345952,282.68559302445,True,True
3211,PD,IR,22.92299345952,0.0,-22.92299345952,282.68559302445,True,True
3212,PD,IR,22.92299345952,0.0,-22.92299345952,282.68559302445,True,True
3213,PD,IR,22.92299345952,0.0,-22.92299345952,282.68559302445,True,True
3214,PD,IR,22.92299345952,0.0,-22.92299345952,282.68559302445,True,True
3215,PD,IR,22.92299345952,0.0,-22.92299345952,282.68559302445,True,True
3216,PD,IR,22.92299345952,0.0,-22.92299345952,282.68559302445,True,True
3217,PD,IR,22.92299345952,0.0,-22.92299345952,282.68559302445,True,True
3218,PD,IR,22.92299345952,0.0,-22.92299345952,282.68559302445,True,True
3219,PD,IR,22.92299345952,0.0,-22.92299345952,282.68559302445,True,True
3220,PD,IR,22.92299345952,0.0,-22.92299345952,282.68559302445,True,True
3221,PD,IR,22.92299345952,0.0,-22.92299345952,282.68559302445,True,True
3222,PD,IR,22.92299345952,0.0,-22.92299345952,282.68559302445,True,True
3223,PD,IR,22.92299345952,0.0,-22.92299345952,282.68559302445,True,True
3224,PD,IR,22.92299345952,0.0,-22.92299345952,282.68559302445,True,True
3225,PD,IR,22.92299345952,0.0,-22.92299345952,282.68559302445,True,True
3226,PD,IR,22.92299345952,0.0,-22.92299345952,282.68559302445,True,True
3227,PD,IR,22.92299345952,0.0,-22.92299345952,282.68559302445,True,True
3228,PD,IR,22.92299345952,0.0,-22.92299345952,282.68559302445,True,True
3229,PD,IR,22.92299345952,0.0,-22.92299345952,282.68559302445,True,True
3230,PD,IR,22.92299345952,0.0,-22.92299345952,282.68559302445,True,True
3231,PD,IR,22.92299345952,0.0,-22.92299345952,282.68559302445,True,True
3232,PD,IR,22.92299345952,0.0,-22.92299345952,282.68559302445,True,True
3233,PD,IR,22.92299345952,0.0,-22.92299345952,282.68559302445,True,True
3234,PD,IR,22.92299345952,0.0,-22.92299345952,282.68559302445,True,True
3235,PD,IR,22.92299345952,0.0,-22.92299345952,282.68559302445,True,True
3236,PD,IR,22.92299345952,0.0,-22.92299345952,282.68559302445,True,True
3237,PD,IR,22.92299345952,0.0,-22.92299345952,282.68559302445,True,True
3238,PD,IR,22.92299345952,0.0,-22.92299345952,282.68559302445,True,True
3239,PD,IR,22.92299345952,0.0,-22.92299345952,282.68559302445,True,True
3240,PD,IR,22.92299345952,0.0,-22.92299345952,282.68559302445,True,True
3241,PD,IR,22.92299345952,0.0,-22.92299345952,282.68559302445,True,True
3242,PD,IR,22.92299345952,0.0,-22.92299345952,282.68559302445,True,True
3243,PD,IR,22.92299345952,0.0,-22.92299345952,282.68559302445,True,True
3244,PD,IR,22.92299345952,0.0,-22.92299345952,282.68559302445,True,True
3245,PD,IR,22.92299345952,0.0,-22.92299345952,282.68559302445,True,True
3246,PD,IR,22.92299345952,0.0,-22.92299345952,282.68559302445,True,True
3247,PD,IR,22.92299345952,0.0,-22.92299345952,282.68559302445,True,True
3248,PD,IR,22.92299345952,0.0,-22.92299345952,282.68559302445,True,True
3249,PD,IR,22.92299345952,0.0,-22.92299345952,282.68559302445,True,True
3250,PD,IR,22.92299345952,0.0,-22.92299345952,282.68559302445,True,True
3251,PD,IR,22.92299345952,0.0,-22.92299345952,282.68559302445,True,True
3252,PD,IR,22.92299345952,0.0,-22.92299345952,282.68559302445,True,True
3253,PD,IR,22.92299345952,0.0,-22.92299345952,282.68559302445,True,True
3254,PD,IR,22.92299345952,0.0,-22.92299345952,282.68559302445,True,True
3255,PD,IR,22.92299345952,0.0,-22.92299345952,282.68559302445,True,True
3256,PD,IR,22.92299345952,0.0,-22.92299345952,282.68559302445,True,True
3257,PD,IR,22.92299345952,0.0,-22.92299345952,282.68559302445,True,True
3258,PD,IR,22.92299345952,0.0,-22.92299345952,282.68559302445,True,True
3259,PD,IR,22.92299345952,0.0,-22.92299345952,282.68559302445,True,True
3260,PD,IR,22.92299345952,0.0,-22.92299345952,282.68559302445,True,True
3261,PD,IR,22.92299345952,0.0,-22.92299345952,282.68559302445,True,True
3262,PD,IR,22.92299345952,0.0,-22.92299345952,282.68559302445,True,True
3263,PD,IR,22.92299345952,0.0,-22.92299345952,282.68559302445,True,True
3264,PD,IR,22.92299345952,0.0,-22.92299345952,282.68559302445,True,True
3265,PD,IR,22.92299345952,0.0,-22.92299345952,282.68559302445,True,True
3266,PD,IR,22.92299345952,0.0,-22.92299345952,282.68559302445,True,True
3267,PD,IR,22.92299345952,0.0,-22.92299345952,282.68559302445,True,True
3268,PD,IR,22.92299345952,0.0,-22.92299345952,282.68559302445,True,True
3269,PD,IR,22.92299345952,0.0,-22.92299345952,282.68559302445,True,True
3270,PD,IR,22.92299345952,0.0,-22.92299345952,282.68559302445,True,True
3271,PD,IR,22.92299345952,0.0,-22.92299345952,282.68559302445,True,True
3272,PD,IR,22.92299345952,0.0,-22.92299345952,282.68559302445,True,True
3273,PD,IR,22.92299345952,0.0,-22.92299345952,282.68559302445,True,True
3274,PD,IR,22.92299345952,0.0,-22.92299345952,282.68559302445,True,True
3275,PD,IR,22.92299345952,0.0,-22.92299345952,282.68559302445,True,True
3276,PD,IR,22.92299345952,0.0,-22.92299345952,282.68559302445,True,True
3277,PD,IR,22.92299345952,0.0,-22.92299345952,282.68559302445,True,True
3278,PD,IR,22.92299345952,0.0,-22.92299345952,282.68559302445,True,True
3279,PD,IR,22.92299345952,0.0,-22.92299345952,282.68559302445,True,True
3280,PD,IR,22.92299345952,0.0,-22.92299345952,282.68559302445,True,True
3281,PD,IR,22.92299345952,0.0,-22.92299345952,282.68559302445,True,True
3282,PD,IR,22.92299345952,0.0,-22.92299345952,282.68559302445,True,True
3283,PD,IR,22.92299345952,0.0,-22.92299345952,282.68559302445,True,True
3284,PD,IR,22.92299345952,0.0,-22.92299345952,282.68559302445,True,True
3285,PD,IR,22.92299345952,0.0,-22.92299345952,282.68559302445,True,True
3286,PD,IR,22.92299345952,0.0,-22.92299345952,282.68559302445,True,True
3287,PD,IR,22.92299345952,0.0,-22.92299345952,282.68559302445,True,True
3288,PD,IR,22.92299345952,0.0,-22.92299345952,282.68559302445,True,True
3289,PD,IR,22.92299345952,0.0,-22.92299345952,282.68559302445,True,True
3290,PD,IR,22.92299345952,0.0,-22.92299345952,282.68559302445,True,True
3291,PD,IR,22.92299345952,0.0,-22.92299345952,282.68559302445,True,True
3292,PD,IR,22.92299345952,0.0,-22.92299345952,282.68559302445,True,True
3293,PD,IR,22.92299345952,0.0,-22.92299345952,282.68559302445,True,True
3294,PD,IR,22.92299345952,0.0,-22.92299345952,282.68559302445,True,True
3295,PD,IR,22.92299345952,0.0,-22.92299345952,282.68559302445,True,True
3296,PD,IR,22.92299345952,0.0,-22.92299345952,282.68559302445,True,True
3297,PD,IR,22.92299345952,0.0,-22.92299345952,282.68559302445,True,True
3298,PD,IR,22.92299345952,0.0,-22.92299345952,282.68559302445,True,True
3299,PD,IR,22.92299345952,0.0,-22.92299345952,282.68559302445,True,True
3300,PD,IR,22.92299345952,0.0,-22.92299345952,282.68559302445,True,True
3301,PD,IR,22.92299345952,0.0,-22.92299345952,282.68559302445,True,True
3302,PD,IR,22.92299345952,0.0,-22.92299345952,282.68559302445,True,True
3303,PD,IR,22.92299345952,0.0,-22.92299345952,282.68559302445,True,True
3304,PD,IR,22.92299345952,0.0,-22.92299345952,282.68559302445,True,True
3305,PD,IR,22.92299345952,0.0,-22.92299345952,282.68559302445,True,True
3306,PD,IR,22.92299345952,0.0,-22.92299345952,282.68559302445,True,True
3307,PD,IR,22.92299345952,0.0,-22.92299345952,282.68559302445,True,True
3308,PD,IR,22.92299345952,0.0,-22.92299345952,282.68559302445,True,True
3309,PD,IR,22.92299345952,0.0,-22.92299345952,282.68559302445,True,True
3310,PD,IR,22.92299345952,0.0,-22.92299345952,282.68559302445,True,True
3311,PD,IR,22.92299345952,0.0,-22.92299345952,282.68559302445,True,True
3312,PD,IR,22.92299345952,0.0,-22.92299345952,282.68559302445,True,True
3313,PD,IR,22.92299345952,0.0,-22.92299345952,282.68559302445,True,True
3314,PD,IR,22.92299345952,0.0,-22.92299345952,282.68559302445,True,True
3315,PD,IR,22.92299345952,0.0,-22.92299345952,282.68559302445,True,True
3316,PD,IR,22.92299345952,0.0,-22.92299345952,282.68559302445,True,True
3317,PD,IR,22.92299345952,0.0,-22.92299345952,282.68559302445,True,True
3318,PD,IR,22.92299345952,0.0,-22.92299345952,282.68559302445,True,True
3319,PD,IR,22.92299345952,0.0,-22.92299345952,282.68559302445,True,True
3320,PD,IR,22.92299345952,0.0,-22.92299345952,282.68559302445,True,True
3321,PD,IR,22.92299345952,0.0,-22.92299345952,282.68559302445,True,True
3322,PD,IR,22.92299345952,0.0,-22.92299345952,282.68559302445,True,True
3323,PD,IR,22.92299345952,0.0,-22.92299345952,282.68559302445,True,True
3324,PD,IR,22.92299345952,0.0,-22.92299345952,282.68559302445,True,True
3325,PD,IR,22.92299345952,0.0,-22.92299345952,282.68559302445,True,True
3326,PD,IR,22.92299345952,0.0,-22.92299345952,282.68559302445,True,True
3327,PD,IR,22.92299345952,0.0,-22.92299345952,282.68559302445,True,True
3328,PD,IR,22.92299345952,0.0,-22.92299345952,282.68559302445,True,True
3329,PD,IR,22.92299345952,0.0,-22.92299345952,282.68559302445,True,True
3330,PD,IR,22.92299345952,0.0,-22.92299345952,282.68559302445,True,True
3331,PD,IR,22.92299345952,0.0,-22.92299345952,282.68559302445,True,True
3332,PD,IR,22.92299345952,0.0,-22.92299345952,282.68559302445,True,True
3333,PD,IR,22.92299345952,0.0,-22.92299345952,282.68559302445,True,True
3334,PD,IR,22.92299345952,0.0,-22.92299345952,282.68559302445,True,True
3335,PD,IR,22.92299345952,0.0,-22.92299345952,282.68559302445,True,True
3336,PD,IR,22.92299345952,0.0,-22.92299345952,282.68559302445,True,True
3337,PD,IR,22.92299345952,0.0,-22.92299345952,282.68559302445,True,True
3338,PD,IR,22.92299345952,0.0,-22.92299345952,282.68559302445,True,True
3339,PD,IR,22.92299345952,0.0,-22.92299345952,282.68559302445,True,True
3340,PD,IR,22.92299345952,0.0,-22.92299345952,282.68559302445,True,True
3341,PD,IR,22.92299345952,0.0,-22.92299345952,282.68559302445,True,True
3342,PD,IR,22.92299345952,0.0,-22.92299345952,282.68559302445,True,True
3343,PD,IR,22.92299345952,0.0,-22.92299345952,282.68559302445,True,True
3344,PD,IR,22.92299345952,0.0,-22.92299345952,282.68559302445,True,True
3345,PD,IR,22.92299345952,0.0,-22.92299345952,282.68559302445,True,True
3346,PD,IR,22.92299345952,0.0,-22.92299345952,282.68559302445,True,True
3347,PD,IR,22.92299345952,0.0,-22.92299345952,282.68559302445,True,True
3348,PD,IR,22.92299345952,0.0,-22.92299345952,282.68559302445,True,True
3349,PD,IR,22.92299345952,0.0,-22.92299345952,282.68559302445,True,True
3350,PD,IR,22.92299345952,0.0,-22.92299345952,282.68559302445,True,True
3351,PD,IR,22.92299345952,0.0,-22.92299345952,282.68559302445,True,True
3352,PD,IR,22.92299345952,0.0,-22.92299345952,282.68559302445,True,True
3353,PD,IR,22.92299345952,0.0,-22.92299345952,282.68559302445,True,True
3354,PD,IR,22.92299345952,0.0,-22.92299345952,282.68559302445,True,True
3355,PD,IR,22.92299345952,0.0,-22.92299345952,282.68559302445,True,True
3356,PD,IR,22.92299345952,0.0,-22.92299345952,282.68559302445,True,True
3357,PD,IR,22.92299345952,0.0,-22.92299345952,282.68559302445,True,True
3358,PD,IR,22.92299345952,0.0,-22.92299345952,282.68559302445,True,True
3359,PD,IR,22.92299345952,0.0,-22.92299345952,282.68559302445,True,True
3360,PD,IR,22.92299345952,0.0,-22.92299345952,282.68559302445,True,True
3361,PD,IR,22.92299345952,0.0,-22.92299345952,282.68559302445,True,True
3362,PD,IR,22.92299345952,0.0,-22.92299345952,282.68559302445,True,True
3363,PD,IR,22.92299345952,0.0,-22.92299345952,282.68559302445,True,True
3364,PD,IR,22.92299345952,0.0,-22.92299345952,282.68559302445,True,True
3365,PD,IR,22.92299345952,0.0,-22.92299345952,282.68559302445,True,True
3366,PD,IR,22.92299345952,0.0,-22.92299345952,282.68559302445,True,True
3367,PD,IR,22.92299345952,0.0,-22.92299345952,282.68559302445,True,True
3368,PD,IR,22.92299345952,0.0,-22.92299345952,282.68559302445,True,True
3369,PD,IR,22.92299345952,0.0,-22.92299345952,282.68559302445,True,True
3370,PD,IR,22.92299345952,0.0,-22.92299345952,282.68559302445,True,True
3371,PD,IR,22.92299345952,0.0,-22.92299345952,282.68559302445,True,True
3372,PD,IR,22.92299345952,0.0,-22.92299345952,282.68559302445,True,True
3373,PD,IR,22.92299345952,0.0,-22.92299345952,282.68559302445,True,True
3374,PD,IR,22.92299345952,0.0,-22.92299345952,282.68559302445,True,True
3375,PD,IR,22.92299345952,0.0,-22.92299345952,282.68559302445,True,True
3376,PD,IR,22.92299345952,0.0,-22.92299345952,282.68559302445,True,True
3377,PD,IR,22.92299345952,0.0,-22.92299345952,282.68559302445,True,True
3378,PD,IR,22.92299345952,0.0,-22.92299345952,282.68559302445,True,True
3379,PD,IR,22.92299345952,0.0,-22.92299345952,282.68559302445,True,True
3380,PD,IR,22.92299345952,0.0,-22.92299345952,282.68559302445,True,True
3381,PD,IR,22.92299345952,0.0,-22.92299345952,282.68559302445,True,True
3382,PD,IR,22.92299345952,0.0,-22.92299345952,282.68559302445,True,True
3383,PD,IR,22.92299345952,0.0,-22.92299345952,282.68559302445,True,True
3384,PD,IR,22.92299345952,0.0,-22.92299345952,282.68559302445,True,True
3385,PD,IR,22.92299345952,0.0,-22.92299345952,282.68559302445,True,True
3386,PD,IR,22.92299345952,0.0,-22.92299345952,282.68559302445,True,True
3387,PD,IR,22.92299345952,0.0,-22.92299345952,282.68559302445,True,True
3388,PD,IR,22.92299345952,0.0,-22.92299345952,282.68559302445,True,True
3389,PD,IR,22.92299345952,0.0,-22.92299345952,282.68559302445,True,True
3390,PD,IR,22.92299345952,0.0,-22.92299345952,282.68559302445,True,True
3391,PD,IR,22.92299345952,0.0,-22.92299345952,282.68559302445,True,True
3392,PD,IR,22.92299345952,0.0,-22.92299345952,282.68559302445,True,True
3393,PD,IR,22.92299345952,0.0,-22.92299345952,282.68559302445,True,True
3394,PD,IR,22.92299345952,0.0,-22.92299345952,282.68559302445,True,True
3395,PD,IR,22.92299345952,0.0,-22.92299345952,282.68559302445,True,True
3396,PD,IR,22.92299345952,0.0,-22.92299345952,282.68559302445,True,True
3397,PD,IR,22.92299345952,0.0,-22.92299345952,282.68559302445,True,True
3398,PD,IR,22.92299345952,0.0,-22.92299345952,282.68559302445,True,True
3399,PD,IR,22.92299345952,0.0,-22.92299345952,282.68559302445,True,True
3400,PD,IR,22.92299345952,0.0,-22.92299345952,282.68559302445,True,True
3401,PD,IR,22.92299345952,0.0,-22.92299345952,282.68559302445,True,True
3402,PD,IR,22.92299345952,0.0,-22.92299345952,282.68559302445,True,True
3403,PD,IR,22.92299345952,0.0,-22.92299345952,282.68559302445,True,True
3404,PD,IR,22.92299345952,0.0,-22.92299345952,282.68559302445,True,True
3405,PD,IR,22.92299345952,0.0,-22.92299345952,282.68559302445,True,True
3406,PD,IR,22.92299345952,0.0,-22.92299345952,282.68559302445,True,True
3407,PD,IR,22.92299345952,0.0,-22.92299345952,282.68559302445,True,True
3408,PD,IR,22.92299345952,0.0,-22.92299345952,282.68559302445,True,True
3409,PD,IR,22.92299345952,0.0,-22.92299345952,282.68559302445,True,True
3410,PD,IR,22.92299345952,0.0,-22.92299345952,282.68559302445,True,True
3411,PD,IR,22.92299345952,0.0,-22.92299345952,282.68559302445,True,True
3412,PD,IR,22.92299345952,0.0,-22.92299345952,282.68559302445,True,True
3413,PD,IR,22.92299345952,0.0,-22.92299345952,282.68559302445,True,True
3414,PD,IR,22.92299345952,0.0,-22.92299345952,282.68559302445,True,True
3415,PD,IR,22.92299345952,0.0,-22.92299345952,282.68559302445,True,True
3416,PD,IR,22.92299345952,0.0,-22.92299345952,282.68559302445,True,True
3417,PD,IR,22.92299345952,0.0,-22.92299345952,282.68559302445,True,True
3418,PD,IR,22.92299345952,0.0,-22.92299345952,282.68559302445,True,True
3419,PD,IR,22.92299345952,0.0,-22.92299345952,282.68559302445,True,True
3420,PD,IR,22.92299345952,0.0,-22.92299345952,282.68559302445,True,True
3421,PD,IR,22.92299345952,0.0,-22.92299345952,282.68559302445,True,True
3422,PD,IR,22.92299345952,0.0,-22.92299345952,282.68559302445,True,True
3423,PD,IR,22.92299345952,0.0,-22.92299345952,282.68559302445,True,True
3424,PD,IR,22.92299345952,0.0,-22.92299345952,282.68559302445,True,True
3425,PD,IR,22.92299345952,0.0,-22.92299345952,282.68559302445,True,True
3426,PD,IR,22.92299345952,0.0,-22.92299345952,282.68559302445,True,True
3427,PD,IR,22.92299345952,0.0,-22.92299345952,282.68559302445,True,True
3428,PD,IR,22.92299345952,0.0,-22.92299345952,282.68559302445,True,True
3429,PD,IR,22.92299345952,0.0,-22.92299345952,282.68559302445,True,True
3430,PD,IR,22.92299345952,0.0,-22.92299345952,282.68559302445,True,True
3431,PD,IR,22.92299345952,0.0,-22.92299345952,282.68559302445,True,True
3432,PD,IR,22.92299345952,0.0,-22.92299345952,282.68559302445,True,True
3433,PD,IR,22.92299345952,0.0,-22.92299345952,282.68559302445,True,True
3434,PD,IR,22.92299345952,0.0,-22.92299345952,282.68559302445,True,True
3435,PD,IR,22.92299345952,0.0,-22.92299345952,282.68559302445,True,True
3436,PD,IR,22.92299345952,0.0,-22.92299345952,282.68559302445,True,True
3437,PD,IR,22.92299345952,0.0,-22.92299345952,282.68559302445,True,True
3438,PD,IR,22.92299345952,0.0,-22.92299345952,282.68559302445,True,True
3439,PD,IR,22.92299345952,0.0,-22.92299345952,282.68559302445,True,True
3440,PD,IR,22.92299345952,0.0,-22.92299345952,282.68559302445,True,True
3441,PD,IR,22.92299345952,0.0,-22.92299345952,282.68559302445,True,True
3442,PD,IR,22.92299345952,0.0,-22.92299345952,282.68559302445,True,True
3443,PD,IR,22.92299345952,0.0,-22.92299345952,282.68559302445,True,True
3444,PD,IR,22.92299345952,0.0,-22.92299345952,282.68559302445,True,True
3445,PD,IR,22.92299345952,0.0,-22.92299345952,282.68559302445,True,True
3446,PD,IR,22.92299345952,0.0,-22.92299345952,282.68559302445,True,True
3447,PD,IR,22.92299345952,0.0,-22.92299345952,282.68559302445,True,True
3448,PD,IR,22.92299345952,0.0,-22.92299345952,282.68559302445,True,True
3449,PD,IR,22.92299345952,0.0,-22.92299345952,282.68559302445,True,True
3450,PD,IR,22.92299345952,0.0,-22.92299345952,282.68559302445,True,True
3451,PD,IR,22.92299345952,0.0,-22.92299345952,282.68559302445,True,True
3452,PD,IR,22.92299345952,0.0,-22.92299345952,282.68559302445,True,True
3453,PD,IR,22.92299345952,0.0,-22.92299345952,282.68559302445,True,True
3454,PD,IR,22.92299345952,0.0,-22.92299345952,282.68559302445,True,True
3455,PD,IR,22.92299345952,0.0,-22.92299345952,282.68559302445,True,True
3456,PD,IR,22.92299345952,0.0,-22.92299345952,282.68559302445,True,True
3457,PD,IR,22.92299345952,0.0,-22.92299345952,282.68559302445,True,True
3458,PD,IR,22.92299345952,0.0,-22.92299345952,282.68559302445,True,True
3459,PD,IR,22.92299345952,0.0,-22.92299345952,282.68559302445,True,True
3460,PD,IR,22.92299345952,0.0,-22.92299345952,282.68559302445,True,True
3461,PD,IR,22.92299345952,0.0,-22.92299345952,282.68559302445,True,True
3462,PD,IR,22.92299345952,0.0,-22.92299345952,282.68559302445,True,True
3463,PD,IR,22.92299345952,0.0,-22.92299345952,282.68559302445,True,True
3464,PD,IR,22.92299345952,0.0,-22.92299345952,282.68559302445,True,True
3465,PD,IR,22.92299345952,0.0,-22.92299345952,282.68559302445,True,True
3466,PD,IR,22.92299345952,0.0,-22.92299345952,282.68559302445,True,True
3467,PD,IR,22.92299345952,0.0,-22.92299345952,282.68559302445,True,True
3468,PD,IR,22.92299345952,0.0,-22.92299345952,282.68559302445,True,True
3469,PD,IR,22.92299345952,0.0,-22.92299345952,282.68559302445,True,True
3470,PD,IR,22.92299345952,0.0,-22.92299345952,282.68559302445,True,True
3471,PD,IR,22.92299345952,0.0,-22.92299345952,282.68559302445,True,True
3472,PD,IR,22.92299345952,0.0,-22.92299345952,282.68559302445,True,True
3473,PD,IR,22.92299345952,0.0,-22.92299345952,282.68559302445,True,True
3474,PD,IR,22.92299345952,0.0,-22.92299345952,282.68559302445,True,True
3475,PD,IR,22.92299345952,0.0,-22.92299345952,282.68559302445,True,True
3476,PD,IR,22.92299345952,0.0,-22.92299345952,282.68559302445,True,True
3477,PD,IR,22.92299345952,0.0,-22.92299345952,282.68559302445,True,True
3478,PD,IR,22.92299345952,0.0,-22.92299345952,282.68559302445,True,True
3479,PD,IR,22.92299345952,0.0,-22.92299345952,282.68559302445,True,True
3480,PD,IR,22.92299345952,0.0,-22.92299345952,282.68559302445,True,True
3481,PD,IR,22.92299345952,0.0,-22.92299345952,282.68559302445,True,True
3482,PD,IR,22.92299345952,0.0,-22.92299345952,282.68559302445,True,True
3483,PD,IR,22.92299345952,0.0,-22.92299345952,282.68559302445,True,True
3484,PD,IR,22.92299345952,0.0,-22.92299345952,282.68559302445,True,True
3485,PD,IR,22.92299345952,0.0,-22.92299345952,282.68559302445,True,True
3486,PD,IR,22.92299345952,0.0,-22.92299345952,282.68559302445,True,True
3487,PD,IR,22.92299345952,0.0,-22.92299345952,282.68559302445,True,True
3488,PD,IR,22.92299345952,0.0,-22.92299345952,282.68559302445,True,True
3489,PD,IR,22.92299345952,0.0,-22.92299345952,282.68559302445,True,True
3490,PD,IR,22.92299345952,0.0,-22.92299345952,282.68559302445,True,True
3491,PD,IR,22.92299345952,0.0,-22.92299345952,282.68559302445,True,True
3492,PD,IR,22.92299345952,0.0,-22.92299345952,282.68559302445,True,True
3493,PD,IR,22.92299345952,0.0,-22.92299345952,282.68559302445,True,True
3494,PD,IR,22.92299345952,0.0,-22.92299345952,282.68559302445,True,True
3495,PD,IR,22.92299345952,0.0,-22.92299345952,282.68559302445,True,True
3496,PD,IR,22.92299345952,0.0,-22.92299345952,282.68559302445,True,True
3497,PD,IR,22.92299345952,0.0,-22.92299345952,282.68559302445,True,True
3498,PD,IR,22.92299345952,0.0,-22.92299345952,282.68559302445,True,True
3499,PD,IR,22.92299345952,0.0,-22.92299345952,282.68559302445,True,True
3500,PD,IR,22.92299345952,0.0,-22.92299345952,282.68559302445,True,True
3501,PD,IR,22.92299345952,0.0,-22.92299345952,282.68559302445,True,True
3502,PD,IR,22.92299345952,0.0,-22.92299345952,282.68559302445,True,True
3503,PD,IR,22.92299345952,0.0,-22.92299345952,282.68559302445,True,True
3504,PD,IR,22.92299345952,0.0,-22.92299345952,282.68559302445,True,True
3505,PD,IR,22.92299345952,0.0,-22.92299345952,282.68559302445,True,True
3506,PD,IR,22.92299345952,0.0,-22.92299345952,282.68559302445,True,True
3507,PD,IR,22.92299345952,0.0,-22.92299345952,282.68559302445,True,True
3508,PD,IR,22.92299345952,0.0,-22.92299345952,282.68559302445,True,True
3509,PD,IR,22.92299345952,0.0,-22.92299345952,282.68559302445,True,True
3510,PD,IR,22.92299345952,0.0,-22.92299345952,282.68559302445,True,True
3511,PD,IR,22.92299345952,0.0,-22.92299345952,282.68559302445,True,True
3512,PD,IR,22.92299345952,0.0,-22.92299345952,282.68559302445,True,True
3513,PD,IR,22.92299345952,0.0,-22.92299345952,282.68559302445,True,True
3514,PD,IR,22.92299345952,0.0,-22.92299345952,282.68559302445,True,True
3515,PD,IR,22.92299345952,0.0,-22.92299345952,282.68559302445,True,True
3516,PD,IR,22.92299345952,0.0,-22.92299345952,282.68559302445,True,True
3517,PD,IR,22.92299345952,0.0,-22.92299345952,282.68559302445,True,True
3518,PD,IR,22.92299345952,0.0,-22.92299345952,282.68559302445,True,True
3519,PD,IR,22.92299345952,0.0,-22.92299345952,282.68559302445,True,True
3520,PD,IR,22.92299345952,0.0,-22.92299345952,282.68559302445,True,True
3521,PD,IR,22.92299345952,0.0,-22.92299345952,282.68559302445,True,True
3522,PD,IR,22.92299345952,0.0,-22.92299345952,282.68559302445,True,True
3523,PD,IR,22.92299345952,0.0,-22.92299345952,282.68559302445,True,True
3524,PD,IR,22.92299345952,0.0,-22.92299345952,282.68559302445,True,True
3525,PD,IR,22.92299345952,0.0,-22.92299345952,282.68559302445,True,True
3526,PD,IR,22.92299345952,0.0,-22.92299345952,282.68559302445,True,True
3527,PD,IR,22.92299345952,0.0,-22.92299345952,282.68559302445,True,True
3528,PD,IR,22.92299345952,0.0,-22.92299345952,282.68559302445,True,True
3529,PD,IR,22.92299345952,0.0,-22.92299345952,282.68559302445,True,True
3530,PD,IR,22.92299345952,0.0,-22.92299345952,282.68559302445,True,True
3531,PD,IR,22.92299345952,0.0,-22.92299345952,282.68559302445,True,True
3532,PD,IR,22.92299345952,0.0,-22.92299345952,282.68559302445,True,True
3533,PD,IR,22.92299345952,0.0,-22.92299345952,282.68559302445,True,True
3534,PD,IR,22.92299345952,0.0,-22.92299345952,282.68559302445,True,True
3535,PD,IR,22.92299345952,0.0,-22.92299345952,282.68559302445,True,True
3536,PD,IR,22.92299345952,0.0,-22.92299345952,282.68559302445,True,True
3537,PD,IR,22.92299345952,0.0,-22.92299345952,282.68559302445,True,True
3538,PD,IR,22.92299345952,0.0,-22.92299345952,282.68559302445,True,True
3539,PD,IR,22.92299345952,0.0,-22.92299345952,282.68559302445,True,True
3540,PD,IR,22.92299345952,0.0,-22.92299345952,282.68559302445,True,True
3541,PD,IR,22.92299345952,0.0,-22.92299345952,282.68559302445,True,True
3542,PD,IR,22.92299345952,0.0,-22.92299345952,282.68559302445,True,True
3543,PD,IR,22.92299345952,0.0,-22.92299345952,282.68559302445,True,True
3544,PD,IR,22.92299345952,0.0,-22.92299345952,282.68559302445,True,True
3545,PD,IR,22.92299345952,0.0,-22.92299345952,282.68559302445,True,True
3546,PD,IR,22.92299345952,0.0,-22.92299345952,282.68559302445,True,True
3547,PD,IR,22.92299345952,0.0,-22.92299345952,282.68559302445,True,True
3548,PD,IR,22.92299345952,0.0,-22.92299345952,282.68559302445,True,True
3549,PD,IR,22.92299345952,0.0,-22.92299345952,282.68559302445,True,True
3550,PD,IR,22.92299345952,0.0,-22.92299345952,282.68559302445,True,True
3551,PD,IR,22.92299345952,0.0,-22.92299345952,282.68559302445,True,True
3552,PD,IR,22.92299345952,0.0,-22.92299345952,282.68559302445,True,True
3553,PD,IR,22.92299345952,0.0,-22.92299345952,282.68559302445,True,True
3554,PD,IR,22.92299345952,0.0,-22.92299345952,282.68559302445,True,True
3555,PD,IR,22.92299345952,0.0,-22.92299345952,282.68559302445,True,True
3556,PD,IR,22.92299345952,0.0,-22.92299345952,282.68559302445,True,True
3557,PD,IR,22.92299345952,0.0,-22.92299345952,282.68559302445,True,True
3558,PD,IR,22.92299345952,0.0,-22.92299345952,282.68559302445,True,True
3559,PD,IR,22.92299345952,0.0,-22.92299345952,282.68559302445,True,True
3560,PD,IR,22.92299345952,0.0,-22.92299345952,282.68559302445,True,True
3561,PD,IR,22.92299345952,0.0,-22.92299345952,282.68559302445,True,True
3562,PD,IR,22.92299345952,0.0,-22.92299345952,282.68559302445,True,True
3563,PD,IR,22.92299345952,0.0,-22.92299345952,282.68559302445,True,True
3564,PD,IR,22.92299345952,0.0,-22.92299345952,282.68559302445,True,True
3565,PD,IR,22.92299345952,0.0,-22.92299345952,282.68559302445,True,True
3566,PD,IR,22.92299345952,0.0,-22.92299345952,282.68559302445,True,True
3567,PD,IR,22.92299345952,0.0,-22.92299345952,282.68559302445,True,True
3568,PD,IR,22.92299345952,0.0,-22.92299345952,282.68559302445,True,True
3569,PD,IR,22.92299345952,0.0,-22.92299345952,282.68559302445,True,True
3570,PD,IR,22.92299345952,0.0,-22.92299345952,282.68559302445,True,True
3571,PD,IR,22.92299345952,0.0,-22.92299345952,282.68559302445,True,True
3572,PD,IR,22.92299345952,0.0,-22.92299345952,282.68559302445,True,True
3573,PD,IR,22.92299345952,0.0,-22.92299345952,282.68559302445,True,True
3574,PD,IR,22.92299345952,0.0,-22.92299345952,282.68559302445,True,True
3575,PD,IR,22.92299345952,0.0,-22.92299345952,282.68559302445,True,True
3576,PD,IR,22.92299345952,0.0,-22.92299345952,282.68559302445,True,True
3577,PD,IR,22.92299345952,0.0,-22.92299345952,282.68559302445,True,True
3578,PD,IR,22.92299345952,0.0,-22.92299345952,282.68559302445,True,True
3579,PD,IR,22.92299345952,0.0,-22.92299345952,282.68559302445,True,True
3580,PD,IR,22.92299345952,0.0,-22.92299345952,282.68559302445,True,True
3581,PD,IR,22.92299345952,0.0,-22.92299345952,282.68559302445,True,True
3582,PD,IR,22.92299345952,0.0,-22.92299345952,282.68559302445,True,True
3583,PD,IR,22.92299345952,0.0,-22.92299345952,282.68559302445,True,True
3584,PD,IR,22.92299345952,0.0,-22.92299345952,282.68559302445,True,True
3585,PD,IR,22.92299345952,0.0,-22.92299345952,282.68559302445,True,True
3586,PD,IR,22.92299345952,0.0,-22.92299345952,282.68559302445,True,True
3587,PD,IR,22.92299345952,0.0,-22.92299345952,282.68559302445,True,True
3588,PD,IR,22.92299345952,0.0,-22.92299345952,282.68559302445,True,True
3589,PD,IR,22.92299345952,0.0,-22.92299345952,282.68559302445,True,True
3590,PD,IR,22.92299345952,0.0,-22.92299345952,282.68559302445,True,True
3591,PD,IR,22.92299345952,0.0,-22.92299345952,282.68559302445,True,True
3592,PD,IR,22.92299345952,0.0,-22.92299345952,282.68559302445,True,True
3593,PD,IR,22.92299345952,0.0,-22.92299345952,282.68559302445,True,True
3594,PD,IR,22.92299345952,0.0,-22.92299345952,282.68559302445,True,True
3595,PD,IR,22.92299345952,0.0,-22.92299345952,282.68559302445,True,True
3596,PD,IR,22.92299345952,0.0,-22.92299345952,282.68559302445,True,True
3597,PD,IR,22.92299345952,0.0,-22.92299345952,282.68559302445,True,True
3598,PD,IR,22.92299345952,0.0,-22.92299345952,282.68559302445,True,True
3599,PD,IR,22.92299345952,0.0,-22.92299345952,282.68559302445,True,True
