Node_ID,Node_Type,Link_Type,E_Consumed_J,E_Harvested_J,Net_Energy_J,Life_Days,Can_Listen_AP,AP_Can_Listen
0,PV,RF,3.046314479602728,28.540927157132145,25.494612677529418,inf,True,True
1,PV,RF,3.053300370154923,31.088475785430955,28.035175415276033,inf,True,True
2,PV,RF,3.060734985018076,33.91240956459517,30.851674579577097,inf,True,True
3,PV,RF,3.0664235676712566,36.15353755230392,33.087113984632666,inf,True,True
4,PV,RF,3.0717379485120677,38.3117287083672,35.23999075985513,inf,True,True
5,PV,RF,3.077887320203157,40.88862081525537,37.81073349505222,inf,True,True
6,PV,RF,3.082399182950901,42.834916452839444,39.75251726988854,inf,True,True
7,PV,RF,3.0858109944643637,44.33860647106422,41.25279547659986,inf,True,True
8,PV,RF,3.0903661347073865,46.389914010491715,43.29954787578433,inf,True,True
9,PV,RF,3.093852251486113,47.99422145085449,44.90036919936838,inf,True,True
10,PV,RF,3.0956062495163676,48.81287968601822,45.717273436501856,inf,True,True
11,PV,RF,3.0984972843749223,50.17923223099591,47.080734946620986,inf,True,True
12,PV,RF,3.101121276045312,51.43792646805383,48.33680519200852,inf,True,True
13,PV,RF,3.101628381127057,51.68323546893445,48.58160708780739,inf,True,True
14,PV,RF,3.1029353602766774,52.31857559513585,49.21564023485917,inf,True,True
15,PV,RF,3.1047994580510307,53.23251176302033,50.12771230496929,inf,True,True
16,PV,RF,3.1045071762988234,53.088603546598385,49.98409637029956,inf,True,True
17,PV,RF,3.104427353020425,53.04934102961574,49.94491367659531,inf,True,True
18,PV,RF,3.10557180979508,53.61388018479518,50.5083083750001,inf,True,True
19,PV,RF,3.104877034246827,53.27074534418583,50.16586830993901,inf,True,True
20,PV,RF,3.1036928611245065,52.68885920229456,49.58516634117005,inf,True,True
21,PV,RF,3.104123105268852,52.89984600167005,49.795722896401195,inf,True,True
22,PV,RF,3.103319442052766,52.5061346837161,49.40281524166333,inf,True,True
23,PV,RF,3.1013636566983935,51.55509306523903,48.45372940854063,inf,True,True
24,PV,RF,3.1010840674730282,51.419953412702334,48.3188693452293,inf,True,True
25,PV,RF,3.1003415220480743,51.06202971919879,47.961688197150714,inf,True,True
26,PV,RF,3.0979606188353914,49.92398429630216,46.826023677466765,inf,True,True
27,PV,RF,3.097002521058551,49.47012553769961,46.37312301664106,inf,True,True
28,PV,RF,3.0963747626328004,49.17401862583237,46.07764386319957,inf,True,True
29,PV,RF,3.093893061492483,48.01318126998774,44.91928820849526,inf,True,True
30,PV,RF,3.0923312669275482,47.29055666649411,44.19822539956657,inf,True,True
31,PV,RF,3.09178262311661,47.038145863482605,43.946363240366,inf,True,True
32,PV,RF,3.0894701598600767,45.98243624748842,42.892966087628345,inf,True,True
33,PV,RF,3.087427186653737,45.06065448351725,41.97322729686351,inf,True,True
34,PV,RF,3.0868696360449013,44.810851116465116,41.723981480420214,inf,True,True
35,PV,RF,3.084917879126087,43.942297078754834,40.857379199628745,inf,True,True
36,PV,RF,3.082557508436997,42.90408257163803,39.82152506320103,inf,True,True
37,PV,RF,3.0818881851710684,42.6120861730202,39.530197987849135,inf,True,True
38,PV,RF,3.0803973113272054,41.96547899880057,38.88508168747337,inf,True,True
39,PV,RF,3.0779099457787398,40.8982623831135,37.820352437334755,inf,True,True
40,PV,RF,3.07704202897664,40.52926088737812,37.45221885840148,inf,True,True
41,PV,RF,3.0760217944550097,40.09772320385557,37.02170140940056,inf,True,True
42,PV,RF,3.073604203156358,39.08466267183011,36.01105846867375,inf,True,True
43,PV,RF,3.0724875398804183,38.62123436031377,35.54874682043335,inf,True,True
44,PV,RF,3.0718711103989707,38.36661845375885,35.29474734335988,inf,True,True
45,PV,RF,3.0697034627411703,37.478067412064554,34.40836394932339,inf,True,True
46,PV,RF,3.0683346015723396,36.922369776451674,33.854035174879336,inf,True,True
47,PV,RF,3.068002234979342,36.78807305869672,33.72007082371738,inf,True,True
48,PV,RF,3.066226287468528,36.074629244198285,33.00840295672975,inf,True,True
49,PV,RF,3.064650237569372,35.4473146825186,32.38266444494923,inf,True,True
50,PV,RF,3.0644591986504395,35.37164601813915,32.30718681948871,inf,True,True
51,PV,RF,3.0631637796171174,34.860647888159875,31.797484108542758,inf,True,True
52,PV,RF,3.0614734469938387,34.199363972056965,31.137890525063128,inf,True,True
53,PV,RF,3.061295827214313,34.13023612062667,31.068940293412357,inf,True,True
54,PV,RF,3.0605243320434488,33.83076910854221,30.770244776498764,inf,True,True
55,PV,RF,3.0588789901469946,33.19638887988126,30.137509889734268,inf,True,True
56,PV,RF,3.0586797408354642,33.11996063213438,30.061280891298914,inf,True,True
57,PV,RF,3.058525460929885,33.06084020701601,30.00231474608612,inf,True,True
58,PV,RF,3.0573261428369474,32.60299401597825,29.545667873141298,inf,True,True
59,PV,RF,3.057628826361104,32.71825535028258,29.66062652392148,inf,True,True
60,PV,RF,3.049199142287127,29.580595897395966,26.53139675510884,inf,True,True
61,PV,RF,3.0565271027699388,32.29965860061216,29.243131497842224,inf,True,True
62,PV,RF,3.0634262909757934,34.96390365170444,31.900477360728647,inf,True,True
63,PV,RF,3.069645475093666,37.454442142700465,34.3847966676068,inf,True,True
64,PV,RF,3.0753729675126102,39.82452800249774,36.74915503498514,inf,True,True
65,PV,RF,3.0807440005087745,42.1153754279695,39.034631427460724,inf,True,True
66,PV,RF,3.085434413108476,44.17126954245005,41.085835129341575,inf,True,True
67,PV,RF,3.089538032937874,46.01323513129667,42.923697098358794,inf,True,True
68,PV,RF,3.093349663894603,47.761067085324825,44.667717421430225,inf,True,True
69,PV,RF,3.09658760686396,49.27430280821593,46.177715201351965,inf,True,True
70,PV,RF,3.0991989867910004,50.51408945751144,47.41489047072044,inf,True,True
71,PV,RF,3.1015733977631794,51.656605210751046,48.55503181298786,inf,True,True
72,PV,RF,3.103541393854893,52.614697676947195,49.511156283092305,inf,True,True
73,PV,RF,3.1048973723595226,53.28077166708692,50.17587429472739,inf,True,True
74,PV,RF,3.106040255047,53.84596135613485,50.73992110108785,inf,True,True
75,PV,RF,3.1069570870455956,54.30188499196222,51.194927904916625,inf,True,True
76,PV,RF,3.1073269282524154,54.48643881908339,51.37911189083098,inf,True,True
77,PV,RF,3.1074756352452786,54.56074860602424,51.45327297077896,inf,True,True
78,PV,RF,3.107556110751562,54.600987551570064,51.493431440818505,inf,True,True
79,PV,RF,3.1071969250148856,54.42152419137603,51.31432726636115,inf,True,True
80,PV,RF,3.106589005353288,54.11857406639156,51.011985061038274,inf,True,True
81,PV,RF,3.1060260134028588,53.8388970010592,50.73287098765634,inf,True,True
82,PV,RF,3.1051596657132925,53.410176051633066,50.30501638591977,inf,True,True
83,PV,RF,3.104014955234443,52.84676444888885,49.74274949365441,inf,True,True
84,PV,RF,3.1029746338326056,52.33773629233498,49.23476165850238,inf,True,True
85,PV,RF,3.101779188604744,51.756316993595505,48.65453780499076,inf,True,True
86,PV,RF,3.100290270800133,51.0373782167887,47.93708794598857,inf,True,True
87,PV,RF,3.098913627038269,50.37776114930282,47.27884752226455,inf,True,True
88,PV,RF,3.097523877254499,49.716805771181924,46.61928189392742,inf,True,True
89,PV,RF,3.0958515856808098,48.9280054146516,45.83215382897079,inf,True,True
90,PV,RF,3.094258335100441,48.183068621363354,45.08881028626291,inf,True,True
91,PV,RF,3.09277143360496,47.49360156382495,44.400830130219994,inf,True,True
92,PV,RF,3.0910435024328167,46.69928205587188,43.608238553439065,inf,True,True
93,PV,RF,3.0893357858396504,45.921494380103056,42.832158594263404,inf,True,True
94,PV,RF,3.087819149386455,45.236719225124034,42.14890007573758,inf,True,True
95,PV,RF,3.0861310052883653,44.48107382750577,41.3949428222174,inf,True,True
96,PV,RF,3.0843959325830346,43.7115741951594,40.627178262576365,inf,True,True
97,PV,RF,3.0828954503253057,43.051914555722405,39.9690191053971,inf,True,True
98,PV,RF,3.0813125766705802,42.3618191855748,39.28050660890422,inf,True,True
99,PV,RF,3.0796233551396757,41.631862859096046,38.55223950395637,inf,True,True
100,PV,RF,3.0781706196277883,41.00943044218594,37.93125982255815,inf,True,True
101,PV,RF,3.0767320927400683,40.39791081077727,37.3211787180372,inf,True,True
102,PV,RF,3.075147982966155,39.730021332244085,36.65487334927793,inf,True,True
103,PV,RF,3.0737658653196482,39.15198896746522,36.07822310214557,inf,True,True
104,PV,RF,3.072488747222572,38.62173389533372,35.54924514811115,inf,True,True
105,PV,RF,3.0710544230535577,38.030606426809726,34.959552003756166,inf,True,True
106,PV,RF,3.069760928998678,37.50148767565995,34.431726746661276,inf,True,True
107,PV,RF,3.068645424314774,37.04818370749472,33.97953828317995,inf,True,True
108,PV,RF,3.0673907464587686,36.54163434526737,33.4742435988086,inf,True,True
109,PV,RF,3.0662019715366853,36.0649092776645,32.99870730612781,inf,True,True
110,PV,RF,3.065238073376462,35.680652569602685,32.61541449622622,inf,True,True
111,PV,RF,3.064180450024933,35.261379718816336,32.1971992687914,inf,True,True
112,PV,RF,3.0631154560249283,34.84165673398384,31.77854127795891,inf,True,True
113,PV,RF,3.0622944578689517,34.51978116404816,31.45748670617921,inf,True,True
114,PV,RF,3.061449436301565,34.19001525938918,31.128565823087612,inf,True,True
115,PV,RF,3.0605446202436752,33.83862781757126,30.778083197327582,inf,True,True
116,PV,RF,3.059884018612933,33.583197081286066,30.523313062673132,inf,True,True
117,PV,RF,3.059292953844782,33.355449602954955,30.296156649110173,inf,True,True
118,PV,RF,3.058631481386965,33.10146201923405,30.042830537847085,inf,True,True
119,PV,RF,3.0581505043317097,32.91736828721187,29.85921778288016,inf,True,True
120,PV,RF,3.052679146634398,30.85781345245815,27.805134305823753,inf,True,True
121,PV,RF,3.059759661634925,33.53521781153941,30.475458149904487,inf,True,True
122,PV,RF,3.066711870273492,36.2690075431511,33.202295672877604,inf,True,True
123,PV,RF,3.073133195042863,38.88884387269103,35.81571067764816,inf,True,True
124,PV,RF,3.0790045874712417,41.36614778611274,38.2871431986415,inf,True,True
125,PV,RF,3.084338783725051,43.68635148508707,40.60201270136202,inf,True,True
126,PV,RF,3.089096614855759,45.81313382843645,42.72403721358069,inf,True,True
127,PV,RF,3.093303578893609,47.739719478994985,44.646415900101374,inf,True,True
128,PV,RF,3.0970130292476368,49.475090662045936,46.3780776327983,inf,True,True
129,PV,RF,3.1002034930426974,50.995654212905414,47.895450719862716,inf,True,True
130,PV,RF,3.1028898860847667,52.29639480758558,49.19350492150081,inf,True,True
131,PV,RF,3.1051477196146413,53.4042783793579,50.299130659743255,inf,True,True
132,PV,RF,3.1069772189897154,54.311921534016854,51.20494431502714,inf,True,True
133,PV,RF,3.108375919029818,55.011900103261915,51.9035241842321,inf,True,True
134,PV,RF,3.1094235842337565,55.53967212910647,52.43024854487271,inf,True,True
135,PV,RF,3.110143074773604,55.90385395323105,52.793710878457446,inf,True,True
136,PV,RF,3.1105156416861233,56.09299098296755,52.98247534128143,inf,True,True
137,PV,RF,3.110609936098161,56.14092073251727,53.030310796419116,inf,True,True
138,PV,RF,3.110469670016883,56.069632473549085,52.9591628035322,inf,True,True
139,PV,RF,3.110066847810583,55.86520345973562,52.75513661192503,inf,True,True
140,PV,RF,3.109448518498363,55.55226938435586,52.4428208658575,inf,True,True
141,PV,RF,3.10867442304757,55.16197092024255,52.053296497194985,inf,True,True
142,PV,RF,3.107716644681334,54.681309055644334,51.573592410963,inf,True,True
143,PV,RF,3.1065958944450576,54.12200161275678,51.015405718311726,inf,True,True
144,PV,RF,3.105380466986455,53.51925185653572,50.413871389549264,inf,True,True
145,PV,RF,3.10405131018093,52.86460451607445,49.76055320589352,inf,True,True
146,PV,RF,3.102603401960041,52.15678228928927,49.05417888732923,inf,True,True
147,PV,RF,3.1011047339761166,51.429935619424654,48.32883088544854,inf,True,True
148,PV,RF,3.0995513890880444,50.68273614513021,47.583184756042165,inf,True,True
149,PV,RF,3.097917557950417,49.90353570402458,46.80561814607416,inf,True,True
150,PV,RF,3.096262216457935,49.12103755788111,46.02477534142317,inf,True,True
151,PV,RF,3.094599273195794,48.341939595298946,45.24734032210315,inf,True,True
152,PV,RF,3.092890083057069,47.54841596214387,44.4555258790868,inf,True,True
153,PV,RF,3.0911773710098376,46.760556511732844,43.66937914072301,inf,True,True
154,PV,RF,3.08949191435907,45.9923065957603,42.902814681401225,inf,True,True
155,PV,RF,3.0877913453992374,45.22421773790022,42.13642639250098,inf,True,True
156,PV,RF,3.086097634236922,44.466205675816276,41.380108041579355,inf,True,True
157,PV,RF,3.08445433778852,43.737359454982325,40.652905117193804,inf,True,True
158,PV,RF,3.0828238844367197,43.02058561620774,39.93776173177102,inf,True,True
159,PV,RF,3.0812064019922225,42.31574109235348,39.23453469036126,inf,True,True
160,PV,RF,3.079651903873363,41.644143995383025,38.56449209150966,inf,True,True
161,PV,RF,3.078134370946743,40.993962245190545,37.9158278742438,inf,True,True
162,PV,RF,3.076634241735288,40.35648784436426,37.279853602628975,inf,True,True
163,PV,RF,3.0752006942046073,39.75215273857374,36.67695204436913,inf,True,True
164,PV,RF,3.073823427726132,39.17597592852895,36.102152500802816,inf,True,True
165,PV,RF,3.072468060738345,38.61317536626978,35.540707305531434,inf,True,True
166,PV,RF,3.071175921100238,38.08049961408543,35.00932369298519,inf,True,True
167,PV,RF,3.0699536435687107,37.580082062705905,34.510128419137196,inf,True,True
168,PV,RF,3.068758848689986,37.09414885254323,34.02539000385324,inf,True,True
169,PV,RF,3.0676193544750667,36.633669627739216,33.56605027326415,inf,True,True
170,PV,RF,3.066557255326435,36.2070588668106,33.14050161148416,inf,True,True
171,PV,RF,3.0655297105517203,35.79669770757046,32.73116799701874,inf,True,True
172,PV,RF,3.064547753449134,35.40671177767487,32.34216402422574,inf,True,True
173,PV,RF,3.0636450102337145,35.050049051855304,31.98640404162159,inf,True,True
174,PV,RF,3.0627845845207147,34.711760925160746,31.648976340640033,inf,True,True
175,PV,RF,3.061958852096449,34.388627205046724,31.326668352950275,inf,True,True
176,PV,RF,3.0612053254392015,34.0950399729734,31.033834647534203,inf,True,True
177,PV,RF,3.060503840267165,33.8228324446169,30.762328604349733,inf,True,True
178,PV,RF,3.0599134182983994,33.594544896852184,30.534631478553784,inf,True,True
179,PV,RF,3.0601300444270505,33.67821651904791,30.618086474620856,inf,True,True
180,PV,RF,3.0551990252460577,31.79848754858306,28.743288523337004,inf,True,True
181,PV,RF,3.062861610017248,34.74197884857991,31.679117238562664,inf,True,True
182,PV,RF,3.0700943474456874,37.63751754154739,34.5674231941017,inf,True,True
183,PV,RF,3.076729839670363,40.39695677745825,37.320226937787886,inf,True,True
184,PV,RF,3.082755263332194,42.99055719816209,39.90780193482989,inf,True,True
185,PV,RF,3.0881789914382036,45.39868421123512,42.310505219796916,inf,True,True
186,PV,RF,3.0930067315444285,47.60234012636395,44.50933339481952,inf,True,True
187,PV,RF,3.0972574288647956,49.590648900102096,46.4933914712373,inf,True,True
188,PV,RF,3.1009570402946225,51.35862192190435,48.25766488160973,inf,True,True
189,PV,RF,3.104123699981378,52.90013798041083,49.79601428042945,inf,True,True
190,PV,RF,3.1067835387227456,54.215409675594465,51.10862613687172,inf,True,True
191,PV,RF,3.1089730478406317,55.31234435433249,52.20337130649186,inf,True,True
192,PV,RF,3.1107188594904356,56.19631674144609,53.08559788195566,inf,True,True
193,PV,RF,3.1120479300126087,56.87488186365921,53.762833933646604,inf,True,True
194,PV,RF,3.1129991098832335,57.36351053638434,54.250511426501106,inf,True,True
195,PV,RF,3.113602604719,57.67483479761113,54.561232192892135,inf,True,True
196,PV,RF,3.1138820313886457,57.81932651158536,54.70544448019671,inf,True,True
197,PV,RF,3.1138727220868656,57.81450915162286,54.70063642953599,inf,True,True
198,PV,RF,3.113605316908108,57.676236224175206,54.5626309072671,inf,True,True
199,PV,RF,3.1130989657278487,57.41495301935037,54.30185405362252,inf,True,True
200,PV,RF,3.112382350707617,57.04639042110353,53.93400807039591,inf,True,True
201,PV,RF,3.1114847046815592,56.58672924869923,53.47524454401767,inf,True,True
202,PV,RF,3.1104213815834916,56.0451030394933,52.934681657909806,inf,True,True
203,PV,RF,3.1092133442640857,55.43352231425371,52.32430896998962,inf,True,True
204,PV,RF,3.1078871915765127,54.76671662702407,51.65882943544756,inf,True,True
205,PV,RF,3.10645581932952,54.05233470884994,50.94587888952042,inf,True,True
206,PV,RF,3.104932806197136,53.298242534651045,50.19330972845391,inf,True,True
207,PV,RF,3.103341160565895,52.516752104155486,49.41341094358959,inf,True,True
208,PV,RF,3.101692610595161,51.71435390757738,48.612661296982225,inf,True,True
209,PV,RF,3.099994572954175,50.89528234237427,47.7952877694201,inf,True,True
210,PV,RF,3.0982657025254174,50.068997188341285,46.97073148581587,inf,True,True
211,PV,RF,3.0965174390515022,49.24122967508803,46.144712236036526,inf,True,True
212,PV,RF,3.094752726445773,48.41354132003198,45.318788593586206,inf,True,True
213,PV,RF,3.0929853544087518,47.59245538471054,44.49947003030179,inf,True,True
214,PV,RF,3.09122681902111,46.78320109385195,43.69197427483084,inf,True,True
215,PV,RF,3.0894773926981998,45.98571776797322,42.89624037527502,inf,True,True
216,PV,RF,3.0877458319594853,45.20375761288327,42.116011780923785,inf,True,True
217,PV,RF,3.0860435265935893,44.44210423327852,41.35606070668493,inf,True,True
218,PV,RF,3.08436970837618,43.699999144882916,40.61562943650674,inf,True,True
219,PV,RF,3.0827283325387658,42.978775401836266,39.8960470692975,inf,True,True
220,PV,RF,3.0811301290620956,42.28265624471342,39.201526115651326,inf,True,True
221,PV,RF,3.0795745573600857,41.6108753658365,38.531300808476416,inf,True,True
222,PV,RF,3.078061390627088,40.96282900687432,37.88476761624723,inf,True,True
223,PV,RF,3.0765999209811525,40.341964171113446,37.26536425013229,inf,True,True
224,PV,RF,3.0751906393024644,39.74793058386257,36.67273994456011,inf,True,True
225,PV,RF,3.073830066537577,39.17874288767467,36.1049128211371,inf,True,True
226,PV,RF,3.072525236057313,38.63683262245768,35.56430738640037,inf,True,True
227,PV,RF,3.0712779803430017,38.12243592292517,35.051157942582165,inf,True,True
228,PV,RF,3.070082664664172,37.63274692938727,34.5626642647231,inf,True,True
229,PV,RF,3.068943330960337,37.16897137395431,34.10002804299397,inf,True,True
230,PV,RF,3.0678629091593717,36.73184977316124,33.66398686400186,inf,True,True
231,PV,RF,3.0668345034898272,36.318179835657666,33.25134533216784,inf,True,True
232,PV,RF,3.065858223890248,35.92764017863375,32.861781954743506,inf,True,True
233,PV,RF,3.0649365123153673,35.56085504118457,32.4959185288692,inf,True,True
234,PV,RF,3.0640601236402363,35.21383399192877,32.149773868288534,inf,True,True
235,PV,RF,3.0632214038827454,34.88330085300949,31.82007944912674,inf,True,True
236,PV,RF,3.0624160308941892,34.56735193673623,31.50493590584204,inf,True,True
237,PV,RF,3.0616316977024223,34.26101108805228,31.199379390349854,inf,True,True
238,PV,RF,3.0608978175020343,33.9755823810149,30.914684563512868,inf,True,True
239,PV,RF,3.0605338186534574,33.83444367135245,30.773909852698996,inf,True,True
240,PV,RF,3.057654105632782,32.727890492720604,29.670236387087822,inf,True,True
241,PV,RF,3.0659949132628572,35.982193312166096,32.91619839890324,inf,True,True
242,PV,RF,3.073575330938019,39.072644718648064,35.999069387710044,inf,True,True
243,PV,RF,3.0804645134049675,41.99451283096175,38.914048317556784,inf,True,True
244,PV,RF,3.0866786701093707,44.72546414091487,41.6387854708055,inf,True,True
245,PV,RF,3.0922340797535424,47.24578999890283,44.153555919149284,inf,True,True
246,PV,RF,3.0971487640813633,49.53925069873684,46.44210193465548,inf,True,True
247,PV,RF,3.1014458781460643,51.594873591524895,48.49342771337883,inf,True,True
248,PV,RF,3.105152659999297,53.40671735300233,50.30156469300303,inf,True,True
249,PV,RF,3.108297615677732,54.97257361234996,51.86427599667223,inf,True,True
250,PV,RF,3.1109126128833235,56.29493590572336,53.18402329284003,inf,True,True
251,PV,RF,3.1130325922800237,57.38075648610145,54.267723893821426,inf,True,True
252,PV,RF,3.1146915711908045,58.23917395819289,55.12448238700209,inf,True,True
253,PV,RF,3.115923793329537,58.881772554424636,55.7658487610951,inf,True,True
254,PV,RF,3.1167651603435247,59.323009083347294,56.20624392300377,inf,True,True
255,PV,RF,3.1172494557675474,59.577899778374075,56.460650322606526,inf,True,True
256,PV,RF,3.117408402045527,59.661700935288664,56.54429253324314,inf,True,True
257,PV,RF,3.1172744708689146,59.59108369506391,56.473809224194994,inf,True,True
258,PV,RF,3.116878044921622,59.382361930453094,56.265483885531474,inf,True,True
259,PV,RF,3.1162461969270483,59.050612725321336,55.934366528394285,inf,True,True
260,PV,RF,3.1154061073678094,58.61127983845509,55.49587373108728,inf,True,True
261,PV,RF,3.1143835957044574,58.07923368503093,54.96485008932647,inf,True,True
262,PV,RF,3.113200745281018,57.467415096791335,54.354214351510315,inf,True,True
263,PV,RF,3.111879137586919,56.788433739246074,53.676554601659156,inf,True,True
264,PV,RF,3.11043992586321,56.05452235905916,52.94408243319595,inf,True,True
265,PV,RF,3.1089007094497276,55.27589590687471,52.16699519742498,inf,True,True
266,PV,RF,3.1072779478231114,54.461976038791924,51.35469809096881,inf,True,True
267,PV,RF,3.105588476199601,53.62212715232015,50.51653867612055,inf,True,True
268,PV,RF,3.1038461878327093,52.76399279453588,49.66014660670317,inf,True,True
269,PV,RF,3.1020632262074788,51.89412329749593,48.792060071288454,inf,True,True
270,PV,RF,3.1002526020296575,51.01926413105418,47.91901152902452,inf,True,True
271,PV,RF,3.098425262343337,50.14493436657015,47.046509104226814,inf,True,True
272,PV,RF,3.0965899194437982,49.27539304016201,46.17880312071821,inf,True,True
273,PV,RF,3.0947562681931338,48.41519460847438,45.32043834028124,inf,True,True
274,PV,RF,3.092932926125049,47.56821748019314,44.47528455406809,inf,True,True
275,PV,RF,3.0911260014203386,46.73703834228969,43.645912340869344,inf,True,True
276,PV,RF,3.08934235120227,45.92447090407032,42.83512855286805,inf,True,True
277,PV,RF,3.087588700357325,45.13315926677302,42.0455705664157,inf,True,True
278,PV,RF,3.0858692483432435,44.364522487028225,41.27865323868498,inf,True,True
279,PV,RF,3.0841884496613146,43.62003861659339,40.53585016693208,inf,True,True
280,PV,RF,3.0825514018310827,42.90141373786154,39.818862336030456,inf,True,True
281,PV,RF,3.0809609223295715,42.20930841320919,39.12834749087962,inf,True,True
282,PV,RF,3.0794194498283307,41.544201907692035,38.464782457863706,inf,True,True
283,PV,RF,3.077930575373492,40.90705442601405,37.829123850640556,inf,True,True
284,PV,RF,3.076496075303279,40.29803583802281,37.22153976271953,inf,True,True
285,PV,RF,3.0751166938631362,39.716887258623885,36.64177056476075,inf,True,True
286,PV,RF,3.0737945091676697,39.16392426794311,36.09012975877544,inf,True,True
287,PV,RF,3.072530377797108,38.63896046688545,35.56643008908834,inf,True,True
288,PV,RF,3.071323524311735,38.14115757953728,35.06983405522554,inf,True,True
289,PV,RF,3.0701742901505535,37.67016999568418,34.59999570553362,inf,True,True
290,PV,RF,3.069082303567688,37.225386136237915,34.156303832670226,inf,True,True
291,PV,RF,3.0680448850414805,36.80529260267933,33.73724771763785,inf,True,True
292,PV,RF,3.067059537970178,36.408498473869116,33.341438935898935,inf,True,True
293,PV,RF,3.066122776423815,36.03326113203462,32.9671383556108,inf,True,True
294,PV,RF,3.0652271702675202,35.676317744668594,32.611090574401075,inf,True,True
295,PV,RF,3.064362671380743,35.3334428908937,32.26908021951296,inf,True,True
296,PV,RF,3.0635161988284727,34.99930238761257,31.9357861887841,inf,True,True
297,PV,RF,3.062670074841609,34.66686140869744,31.604191333855834,inf,True,True
298,PV,RF,3.061806389816012,34.32912598771805,31.267319597902038,inf,True,True
299,PV,RF,3.0608262030530806,33.947791644583674,30.88696544153059,inf,True,True
300,PV,RF,3.061047986957182,34.03389317473889,30.97284518778171,inf,True,True
301,PV,RF,3.0693325245724523,37.327069874929016,34.257737350356564,inf,True,True
302,PV,RF,3.077216866140944,40.60345417380503,37.52623730766408,inf,True,True
303,PV,RF,3.0843900941746587,43.70899704962539,40.62460695545073,inf,True,True
304,PV,RF,3.0908255983126125,46.59963733128357,43.508811732970955,inf,True,True
305,PV,RF,3.0965399407252416,49.25183432839356,46.15529438766831,inf,True,True
306,PV,RF,3.1015576429060085,51.64897606658192,48.547418423675914,inf,True,True
307,PV,RF,3.1059085783163924,53.780665739678106,50.67475716136171,inf,True,True
308,PV,RF,3.109626552779873,55.64226487369842,52.53263832091855,inf,True,True
309,PV,RF,3.112746881396667,57.23369411217837,54.1209472307817,inf,True,True
310,PV,RF,3.115307208040746,58.55969070342773,55.44438349538698,inf,True,True
311,PV,RF,3.117347635934477,59.6296547373996,56.51230710146512,inf,True,True
312,PV,RF,3.1189073856935017,60.45556753738849,57.336660151694986,inf,True,True
313,PV,RF,3.120024990326284,61.05166515290297,57.931640162576684,inf,True,True
314,PV,RF,3.1207400095769264,61.43493504937473,58.3141950397978,inf,True,True
315,PV,RF,3.1210896439331792,61.622890661289745,58.50180101735656,inf,True,True
316,PV,RF,3.1211085590650445,61.63306918662186,58.51196062755682,inf,True,True
317,PV,RF,3.120831593043058,61.48413380332743,58.363302210284374,inf,True,True
318,PV,RF,3.120290995331948,61.19407748548086,58.07378649014891,inf,True,True
319,PV,RF,3.119515769457114,60.77961365988245,57.660097890425334,inf,True,True
320,PV,RF,3.118534468321338,60.25746647630527,57.13893200798393,inf,True,True
321,PV,RF,3.1173736725807624,59.643384381433876,56.526010708853114,inf,True,True
322,PV,RF,3.116056665554136,58.95132099642814,55.835264330874004,inf,True,True
323,PV,RF,3.114605718377956,58.1945614236846,55.07995570530664,inf,True,True
324,PV,RF,3.1130421020845875,57.38565531864815,54.27261321656356,inf,True,True
325,PV,RF,3.1113840587334733,56.53532981562343,53.42394575688996,inf,True,True
326,PV,RF,3.1096483204421808,55.65327425475016,52.543625934307975,inf,True,True
327,PV,RF,3.1078515711952437,54.74887193522418,51.64102036402894,inf,True,True
328,PV,RF,3.106007892510552,53.82990918650939,50.723901293998836,inf,True,True
329,PV,RF,3.104129493722602,52.90298251167052,49.79885301794792,inf,True,True
330,PV,RF,3.1022291950449357,51.97474389262866,48.872514697583725,inf,True,True
331,PV,RF,3.10031775989852,51.05059944062715,47.95028168072863,inf,True,True
332,PV,RF,3.0984039309039266,50.13477860002882,47.03637466912489,inf,True,True
333,PV,RF,3.0964972445465406,49.23171344514649,46.13521620059995,inf,True,True
334,PV,RF,3.0946058774427696,48.34501993692235,45.25041405947958,inf,True,True
335,PV,RF,3.0927360209063135,47.47724818077656,44.38451215987025,inf,True,True
336,PV,RF,3.0908943986214963,46.63108616994714,43.540191771325645,inf,True,True
337,PV,RF,3.0890871843244545,45.80886402874656,42.71977684442211,inf,True,True
338,PV,RF,3.0873186897127116,45.011984849665396,41.924666159952686,inf,True,True
339,PV,RF,3.0855932518154656,44.241809244770366,41.1562159929549,inf,True,True
340,PV,RF,3.0839154424052504,43.49975203736781,40.41583659496256,inf,True,True
341,PV,RF,3.0822881334171024,42.786438708990154,39.70415057557305,inf,True,True
342,PV,RF,3.080713650995201,42.10224208347132,39.02152843247612,inf,True,True
343,PV,RF,3.0791951688951897,41.44789330777223,38.36869813887704,inf,True,True
344,PV,RF,3.077734352651788,40.823466977898114,37.745732625246326,inf,True,True
345,PV,RF,3.076331817030243,40.228602739317296,37.15227092228705,inf,True,True
346,PV,RF,3.074989301395419,39.66343547563465,36.58844617423923,inf,True,True
347,PV,RF,3.0737072617194783,39.12757587280191,36.053868611082436,inf,True,True
348,PV,RF,3.0724846976010647,38.62005838683629,35.54757368923523,inf,True,True
349,PV,RF,3.0713214730991383,38.140314291771446,35.06899281867231,inf,True,True
350,PV,RF,3.070216332286571,37.68734777587357,34.617131443587,inf,True,True
351,PV,RF,3.0691659862791534,37.25937720795623,34.190211221677075,inf,True,True
352,PV,RF,3.0681668942250018,36.85457492521505,33.786408030990046,inf,True,True
353,PV,RF,3.067213907161289,36.47052004200253,33.403306134841245,inf,True,True
354,PV,RF,3.06629829848888,36.1034223275503,33.03712402906142,inf,True,True
355,PV,RF,3.065408741063936,35.74854014302542,32.68313140196149,inf,True,True
356,PV,RF,3.0645326302508815,35.40072210672332,32.33618947647244,inf,True,True
357,PV,RF,3.0636653765724082,35.05807590881162,31.994410532239208,inf,True,True
358,PV,RF,3.0628835307357365,34.750580939496786,31.68769740876105,inf,True,True
359,PV,RF,3.062797079675043,34.71666203040902,31.653864950733976,inf,True,True
360,PV,RF,3.0638639927115188,35.13640271154364,32.07253871883212,inf,True,True
361,PV,RF,3.0727277302180873,38.720677520225685,35.6479497900076,inf,True,True
362,PV,RF,3.0810424919932373,42.244658875064616,39.16361638307138,inf,True,True
363,PV,RF,3.088551602282359,45.5667283974983,42.478176795215944,inf,True,True
364,PV,RF,3.095241184300157,48.641851648465334,45.54661046416518,inf,True,True
365,PV,RF,3.1011361711048666,51.445122317606724,48.343986146501855,inf,True,True
366,PV,RF,3.106269514218085,53.95975658598855,50.853487071770466,inf,True,True
367,PV,RF,3.1106792823523364,56.176184925325344,53.06550564297301,inf,True,True
368,PV,RF,3.1144071765444483,58.0914704632893,54.97706328674485,inf,True,True
369,PV,RF,3.117496262760187,59.70805465015035,56.59055838739017,inf,True,True
370,PV,RF,3.119991286599733,61.033635694758296,57.91364440815856,inf,True,True
371,PV,RF,3.12193853665537,62.080723723326045,58.958785186670674,inf,True,True
372,PV,RF,3.123383052742952,62.864663579869294,59.74128052712634,inf,True,True
373,PV,RF,3.124368614924726,63.40307316429287,60.27870454936814,inf,True,True
374,PV,RF,3.124938945492539,63.71596445600122,60.59102551050868,inf,True,True
375,PV,RF,3.1251350692895743,63.82378537936828,60.698650310078705,inf,True,True
376,PV,RF,3.1249951375371565,63.74684479908005,60.621849661542896,inf,True,True
377,PV,RF,3.1245564896069364,63.50603656474718,60.38148007514024,inf,True,True
378,PV,RF,3.1238535899183715,63.12135652320946,59.99750293329109,inf,True,True
379,PV,RF,3.122917532099614,62.61135279969007,59.488435267590454,inf,True,True
380,PV,RF,3.1217782371779834,61.99410774748965,58.872329510311666,inf,True,True
381,PV,RF,3.120463351055764,61.28646214121669,58.16599879016093,inf,True,True
382,PV,RF,3.1189972568124404,60.503368744495695,57.384371487683254,inf,True,True
383,PV,RF,3.1174029089260804,59.65880359775516,56.54140068882908,inf,True,True
384,PV,RF,3.1157018933274294,58.76573627799771,55.65003438467028,inf,True,True
385,PV,RF,3.1139129016944826,57.835302953678735,54.72139005198425,inf,True,True
386,PV,RF,3.112052980000413,56.87746946128584,53.76541648128543,inf,True,True
387,PV,RF,3.110138682438605,55.90162641055564,52.79148772811704,inf,True,True
388,PV,RF,3.108184141167546,54.91561247754407,51.807428336376525,inf,True,True
389,PV,RF,3.106201699887955,53.92608157852933,50.81987987864137,inf,True,True
390,PV,RF,3.1042038304900337,52.93948723136139,49.835283400871354,inf,True,True
391,PV,RF,3.1022011222908743,51.961102280104214,48.85890115781334,inf,True,True
392,PV,RF,3.1002023547244253,50.99510702251963,47.89490466779521,inf,True,True
393,PV,RF,3.098216671842874,50.0456757713628,46.947459099519925,inf,True,True
394,PV,RF,3.096251956576589,49.11620931990311,46.019957363326526,inf,True,True
395,PV,RF,3.094314366768039,48.209158326972464,45.114843960204425,inf,True,True
396,PV,RF,3.092410302505156,47.32697958403255,44.23456928152739,inf,True,True
397,PV,RF,3.090545579113882,46.4717600101724,43.381214431058524,inf,True,True
398,PV,RF,3.0887244204512894,45.64478268243982,42.556058261988525,inf,True,True
399,PV,RF,3.086950950592702,44.84723620313404,41.76028525254134,inf,True,True
400,PV,RF,3.085229346252322,44.080289638113186,40.99506029186087,inf,True,True
401,PV,RF,3.0835623393409772,43.34443873869,40.26087639934902,inf,True,True
402,PV,RF,3.0819521432342833,42.63994252920234,39.557990385968054,inf,True,True
403,PV,RF,3.080401504459239,41.96729028032076,38.88688877586152,inf,True,True
404,PV,RF,3.0789118756346827,41.326411763404764,38.24749988777008,inf,True,True
405,PV,RF,3.077483792176437,40.716862194784134,37.6393784026077,inf,True,True
406,PV,RF,3.076118509369177,40.138528781499765,37.06241027213059,inf,True,True
407,PV,RF,3.074816131427477,39.59083573122666,36.516019599799186,inf,True,True
408,PV,RF,3.0735754616408832,39.07269911895741,35.999123657316524,inf,True,True
409,PV,RF,3.0723957426367314,38.58326312113694,35.51086737850021,inf,True,True
410,PV,RF,3.0712750743755697,38.12124153191935,35.04996645754378,inf,True,True
411,PV,RF,3.0702096348046553,37.684611020941546,34.61440138613689,inf,True,True
412,PV,RF,3.0691949900974205,37.271161911818155,34.20196692172073,inf,True,True
413,PV,RF,3.068224958709922,36.87804012553346,33.80981516682354,inf,True,True
414,PV,RF,3.067290036857445,36.50112641350993,33.433836376652486,inf,True,True
415,PV,RF,3.066378286678492,36.13541843056656,33.06904014388807,inf,True,True
416,PV,RF,3.0654768927588703,35.77566715778827,32.7101902650294,inf,True,True
417,PV,RF,3.0645814167028504,35.420046193271865,32.355464776569015,inf,True,True
418,PV,RF,3.0637611323252236,35.09582765650811,32.03206652418289,inf,True,True
419,PV,RF,3.063547848216188,35.01176765615261,31.948219807936418,inf,True,True
420,PV,RF,3.066365006148809,36.13010510430073,33.063740098151925,inf,True,True
421,PV,RF,3.076257535546972,40.19722383573862,37.12096630019165,inf,True,True
422,PV,RF,3.0851026937129644,44.024149385955006,40.939046692242044,inf,True,True
423,PV,RF,3.0929933898156725,47.596170806032205,44.50317741621653,inf,True,True
424,PV,RF,3.099965548261559,50.88134688598417,47.781381337722614,inf,True,True
425,PV,RF,3.106058401583083,53.85496346009344,50.74890505851035,inf,True,True
426,PV,RF,3.111315633189151,56.500401139434146,53.389085506244996,inf,True,True
427,PV,RF,3.115785062457843,58.80921088471326,55.69342582225541,inf,True,True
428,PV,RF,3.119517537730915,60.78055706186125,57.66103952413034,inf,True,True
429,PV,RF,3.1225652858628217,62.42010528931181,59.297540003448994,inf,True,True
430,PV,RF,3.1249814236142237,63.73930743995461,60.614326016340385,inf,True,True
431,PV,RF,3.126819176712315,64.75439683681945,61.627577660107136,inf,True,True
432,PV,RF,3.1281302879968744,65.48483655351096,62.356706265514084,inf,True,True
433,PV,RF,3.1289647000566614,65.95243012734586,62.8234654272892,inf,True,True
434,PV,RF,3.129370572980434,66.18064788165603,63.051277308675594,inf,True,True
435,PV,RF,3.129393193327604,66.19338194982397,63.06398875649637,inf,True,True
436,PV,RF,3.12907481924713,66.01429886230565,62.88522404305852,inf,True,True
437,PV,RF,3.128455297338205,65.66671416029607,62.53825886295786,inf,True,True
438,PV,RF,3.127571448145269,65.1728593108717,62.04528786272643,inf,True,True
439,PV,RF,3.126456859575325,64.55346422198708,61.42700736241176,inf,True,True
440,PV,RF,3.1251427568678305,63.82801404432585,60.70287128745802,inf,True,True
441,PV,RF,3.123657796419182,63.0144651565119,59.89080736009272,inf,True,True
442,PV,RF,3.12202769626451,62.12893273759264,59.00690504132813,inf,True,True
443,PV,RF,3.1202760899058566,61.18609206264877,58.06581597274291,inf,True,True
444,PV,RF,3.1184246806828377,60.19922134897919,57.08079666829635,inf,True,True
445,PV,RF,3.116492717493026,59.1799124074672,56.063419689974175,inf,True,True
446,PV,RF,3.114497661476368,58.13844018313729,55.02394252166092,inf,True,True
447,PV,RF,3.112455642485123,57.084019700682454,53.97156405819733,inf,True,True
448,PV,RF,3.110380862456351,56.024525168347424,52.91414430589107,inf,True,True
449,PV,RF,3.108285984676703,54.966733561363085,51.85844757668638,inf,True,True
450,PV,RF,3.1061828043693325,53.91670069861611,50.81051789424678,inf,True,True
451,PV,RF,3.104081692900425,52.879516577348745,49.77543488444832,inf,True,True
452,PV,RF,3.1019916815456776,51.85939216654307,48.75740048499739,inf,True,True
453,PV,RF,3.0999212340164295,50.86007474663594,47.76015351261951,inf,True,True
454,PV,RF,3.097877840533581,49.88467904883643,46.78680120830285,inf,True,True
455,PV,RF,3.0958678155026282,48.93562673980401,45.83975892430138,inf,True,True
456,PV,RF,3.0938970539171406,48.01503632451646,44.92113927059932,inf,True,True
457,PV,RF,3.091970853472521,47.124659593467854,44.032688739995336,inf,True,True
458,PV,RF,3.090093481505906,46.265706295927025,43.17561281442112,inf,True,True
459,PV,RF,3.0882688103031177,45.43916080476862,42.3508919944655,inf,True,True
460,PV,RF,3.086500397567849,44.6458322666946,41.55933186912675,inf,True,True
461,PV,RF,3.084790903321933,43.88610831938834,40.80131741606641,inf,True,True
462,PV,RF,3.0831425238668406,43.16016772537369,40.07702520150685,inf,True,True
463,PV,RF,3.0815573066411837,42.46812912666767,39.38657182002649,inf,True,True
464,PV,RF,3.0800365093169995,41.809779816315185,38.72974330699819,inf,True,True
465,PV,RF,3.0785807770302047,41.18466714031745,38.10608636328725,inf,True,True
466,PV,RF,3.077190613355336,40.592309129357716,37.51511851600238,inf,True,True
467,PV,RF,3.0758657613521847,40.03193563521256,36.95606987386038,inf,True,True
468,PV,RF,3.0746050771067988,39.50244602841916,36.42784095131236,inf,True,True
469,PV,RF,3.0734070174431887,39.002622571826606,35.92921555438342,inf,True,True
470,PV,RF,3.072269064645517,38.530895020794404,35.458625956148886,inf,True,True
471,PV,RF,3.0711872176593618,38.08514023488998,35.01395301723061,inf,True,True
472,PV,RF,3.0701562770929245,37.66281134506773,34.5926550679748,inf,True,True
473,PV,RF,3.0691692503549124,37.260703359125664,34.19153410877075,inf,True,True
474,PV,RF,3.068216440923895,36.87459742237732,33.80638098145342,inf,True,True
475,PV,RF,3.0672856819365055,36.49937526151117,33.432089579574665,inf,True,True
476,PV,RF,3.066363009124979,36.12930616084672,33.06294315172174,inf,True,True
477,PV,RF,3.0654353571654793,35.75913316769765,32.69369781053217,inf,True,True
478,PV,RF,3.0644949903970495,35.385816697844845,32.321321707447794,inf,True,True
479,PV,RF,3.0634432135838727,34.97056511490395,31.907121901320075,inf,True,True
480,PV,RF,3.0699939499873947,37.596530657036425,34.52653670704903,inf,True,True
481,PV,RF,3.0801393484948383,41.85412759945892,38.77398825096408,inf,True,True
482,PV,RF,3.089461775300194,45.978632354027205,42.88917057872701,inf,True,True
483,PV,RF,3.0977568362121914,49.82725463040086,46.72949779418867,inf,True,True
484,PV,RF,3.1050330558927293,53.3476893214106,50.242656265517866,inf,True,True
485,PV,RF,3.1113361992249753,56.51089797409998,53.39956177487501,inf,True,True
486,PV,RF,3.1167206023171308,59.299591188868,56.18287058655087,inf,True,True
487,PV,RF,3.1212455907910455,61.706839298466164,58.585593707675116,inf,True,True
488,PV,RF,3.1249733295512607,63.734859096645,60.60988576709374,inf,True,True
489,PV,RF,3.127966095906164,65.39307611641871,62.265110020512545,inf,True,True
490,PV,RF,3.1302862184041804,66.69736902201049,63.56708280360631,inf,True,True
491,PV,RF,3.131995691469188,67.6690252618826,64.53702957041341,inf,True,True
492,PV,RF,3.1331534926331415,68.3323042941551,65.19915080152195,inf,True,True
493,PV,RF,3.133815596769232,68.71350792885038,65.57969233208114,inf,True,True
494,PV,RF,3.1340360667945495,68.84075058237016,65.70671451557561,inf,True,True
495,PV,RF,3.1338647912108133,68.74188678192492,65.60802199071411,inf,True,True
496,PV,RF,3.1333474517195166,68.443831913648,65.31048446192848,inf,True,True
497,PV,RF,3.1325274680131727,67.9731453855757,64.84061791756253,inf,True,True
498,PV,RF,3.1314443509191427,67.35465134216118,64.22320699124204,inf,True,True
499,PV,RF,3.130133360160535,66.61092729663076,63.48079393647023,inf,True,True
500,PV,RF,3.128627593750803,65.76326352542254,62.63463593167174,inf,True,True
501,PV,RF,3.1269571812859396,64.83103541932819,61.70407823804225,inf,True,True
502,PV,RF,3.1251484701135657,63.83115681344881,60.70600834333524,inf,True,True
503,PV,RF,3.1232257898474614,62.779018028626474,59.655792238779014,inf,True,True
504,PV,RF,3.1212116126990255,61.68854230359603,58.567330690897,inf,True,True
505,PV,RF,3.1191252579563136,60.571490995529714,57.4523657375734,inf,True,True
506,PV,RF,3.1169841180992455,59.438166513786264,56.32118239568702,inf,True,True
507,PV,RF,3.1148047102868084,58.29799716162807,55.183192451341256,inf,True,True
508,PV,RF,3.1126010489058373,57.158717996452275,54.04611694754644,inf,True,True
509,PV,RF,3.1103852914671895,56.026774247917665,52.916388956450476,inf,True,True
510,PV,RF,3.1081694019854504,54.90821636370445,51.800046961719,inf,True,True
511,PV,RF,3.1059634862745065,53.807887766207294,50.70192427993279,inf,True,True
512,PV,RF,3.1037758911604705,52.7295381153248,49.62576222416433,inf,True,True
513,PV,RF,3.1016150806426364,51.676792882263925,48.57517780162129,inf,True,True
514,PV,RF,3.0994883099214445,50.652525272239075,47.55303696231763,inf,True,True
515,PV,RF,3.0974012103511765,49.65870347106353,46.56130226071235,inf,True,True
516,PV,RF,3.095359508237657,48.69724795132116,45.6018884430835,inf,True,True
517,PV,RF,3.093368357699135,47.769727986632624,44.67635962893349,inf,True,True
518,PV,RF,3.091431439065106,46.87697050502992,43.78553906596481,inf,True,True
519,PV,RF,3.0895522864372156,46.01970439963276,42.93015211319554,inf,True,True
520,PV,RF,3.087734420717125,45.19862858811299,42.11089416739586,inf,True,True
521,PV,RF,3.0859800351188333,44.41383189022237,41.32785185510353,inf,True,True
522,PV,RF,3.0842908353350205,43.665195427625534,40.580904592290516,inf,True,True
523,PV,RF,3.0826689030142553,42.95278200475408,39.87011310173982,inf,True,True
524,PV,RF,3.0811151249459394,42.27614953191268,39.19503440696674,inf,True,True
525,PV,RF,3.0796295342156617,41.634520821679246,38.55489128746358,inf,True,True
526,PV,RF,3.078212647816985,41.027368712815836,37.94915606499885,inf,True,True
527,PV,RF,3.07686388056078,40.45373502852466,37.37687114796388,inf,True,True
528,PV,RF,3.0755813854075473,39.91217919223486,36.836597806827314,inf,True,True
529,PV,RF,3.074363486237955,39.4013924513912,36.32702896515325,inf,True,True
530,PV,RF,3.073207337351894,38.91963468463685,35.84642734728495,inf,True,True
531,PV,RF,3.0721081999704483,38.46444658222593,35.39233838225548,inf,True,True
532,PV,RF,3.0710605762915693,38.033132456492694,34.96207188020112,inf,True,True
533,PV,RF,3.0700573064770564,37.62239307772371,34.55233577124665,inf,True,True
534,PV,RF,3.0690883182781103,37.227828729776164,34.15874041149805,inf,True,True
535,PV,RF,3.0681417376022875,36.84441087872337,33.776269141121084,inf,True,True
536,PV,RF,3.067205899530765,36.46730148531346,33.4000955857827,inf,True,True
537,PV,RF,3.066279013697806,36.095710322869394,33.029431309171585,inf,True,True
538,PV,RF,3.0654304370768344,35.75717488908687,32.691744452010035,inf,True,True
539,PV,RF,3.0651417748021306,35.64237550311077,32.57723372830864,inf,True,True
540,PV,RF,3.0735305757264975,39.05401927430087,35.980488698574376,inf,True,True
541,PV,RF,3.0842525469654336,43.64830555961324,40.56405301264781,inf,True,True
542,PV,RF,3.094134655201809,48.125508130337344,45.03137347513554,inf,True,True
543,PV,RF,3.1028708381890326,52.28710549624419,49.18423465805515,inf,True,True
544,PV,RF,3.1104701100251697,56.06985601721,52.95938590718483,inf,True,True
545,PV,RF,3.1169906026979746,59.44157906903147,56.324588466333495,inf,True,True
546,PV,RF,3.122500236729988,62.384827737626594,59.2623275008966,inf,True,True
547,PV,RF,3.1270719833641167,64.89483284617936,61.76776086281524,inf,True,True
548,PV,RF,3.13078099923299,66.9776652399218,63.846884240688816,inf,True,True
549,PV,RF,3.133701228123024,68.64756159132463,65.5138603632016,inf,True,True
550,PV,RF,3.1359054266648316,69.92585906388409,66.78995363721926,inf,True,True
551,PV,RF,3.137465214916372,70.83985770175433,67.70239248683795,inf,True,True
552,PV,RF,3.1384476421704433,71.41958629985832,68.28113865768788,inf,True,True
553,PV,RF,3.138915281096903,71.69664625086487,68.55773096976797,inf,True,True
554,PV,RF,3.1389284765221,71.70447447829568,68.56554600177358,inf,True,True
555,PV,RF,3.1385420379543367,71.47545488985915,68.33691285190481,inf,True,True
556,PV,RF,3.137805302520589,71.04018706449317,67.90238176197258,inf,True,True
557,PV,RF,3.1367654109808756,70.4288171808111,67.29205176983022,inf,True,True
558,PV,RF,3.1354645867139412,69.6689578882278,66.53349330151386,inf,True,True
559,PV,RF,3.1339398907463325,68.78522433008055,65.65128443933422,inf,True,True
560,PV,RF,3.132226313923722,67.80080809190045,64.66858177797673,inf,True,True
561,PV,RF,3.130355345850364,66.73648451843191,63.60612917258155,inf,True,True
562,PV,RF,3.128354055452318,65.61002383575352,62.4816697803012,inf,True,True
563,PV,RF,3.1262474366916138,64.43750408032184,61.31125664363023,inf,True,True
564,PV,RF,3.124058575241463,63.23338812275552,60.10932954751406,inf,True,True
565,PV,RF,3.1218069164813214,62.00959874049747,58.88779182401615,inf,True,True
566,PV,RF,3.1195097314314157,60.77639234605319,57.65688261462178,inf,True,True
567,PV,RF,3.1171837940410034,59.543302026157,56.426118232115996,inf,True,True
568,PV,RF,3.1148429404588533,58.31788190149049,55.20303896103164,inf,True,True
569,PV,RF,3.112498751494296,57.10615957653517,53.99366082504088,inf,True,True
570,PV,RF,3.1101632959392265,55.91410966008782,52.803946364148594,inf,True,True
571,PV,RF,3.107846356970373,54.746260059904294,51.638413702933924,inf,True,True
572,PV,RF,3.105555554121335,53.60583717084027,50.50028161671893,inf,True,True
573,PV,RF,3.1032993211541227,52.49629938926881,49.39300006811469,inf,True,True
574,PV,RF,3.1010845645937826,51.420193515860184,48.3191089512664,inf,True,True
575,PV,RF,3.0989162518833044,50.37901419337473,47.28009794149143,inf,True,True
576,PV,RF,3.0967999036712124,49.37444365028811,46.277643746616896,inf,True,True
577,PV,RF,3.094740397427964,48.407786377865335,45.31304598043737,inf,True,True
578,PV,RF,3.0927408777660133,47.479490866294974,44.38674998852896,inf,True,True
579,PV,RF,3.090804505065389,46.58999787842373,43.49919337335834,inf,True,True
580,PV,RF,3.088934641114494,45.73982822290667,42.650893581792175,inf,True,True
581,PV,RF,3.0871330626018207,44.92878222930354,41.84164916670172,inf,True,True
582,PV,RF,3.0854009494751633,44.156416187075145,41.07101523759998,inf,True,True
583,PV,RF,3.0837403430774075,43.4226970398741,40.33895669679669,inf,True,True
584,PV,RF,3.0821517874627933,42.72695790371644,39.64480611625365,inf,True,True
585,PV,RF,3.0806346716737902,42.06807497595149,38.9874403042777,inf,True,True
586,PV,RF,3.0791895268301306,41.445472057894,38.366282531063874,inf,True,True
587,PV,RF,3.077815434776528,40.85799573185461,37.78018029707808,inf,True,True
588,PV,RF,3.076509878897049,40.30387354108958,37.22736366219253,inf,True,True
589,PV,RF,3.0752711115250264,39.78172816845959,36.70645705693456,inf,True,True
590,PV,RF,3.07409596491982,39.28964792351975,36.21555195859993,inf,True,True
591,PV,RF,3.072979119807609,38.82489733129183,35.751918211484224,inf,True,True
592,PV,RF,3.0719149095051566,38.384681326709035,35.31276641720388,inf,True,True
593,PV,RF,3.070896067796538,37.96562765185396,34.89473158405742,inf,True,True
594,PV,RF,3.06991234896266,37.563233971922386,34.493321622959726,inf,True,True
595,PV,RF,3.068952124153368,37.172539620643676,34.103587496490306,inf,True,True
596,PV,RF,3.068004977864901,36.78918035027818,33.72117537241328,inf,True,True
597,PV,RF,3.0670735894285377,36.41414180694537,33.347068217516835,inf,True,True
598,PV,RF,3.066255570719572,36.08633655994508,33.02008098922551,inf,True,True
599,PV,RF,3.0662558722671855,36.08645712719767,33.020201254930484,inf,True,True
600,PV,RF,3.07656092297412,40.32546449656628,37.248903573592166,inf,True,True
601,PV,RF,3.088578868091834,45.57903831408092,42.49045944598908,inf,True,True
602,PV,RF,3.099144649975011,50.48811433483908,47.38896968486407,inf,True,True
603,PV,RF,3.108359420834215,55.00361279203905,51.89525337120484,inf,True,True
604,PV,RF,3.1162957385231977,59.076583375410124,55.960287636886925,inf,True,True
605,PV,RF,3.123034544978981,62.67496448086143,59.551929935882455,inf,True,True
606,PV,RF,3.1286618374627047,65.78246342780137,62.653801590338674,inf,True,True
607,PV,RF,3.133266560803855,68.39730472297269,65.26403816216883,inf,True,True
608,PV,RF,3.136938255773371,70.5301927374893,67.39325448171593,inf,True,True
609,PV,RF,3.1397645444323583,72.20164091962862,69.06187637519626,inf,True,True
610,PV,RF,3.141830287391725,73.43994587133643,70.2981155839447,inf,True,True
611,PV,RF,3.1432167109693934,74.27902884923625,71.13581213826686,inf,True,True
612,PV,RF,3.143999802092317,74.75583233843066,71.61183253633834,inf,True,True
613,PV,RF,3.1442502358740088,74.9087539167032,71.7645036808292,inf,True,True
614,PV,RF,3.1440337611113254,74.77655613124774,71.63252237013641,inf,True,True
615,PV,RF,3.1434103477894135,74.39673594937533,71.25332560158591,inf,True,True
616,PV,RF,3.1424343629528337,73.80474658637267,70.66231222341983,inf,True,True
617,PV,RF,3.1411555997020955,73.03394566270006,69.89279006299796,inf,True,True
618,PV,RF,3.1396188940698067,72.11486469034959,68.97524579627978,inf,True,True
619,PV,RF,3.1378641601992916,71.07489549844021,67.93703133824093,inf,True,True
620,PV,RF,3.1359275885113305,69.93879043470524,66.8028628461939,inf,True,True
621,PV,RF,3.133841620694399,68.72851942447437,65.59467780377997,inf,True,True
622,PV,RF,3.1316347174262993,67.46309081087888,64.33145609345259,inf,True,True
623,PV,RF,3.1293324428152034,66.15918616440435,63.02985372158914,inf,True,True
624,PV,RF,3.1269577664264463,64.83136049036811,61.70440272394167,inf,True,True
625,PV,RF,3.124530596060353,63.49183953232984,60.36730893626949,inf,True,True
626,PV,RF,3.1220685924775635,62.15105332138901,59.028984728911446,inf,True,True
627,PV,RF,3.11958775597051,60.81802691268038,57.698439156709874,inf,True,True
628,PV,RF,3.117101834392513,59.500134005304,56.383032170911484,inf,True,True
629,PV,RF,3.114622796190741,58.203434084513916,55.08881128832317,inf,True,True
630,PV,RF,3.112161617828442,56.93315222541915,53.82099060759071,inf,True,True
631,PV,RF,3.109727705772871,55.693435748265614,52.583708042492745,inf,True,True
632,PV,RF,3.107329015365175,54.48748134992394,51.380152334558765,inf,True,True
633,PV,RF,3.104972923481612,53.318026629748594,50.21305370626698,inf,True,True
634,PV,RF,3.1026657957392487,52.18717035012236,49.08450455438311,inf,True,True
635,PV,RF,3.1004127821559386,51.09631665518689,47.995903873030954,inf,True,True
636,PV,RF,3.0982186517220516,50.046617380497196,46.948398728775146,inf,True,True
637,PV,RF,3.096087599512624,49.038900243499036,45.942812643986414,inf,True,True
638,PV,RF,3.09402278260947,48.07347577795736,44.97945299534789,inf,True,True
639,PV,RF,3.09202700828051,47.15048626368503,44.05845925540452,inf,True,True
640,PV,RF,3.090102819499093,46.269957216783084,43.17985439728399,inf,True,True
641,PV,RF,3.088251858546953,45.4315200454834,42.34326818693645,inf,True,True
642,PV,RF,3.0864753280147,44.63464019581615,41.54816486780145,inf,True,True
643,PV,RF,3.0847743300671997,43.878777244461375,40.79400291439418,inf,True,True
644,PV,RF,3.083149158037978,43.16307642825449,40.079927270216515,inf,True,True
645,PV,RF,3.081599476985062,42.48646204435255,39.40486256736749,inf,True,True
646,PV,RF,3.0801248329705633,41.84786650675114,38.76774167378058,inf,True,True
647,PV,RF,3.078723967079582,41.24593607331259,38.16721210623301,inf,True,True
648,PV,RF,3.0773946790565962,40.6789826702367,37.601587991180104,inf,True,True
649,PV,RF,3.0761343730504764,40.14522397629378,37.0690896032433,inf,True,True
650,PV,RF,3.074939455683376,39.6425311404945,36.56759168481112,inf,True,True
651,PV,RF,3.0738048513988456,39.16823412102305,36.0944292696242,inf,True,True
652,PV,RF,3.072724426480791,38.719308826995686,35.6465844005149,inf,True,True
653,PV,RF,3.0716905197552027,38.29218808726099,35.22049756750579,inf,True,True
654,PV,RF,3.07069322474474,37.88247628435627,34.811783059611535,inf,True,True
655,PV,RF,3.0697209991234,37.48521354815966,34.415492549036266,inf,True,True
656,PV,RF,3.0687618498112044,37.09536544381622,34.02660359400502,inf,True,True
657,PV,RF,3.0678071348272793,36.709354777943744,33.64154764311647,inf,True,True
658,PV,RF,3.066861461332395,36.32899358886117,33.26213212752877,inf,True,True
659,PV,RF,3.0658830123455223,35.93753027066693,32.87164725832141,inf,True,True
660,PV,RF,3.0807034713138366,42.097837447275325,39.017133975961485,inf,True,True
661,PV,RF,3.093340872284804,47.75699420516795,44.66365333288314,inf,True,True
662,PV,RF,3.1045400683396527,53.10478700148392,50.00024693314427,inf,True,True
663,PV,RF,3.114242805641398,58.00620610433965,54.89196329869825,inf,True,True
664,PV,RF,3.122520558186432,62.39584716375248,59.27332660556605,inf,True,True
665,PV,RF,3.129472369381091,66.23796631802382,63.10849394864273,inf,True,True
666,PV,RF,3.135203649619573,69.51718923852272,66.38198558890315,inf,True,True
667,PV,RF,3.1398219435409556,72.23585763691102,69.09603569337007,inf,True,True
668,PV,RF,3.143433825734664,74.4110162383111,71.26758241257644,inf,True,True
669,PV,RF,3.1461416921894605,76.07064764547133,72.92450595328187,inf,True,True
670,PV,RF,3.148043281944624,77.2512044612581,74.10316117931347,inf,True,True
671,PV,RF,3.1492311494779583,77.99506779845689,74.84583664897893,inf,True,True
672,PV,RF,3.1497905549866054,78.3470978957354,75.1973073407488,inf,True,True
673,PV,RF,3.149799779716102,78.35291222850766,75.20311244879156,inf,True,True
674,PV,RF,3.1493312669449387,78.05798984529554,74.9086585783506,inf,True,True
675,PV,RF,3.148450241749671,77.50549214532819,74.35704190357852,inf,True,True
676,PV,RF,3.147215083269484,76.73549316554107,73.58827808227159,inf,True,True
677,PV,RF,3.1456792014566712,75.78541311172195,72.63973391026528,inf,True,True
678,PV,RF,3.1438901787383555,74.68896044264545,71.54507026390709,inf,True,True
679,PV,RF,3.1418897744616436,73.47581578260788,70.33392600814624,inf,True,True
680,PV,RF,3.139715876272877,72.17263740343834,69.03292152716547,inf,True,True
681,PV,RF,3.137402208088038,70.80278464968768,67.66538244159965,inf,True,True
682,PV,RF,3.1349778514198023,69.38603415220359,66.25105630078379,inf,True,True
683,PV,RF,3.132468895587558,67.93960464991795,64.80713575433039,inf,True,True
684,PV,RF,3.129898776691601,66.47841027557313,63.34851149888152,inf,True,True
685,PV,RF,3.1272873762409312,65.0146381148682,61.887350738627276,inf,True,True
686,PV,RF,3.124652193313799,63.558526799979326,60.433874606665526,inf,True,True
687,PV,RF,3.122009263440207,62.118964109487806,58.9969548460476,inf,True,True
688,PV,RF,3.119372006307863,60.7029440019131,57.58357199560524,inf,True,True
689,PV,RF,3.11675186910583,59.31602315594164,56.19927128683581,inf,True,True
690,PV,RF,3.114159644356925,57.963096577627766,54.84893693327084,inf,True,True
691,PV,RF,3.1116043112610745,56.647848112298746,53.53624380103767,inf,True,True
692,PV,RF,3.109093166530926,55.37289881741211,52.26380565088118,inf,True,True
693,PV,RF,3.1066332866280186,54.14060765526522,51.0339743686372,inf,True,True
694,PV,RF,3.104230625688418,52.952649192744026,49.84841856705561,inf,True,True
695,PV,RF,3.101889678121692,51.80989805873593,48.70800838061424,inf,True,True
696,PV,RF,3.0996148387744076,50.7131348272547,47.61351998848029,inf,True,True
697,PV,RF,3.097409964497832,49.66284868090246,46.56543871640462,inf,True,True
698,PV,RF,3.0952776330722176,48.65891228719995,45.56363465412774,inf,True,True
699,PV,RF,3.093220222576578,47.7011204286185,44.607900206041926,inf,True,True
700,PV,RF,3.0912400260403787,46.78925023421485,43.698010208174466,inf,True,True
701,PV,RF,3.089338206035028,45.922591606469844,42.83325340043481,inf,True,True
702,PV,RF,3.0875154952483586,45.10028907519946,42.0127735799511,inf,True,True
703,PV,RF,3.08577281518433,44.32162567989431,41.23585286470998,inf,True,True
704,PV,RF,3.084110072042315,43.58548736921072,40.5013772971684,inf,True,True
705,PV,RF,3.0825264389831584,42.89050488173381,39.80797844275065,inf,True,True
706,PV,RF,3.081021309545455,42.23547737419227,39.154456064646816,inf,True,True
707,PV,RF,3.0795931165543617,41.61885685581568,38.539263739261315,inf,True,True
708,PV,RF,3.078239178683943,41.0386946009337,37.96045542224976,inf,True,True
709,PV,RF,3.0769567444650052,40.49309545893416,37.41613871446915,inf,True,True
710,PV,RF,3.0757420112659544,39.97979917081639,36.90405715955044,inf,True,True
711,PV,RF,3.0745895154436003,39.4959328202476,36.421343304804005,inf,True,True
712,PV,RF,3.073493018326241,39.03839280299683,35.96489978467059,inf,True,True
713,PV,RF,3.07244488143193,38.60358664297456,35.531141761542635,inf,True,True
714,PV,RF,3.0714351313339696,38.187055373429715,35.115620242095744,inf,True,True
715,PV,RF,3.070452531434139,37.78392883222982,34.713476300795676,inf,True,True
716,PV,RF,3.0694865212119113,37.389719853508105,34.32023333229619,inf,True,True
717,PV,RF,3.068535357232118,37.003606487475466,33.93507113024335,inf,True,True
718,PV,RF,3.0676512120256354,36.646504352617605,33.57885314059197,inf,True,True
719,PV,RF,3.0671473774272338,36.443783641264744,33.37663626383751,inf,True,True
720,PV,RF,3.085229779175582,44.08048160247444,40.99525182329886,inf,True,True
721,PV,RF,3.098462238859983,50.162541421766015,47.064079182906035,inf,True,True
722,PV,RF,3.1103213485051624,55.99430882213818,52.88398747363302,inf,True,True
723,PV,RF,3.1205251295828833,61.31959718133479,58.19907205175191,inf,True,True
724,PV,RF,3.1291429631291154,66.05260308576482,62.9234601226357,inf,True,True
725,PV,RF,3.1362957081946528,70.15381819415886,67.01752248596421,inf,True,True
726,PV,RF,3.142111395709791,73.60955474974439,70.4674433540346,inf,True,True
727,PV,RF,3.1467190681779478,76.42777160587045,73.2810525376925,inf,True,True
728,PV,RF,3.1502446559219566,78.63367502191687,75.48343036599492,inf,True,True
729,PV,RF,3.152806764167643,80.26438329531557,77.11157653114793,inf,True,True
730,PV,RF,3.154516807284325,81.36596990181376,78.21145309452943,inf,True,True
731,PV,RF,3.1554798049066166,81.99102890625107,78.83554910134445,inf,True,True
732,PV,RF,3.155790743278876,82.19358167393,79.03779093065113,inf,True,True
733,PV,RF,3.155535075572069,82.027007444483,78.87147236891093,inf,True,True
734,PV,RF,3.1547927762567216,81.5447462903742,78.38995351411748,inf,True,True
735,PV,RF,3.1536343591569307,80.79617887930183,77.64254452014491,inf,True,True
736,PV,RF,3.152121372661362,79.82584199867856,76.6737206260172,inf,True,True
737,PV,RF,3.150311547441242,78.67595121561345,75.5256396681722,inf,True,True
738,PV,RF,3.1482550844217063,77.38347628104623,74.23522119662452,inf,True,True
739,PV,RF,3.1459949661457056,75.98007668313049,72.83408171698478,inf,True,True
740,PV,RF,3.1435710778456674,74.49453616420442,71.35096508635876,inf,True,True
741,PV,RF,3.141018401211629,72.95157077709658,69.81055237588495,inf,True,True
742,PV,RF,3.1383662703832442,71.37144940116879,68.23308313078554,inf,True,True
743,PV,RF,3.135641232461192,69.77182401757783,66.63618278511663,inf,True,True
744,PV,RF,3.1328673486631047,68.16798647571385,65.03511912705073,inf,True,True
745,PV,RF,3.130064296354198,66.57189524481043,63.441830948456236,inf,True,True
746,PV,RF,3.1272490045943337,64.9932848291359,61.86603582454157,inf,True,True
747,PV,RF,3.124437939500963,63.44105375560178,60.316615816100814,inf,True,True
748,PV,RF,3.121644143351786,61.92170959141611,58.80006544806432,inf,True,True
749,PV,RF,3.118877810171165,60.439841816541815,57.32096400637065,inf,True,True
750,PV,RF,3.1161502023453025,59.000310342122006,55.884160139776704,inf,True,True
751,PV,RF,3.113469814812408,57.60624548062769,54.49277566581529,inf,True,True
752,PV,RF,3.1108425508844215,56.25926292071451,53.14842036983009,inf,True,True
753,PV,RF,3.1082757886392507,54.96161432228999,51.85333853365074,inf,True,True
754,PV,RF,3.105775011174502,53.714480023098105,50.608705011923604,inf,True,True
755,PV,RF,3.1033435962829183,52.51794291835919,49.41459932207627,inf,True,True
756,PV,RF,3.1009858270367032,51.37251711238567,48.27153128534897,inf,True,True
757,PV,RF,3.098705283526753,50.27835895063008,47.179653667103324,inf,True,True
758,PV,RF,3.09650372157294,49.234765493005135,46.1382617714322,inf,True,True
759,PV,RF,3.094383037087764,48.241143639831925,45.14676060274416,inf,True,True
760,PV,RF,3.092345493929421,47.29711192193903,44.204766428009606,inf,True,True
761,PV,RF,3.0903916859804346,46.40156330957973,43.31117162359929,inf,True,True
762,PV,RF,3.0885215249508313,45.55315124187584,42.464629716925,inf,True,True
763,PV,RF,3.0867361772157262,44.7511681364945,41.66443195927877,inf,True,True
764,PV,RF,3.085035173971987,43.99423616437058,40.90920099039859,inf,True,True
765,PV,RF,3.0834165779263465,43.28041172097198,40.19699514304564,inf,True,True
766,PV,RF,3.081880270390905,42.60863963343855,39.526759363047645,inf,True,True
767,PV,RF,3.080424370130177,41.977168149050925,38.89674377892075,inf,True,True
768,PV,RF,3.079045159527107,41.3835431473661,38.30449798783899,inf,True,True
769,PV,RF,3.077740275674818,40.82598877675226,37.74824850107744,inf,True,True
770,PV,RF,3.0765057314394344,40.30211948609841,37.22561375465898,inf,True,True
771,PV,RF,3.0753353582809444,39.80872185491183,36.733386496630885,inf,True,True
772,PV,RF,3.074223058437394,39.3427149563113,36.2684918978739,inf,True,True
773,PV,RF,3.0731613370179,38.90052958043987,35.82736824342197,inf,True,True
774,PV,RF,3.0721399787909753,38.47756883810502,35.40542885931404,inf,True,True
775,PV,RF,3.071147968099805,38.06901776989116,34.99786980179135,inf,True,True
776,PV,RF,3.0701765445180302,37.671090995605056,34.60091445108703,inf,True,True
777,PV,RF,3.0692324596823495,37.286389167857386,34.21715670817504,inf,True,True
778,PV,RF,3.068430504690722,36.96116623455284,33.89273572986212,inf,True,True
779,PV,RF,3.0685880229997475,37.02493278339547,33.95634476039572,inf,True,True
780,PV,RF,3.0891527743885874,45.838565312137845,42.74941253774926,inf,True,True
781,PV,RF,3.1038337377361938,52.7578896477119,49.6540559099757,inf,True,True
782,PV,RF,3.1164742825044955,59.17023731457417,56.053763032069675,inf,True,True
783,PV,RF,3.127197379629006,64.96456330880072,61.83736592917172,inf,True,True
784,PV,RF,3.136148008829539,70.06749098250233,66.9313429736728,inf,True,True
785,PV,RF,3.143482428004538,74.44058414137793,71.2971017133734,inf,True,True
786,PV,RF,3.149357437969753,78.07444369887978,74.92508626091002,inf,True,True
787,PV,RF,3.153926351501644,80.98440161422441,77.83047526272277,inf,True,True
788,PV,RF,3.1573357078903683,83.20533056464603,80.04799485675566,inf,True,True
789,PV,RF,3.1597223911679357,84.78589736722218,81.62617497605424,inf,True,True
790,PV,RF,3.1612132084162896,85.78417626415167,82.62296305573538,inf,True,True
791,PV,RF,3.161924686031181,86.2636100171595,83.10168533112831,inf,True,True
792,PV,RF,3.161961994541486,86.28880466351565,83.12684266897416,inf,True,True
793,PV,RF,3.1614197294110866,85.92314021151702,82.76172048210594,inf,True,True
794,PV,RF,3.1603832298845886,85.22735596940078,82.06697273951619,inf,True,True
795,PV,RF,3.1589282039549094,84.25756021724585,81.09863201329094,inf,True,True
796,PV,RF,3.157121512922749,83.06452978222114,79.9074082692984,inf,True,True
797,PV,RF,3.155022939525571,81.69406304531442,78.53904010578886,inf,True,True
798,PV,RF,3.152685075567531,80.18639810227198,77.03371302670445,inf,True,True
799,PV,RF,3.1501536682135973,78.57619527630457,75.42604160809098,inf,True,True
800,PV,RF,3.1474693364801105,76.89355995395698,73.74609061747687,inf,True,True
801,PV,RF,3.1446677153174654,75.16415267486342,72.01948495954595,inf,True,True
802,PV,RF,3.141779327157143,73.40922694437194,70.2674476172148,inf,True,True
803,PV,RF,3.1388310134673025,71.646667679422,68.5078366659547,inf,True,True
804,PV,RF,3.1358463982586358,69.89142386521766,66.75557746695902,inf,True,True
805,PV,RF,3.1328453933552707,68.15538932357424,65.02254393021897,inf,True,True
806,PV,RF,3.129845229019992,66.44818484145044,63.31833961243045,inf,True,True
807,PV,RF,3.1268612302427714,64.77774446647922,61.650883236236446,inf,True,True
808,PV,RF,3.12390612099657,63.150054677754376,60.0261485567578,inf,True,True
809,PV,RF,3.120990610783644,61.56961644531087,58.44862583452723,inf,True,True
810,PV,RF,3.118124393406545,60.040088182465794,56.92196378905925,inf,True,True
811,PV,RF,3.1153154378083663,58.56398256793913,55.44866713013076,inf,True,True
812,PV,RF,3.1125701396629193,57.142834367504975,54.03026422784205,inf,True,True
813,PV,RF,3.1098944009792056,55.77782380074182,52.66792939976261,inf,True,True
814,PV,RF,3.1072930845599913,54.46953523948419,51.362242154924196,inf,True,True
815,PV,RF,3.1047697765037485,53.21788737964175,50.113117603138,inf,True,True
816,PV,RF,3.1023277966731113,52.02267449789726,48.920346701224155,inf,True,True
817,PV,RF,3.099969947021716,50.883458697019144,47.78348874999743,inf,True,True
818,PV,RF,3.0976979591734093,49.79932717766351,46.7016292184901,inf,True,True
819,PV,RF,3.0955133111316435,48.7693074114388,45.67379410030716,inf,True,True
820,PV,RF,3.093417325132104,47.79241889661009,44.699001571477986,inf,True,True
821,PV,RF,3.0914103999491345,46.867324323107226,43.77591392315809,inf,True,True
822,PV,RF,3.0894925492085363,45.99259465405508,42.903102104846546,inf,True,True
823,PV,RF,3.087663820659156,45.1669029218914,42.07923910123225,inf,True,True
824,PV,RF,3.085923433632912,44.38863579415634,41.30271236052343,inf,True,True
825,PV,RF,3.084269991243021,43.65600019205177,40.57173020080875,inf,True,True
826,PV,RF,3.082702119472107,42.96730925006217,39.88460713059006,inf,True,True
827,PV,RF,3.081217636522379,42.32061544182302,39.23939780530064,inf,True,True
828,PV,RF,3.0798134149097542,41.71365890938056,38.633845494470805,inf,True,True
829,PV,RF,3.078486088034164,41.144177280776915,38.065691192742754,inf,True,True
830,PV,RF,3.077231357846946,40.609606991822545,37.5323756339756,inf,True,True
831,PV,RF,3.0760434951632165,40.10687721099737,37.03083371583415,inf,True,True
832,PV,RF,3.074915947313133,39.632674153016595,36.557758205703465,inf,True,True
833,PV,RF,3.073840877783137,39.18324907078481,36.10940819300168,inf,True,True
834,PV,RF,3.0728084404180778,38.754122333786384,35.681313893368305,inf,True,True
835,PV,RF,3.0718076162451213,38.340440975373475,35.26863335912835,inf,True,True
836,PV,RF,3.0708277427386275,37.93760886521039,34.866781122471764,inf,True,True
837,PV,RF,3.069863901583156,37.543472433892234,34.47360853230908,inf,True,True
838,PV,RF,3.0689387474793426,37.16711148188697,34.098172734407626,inf,True,True
839,PV,RF,3.0681311704061893,36.84014182705919,33.772010656653,inf,True,True
840,PV,RF,3.0939774994724463,48.05242334105864,44.9584458415862,inf,True,True
841,PV,RF,3.109633281582706,55.64566794696908,52.53603466538637,inf,True,True
842,PV,RF,3.1230099653300885,62.66159889557738,59.538588930247286,inf,True,True
843,PV,RF,3.1342410509055667,68.95919402184667,65.8249529709411,inf,True,True
844,PV,RF,3.1435063512839556,74.45514115504761,71.31163480376365,inf,True,True
845,PV,RF,3.150996997960244,79.11008136416473,75.95908436620448,inf,True,True
846,PV,RF,3.156901078486144,82.91980653907694,79.7629054605908,inf,True,True
847,PV,RF,3.161399118691084,85.90926426466086,82.74786514596978,inf,True,True
848,PV,RF,3.1646607482381204,88.12570740159416,84.96104665335604,inf,True,True
849,PV,RF,3.1668419428079084,89.63138868627289,86.46454674346498,inf,True,True
850,PV,RF,3.168085142163513,90.49812826793045,87.33004312576693,inf,True,True
851,PV,RF,3.1685195969713993,90.80250370178277,87.63398410481138,inf,True,True
852,PV,RF,3.1682605962423174,90.62095730476601,87.45269670852369,inf,True,True
853,PV,RF,3.167410748684841,90.0271747305641,86.85976398187925,inf,True,True
854,PV,RF,3.1660618237665665,89.09068622234646,85.9246243985799,inf,True,True
855,PV,RF,3.1642945240544185,87.87475902146404,84.71046449740963,inf,True,True
856,PV,RF,3.1621795370398584,86.43581990144901,83.27364036440915,inf,True,True
857,PV,RF,3.159779677990427,84.8241005268488,81.66432084885837,inf,True,True
858,PV,RF,3.157149814539629,83.08312397499908,79.92597416045945,inf,True,True
859,PV,RF,3.1543373080192003,81.2498377504865,78.09550044246731,inf,True,True
860,PV,RF,3.151383986681287,79.35592130401916,76.20453731733788,inf,True,True
861,PV,RF,3.1483263103967705,77.42799257608364,74.27966626568687,inf,True,True
862,PV,RF,3.145195237486198,75.48772248967676,72.34252725219056,inf,True,True
863,PV,RF,3.142017826077134,73.55306939977909,70.41105157370195,inf,True,True
864,PV,RF,3.138817749131346,71.638802810223,68.49998506109165,inf,True,True
865,PV,RF,3.135614738727207,69.75638954288497,66.62077480415776,inf,True,True
866,PV,RF,3.1324257191542237,67.91488712707663,64.7824614079224,inf,True,True
867,PV,RF,3.1292656715570075,66.12161446757085,62.99234879601384,inf,True,True
868,PV,RF,3.126146849673347,64.38185479938426,61.25570794971091,inf,True,True
869,PV,RF,3.123079416655569,62.69936879386433,59.57628937720876,inf,True,True
870,PV,RF,3.120072553536297,61.07711420568201,57.95704165214571,inf,True,True
871,PV,RF,3.117133658985056,59.516893694661526,56.39976003567647,inf,True,True
872,PV,RF,3.1142685111480928,58.01953536310125,54.90526685195316,inf,True,True
873,PV,RF,3.111482456862776,56.58558099287382,53.47409853601105,inf,True,True
874,PV,RF,3.108779794876876,55.21500358394085,52.106223789063975,inf,True,True
875,PV,RF,3.1061635169422,53.90712623662206,50.80096271967986,inf,True,True
876,PV,RF,3.103636410560153,52.66121275919521,49.55757634863505,inf,True,True
877,PV,RF,3.101200771801429,51.47633779561253,48.3751370238111,inf,True,True
878,PV,RF,3.0988578054647866,50.351117334220774,47.252259528755985,inf,True,True
879,PV,RF,3.0966085080979022,49.28415688257917,46.18754837448127,inf,True,True
880,PV,RF,3.094453771766633,48.27410286720318,45.17964909543655,inf,True,True
881,PV,RF,3.0923935489980425,47.319257567323824,44.226864018325784,inf,True,True
882,PV,RF,3.090427430689783,46.417862679758215,43.32743524906843,inf,True,True
883,PV,RF,3.0885551079698867,45.56831103723079,42.479755929260904,inf,True,True
884,PV,RF,3.086775431965052,44.76871844930959,41.68194301734454,inf,True,True
885,PV,RF,3.0850866426312944,44.01703729719858,40.93195065456728,inf,True,True
886,PV,RF,3.0834870750114174,43.311371893387076,40.22788481837566,inf,True,True
887,PV,RF,3.0819742549882196,42.6495753501279,39.56760109513968,inf,True,True
888,PV,RF,3.0805447598037867,42.02919617294247,38.948651413138684,inf,True,True
889,PV,RF,3.0791950020009002,41.447821685275365,38.368626683274464,inf,True,True
890,PV,RF,3.0779204847022785,40.902753800752464,37.82483331605019,inf,True,True
891,PV,RF,3.0767152853405,40.39079421605746,37.31407893071696,inf,True,True
892,PV,RF,3.075572738347679,39.908540647682166,36.832967909334485,inf,True,True
893,PV,RF,3.0744849576915687,39.45218535677133,36.377700399079764,inf,True,True
894,PV,RF,3.073442083249008,39.01720541602757,35.943763332778566,inf,True,True
895,PV,RF,3.072433204462466,38.59875662108874,35.526323416626276,inf,True,True
896,PV,RF,3.0714480644382807,38.192375857600744,35.120927793162465,inf,True,True
897,PV,RF,3.0704834018226936,37.796560877500106,34.726077475677414,inf,True,True
898,PV,RF,3.0695715935303345,37.424352280730304,34.35478068719997,inf,True,True
899,PV,RF,3.0688559722319444,37.13353087171745,34.0646748994855,inf,True,True
900,PV,RF,3.0995407655930003,50.6776474541235,47.578106688530504,inf,True,True
901,PV,RF,3.1158196521250003,58.82729753738032,55.71147788525532,inf,True,True
902,PV,RF,3.129894990808265,66.47627301098773,63.34637802017946,inf,True,True
903,PV,RF,3.141615835141821,73.31073226333345,70.16911642819163,inf,True,True
904,PV,RF,3.1511703452960975,79.22013643300305,76.06896608770695,inf,True,True
905,PV,RF,3.158786047297723,84.1632423745369,81.00445632723918,inf,True,True
906,PV,RF,3.164685142717674,88.14244212588815,84.97775698317048,inf,True,True
907,PV,RF,3.169078151808529,91.1949557196682,88.02587756785967,inf,True,True
908,PV,RF,3.1721599256444577,93.38344534037198,90.21128541472751,inf,True,True
909,PV,RF,3.1741061400731123,94.78605051105184,91.61194437097873,inf,True,True
910,PV,RF,3.1750748341115775,95.49019192133895,92.31511708722736,inf,True,True
911,PV,RF,3.1752088740624904,95.58794299969531,92.41273412563282,inf,True,True
912,PV,RF,3.174633464355191,95.16886174222182,91.99422827786663,inf,True,True
913,PV,RF,3.1734579075753135,94.31709420125704,91.14363629368172,inf,True,True
914,PV,RF,3.171781337638576,93.1124624445493,89.94068110691072,inf,True,True
915,PV,RF,3.1696891756573056,91.62573981652383,88.45605064086652,inf,True,True
916,PV,RF,3.167254333591699,89.9182077870221,86.7509534534304,inf,True,True
917,PV,RF,3.164543651874768,88.04541156893646,84.88086791706169,inf,True,True
918,PV,RF,3.1616140602864653,86.05405209759233,82.89243803730587,inf,True,True
919,PV,RF,3.158513419581075,83.98257377381206,80.824060354231,inf,True,True
920,PV,RF,3.1552852214010922,81.86445413966733,78.70916891826624,inf,True,True
921,PV,RF,3.151966850301913,79.72720631119326,76.57523946089134,inf,True,True
922,PV,RF,3.1485890152407854,77.5923370517273,74.44374803648651,inf,True,True
923,PV,RF,3.1451789119579647,75.47769451446763,72.33251560250966,inf,True,True
924,PV,RF,3.1417606838793537,73.39799091107433,70.25623022719498,inf,True,True
925,PV,RF,3.1383535295245064,71.3639142832093,68.22556075368479,inf,True,True
926,PV,RF,3.134973472540242,69.38349228615238,66.24851881361214,inf,True,True
927,PV,RF,3.131635903151701,67.46376659639228,64.33213069324057,inf,True,True
928,PV,RF,3.1283525054582024,65.6091561612341,62.480803655775894,inf,True,True
929,PV,RF,3.1251318048827077,63.82198979812942,60.69685799324672,inf,True,True
930,PV,RF,3.1219835561769775,62.10506306947262,58.98307951329564,inf,True,True
931,PV,RF,3.118914546924226,60.459375643468825,57.3404610965446,inf,True,True
932,PV,RF,3.115928814685117,58.88439994100978,55.76847112632466,inf,True,True
933,PV,RF,3.1130321144280417,57.3805103344923,54.267478220064255,inf,True,True
934,PV,RF,3.110228198176651,55.94703413120329,52.83680593302664,inf,True,True
935,PV,RF,3.107518711142509,54.5822850217917,51.47476631064919,inf,True,True
936,PV,RF,3.1049063392596796,53.28519253615753,50.18028619689785,inf,True,True
937,PV,RF,3.1023931056226086,52.0544354271871,48.95204232156449,inf,True,True
938,PV,RF,3.099979240217511,50.88792045356383,47.787941213346315,inf,True,True
939,PV,RF,3.097665201558443,49.7837929208337,46.686127719275255,inf,True,True
940,PV,RF,3.0954519193366163,48.740537076633444,45.645085157296826,inf,True,True
941,PV,RF,3.0933386927453324,47.75598452197717,44.662645829231835,inf,True,True
942,PV,RF,3.091324175913418,46.82780306964984,43.73647889373642,inf,True,True
943,PV,RF,3.0894084336439707,45.954436428436836,42.86502799479287,inf,True,True
944,PV,RF,3.087589933011754,45.13371285836234,42.04612292535058,inf,True,True
945,PV,RF,3.0858656062520184,44.362901952400506,41.277036346148485,inf,True,True
946,PV,RF,3.0842344992511292,43.64034551696813,40.556111017717,inf,True,True
947,PV,RF,3.0826938390661516,42.96368756308811,39.880993724021955,inf,True,True
948,PV,RF,3.081239019364918,42.329893681644045,39.24865466227913,inf,True,True
949,PV,RF,3.0798670285557472,41.73674788790473,38.65688085934898,inf,True,True
950,PV,RF,3.078573244016227,41.181445193396144,38.10287194937992,inf,True,True
951,PV,RF,3.0773509520925755,40.66040226158569,37.583051309493115,inf,True,True
952,PV,RF,3.0761937056365,40.170270154293405,37.09407644865691,inf,True,True
953,PV,RF,3.075093817877103,39.70728613590018,36.63219231802308,inf,True,True
954,PV,RF,3.0740410624594974,39.26673515968948,36.19269409722998,inf,True,True
955,PV,RF,3.0730246829523775,38.84380200219266,35.77077731924028,inf,True,True
956,PV,RF,3.0720366079896104,38.43489285273681,35.3628562447472,inf,True,True
957,PV,RF,3.0710852563540216,38.04326498115215,34.972179724798124,inf,True,True
958,PV,RF,3.07029157202948,37.71809948381044,34.64780791178096,inf,True,True
959,PV,RF,3.070507167993382,37.80628736052767,34.735780192534286,inf,True,True
960,PV,RF,3.1044713995535433,53.07100402245715,49.96653262290361,inf,True,True
961,PV,RF,3.1221957545079273,62.21986611426195,59.09767035975402,inf,True,True
962,PV,RF,3.137058355480576,70.6006895764909,67.46363122101032,inf,True,True
963,PV,RF,3.149259113818359,78.0126393305542,74.86338021673583,inf,True,True
964,PV,RF,3.1590729522083554,84.3536762101974,81.19460325798904,inf,True,True
965,PV,RF,3.166777694774817,89.58676574018168,86.41998804540685,inf,True,True
966,PV,RF,3.172635769065786,93.72489644259242,90.55226067352663,inf,True,True
967,PV,RF,3.1768898155625136,96.8204097802938,93.64351996473128,inf,True,True
968,PV,RF,3.1797602376654615,98.95368158387677,95.77392134621131,inf,True,True
969,PV,RF,3.181443690330139,100.22193550562174,97.0404918152916,inf,True,True
970,PV,RF,3.1821148275733884,100.73113000004558,97.5490151724722,inf,True,True
971,PV,RF,3.181928244998794,100.58936277033379,97.40743452533499,inf,True,True
972,PV,RF,3.1810189051083837,99.9007087066895,96.71968980158111,inf,True,True
973,PV,RF,3.179504617451374,98.76222191538419,95.58271729793282,inf,True,True
974,PV,RF,3.1774889929202255,97.2627065822064,94.08521758928617,inf,True,True
975,PV,RF,3.1750617707003643,95.48066933255221,92.30560756185184,inf,True,True
976,PV,RF,3.1723004470770606,93.48418006281902,90.31187961574196,inf,True,True
977,PV,RF,3.169273075042978,91.3322137669295,88.16294069188652,inf,True,True
978,PV,RF,3.1660383618318435,89.07446252906995,85.90842416723811,inf,True,True
979,PV,RF,3.1626463301363255,86.75189966459702,83.5892533344607,inf,True,True
980,PV,RF,3.159140698251227,84.3986883574117,81.23954765916048,inf,True,True
981,PV,RF,3.1555591111726895,82.0426569814097,78.88709787023701,inf,True,True
982,PV,RF,3.1519330441119386,79.70563838451308,76.55370534040114,inf,True,True
983,PV,RF,3.1482896657204162,77.40508740316533,74.25679773744491,inf,True,True
984,PV,RF,3.1446524486379848,75.15480260705606,72.01015015841807,inf,True,True
985,PV,RF,3.141040538865558,72.96485813276948,69.82381759390393,inf,True,True
986,PV,RF,3.137470047806011,70.84270189354416,67.70523184573815,inf,True,True
987,PV,RF,3.13395507867103,68.79399097134421,65.66003589267318,inf,True,True
988,PV,RF,3.1305067951304535,66.8222332487544,63.69172645362395,inf,True,True
989,PV,RF,3.127134138072891,64.9293899276809,61.80225578960801,inf,True,True
990,PV,RF,3.1238451445091613,63.116743492728624,59.99289834821946,inf,True,True
991,PV,RF,3.1206459721139304,61.38444344103559,58.263797468921666,inf,True,True
992,PV,RF,3.117541078508804,59.7317071181136,56.6141660396048,inf,True,True
993,PV,RF,3.114534628507399,58.15763596795675,55.04310133944935,inf,True,True
994,PV,RF,3.1116297264752277,56.66084034995733,53.549210623482104,inf,True,True
995,PV,RF,3.1088281197359136,55.23933511760416,52.13050699786825,inf,True,True
996,PV,RF,3.1061314881058335,53.89122901619262,50.78509752808679,inf,True,True
997,PV,RF,3.1035410760844377,52.61454215351325,49.51100107742881,inf,True,True
998,PV,RF,3.10105700125011,51.4068817328716,48.305824731621485,inf,True,True
999,PV,RF,3.098679271705152,50.26595635117537,47.16727707947022,inf,True,True
1000,PV,RF,3.096407902496176,49.18962532534375,46.09321742284757,inf,True,True
1001,PV,RF,3.094241938893515,48.17543563866852,45.081193699775,inf,True,True
1002,PV,RF,3.092180113915785,47.220942207763045,44.12876209384726,inf,True,True
1003,PV,RF,3.0902214108290678,46.32396200664978,43.23374059582071,inf,True,True
1004,PV,RF,3.088363947976843,45.482055715403575,42.39369176742673,inf,True,True
1005,PV,RF,3.086605240688467,44.69265494453297,41.606049703844505,inf,True,True
1006,PV,RF,3.08494306758192,43.95344794817929,40.86850488059737,inf,True,True
1007,PV,RF,3.083374390828594,43.261890083373785,40.17851569254519,inf,True,True
1008,PV,RF,3.081895212042549,42.61514619121935,39.533250979176806,inf,True,True
1009,PV,RF,3.0805015363485,42.01051266226505,38.93001112591655,inf,True,True
1010,PV,RF,3.079188493856504,41.44502877305035,38.36584027919385,inf,True,True
1011,PV,RF,3.077949782994571,40.91524133043729,37.83729154744272,inf,True,True
1012,PV,RF,3.0767785179796254,40.417571584808776,37.34079306682915,inf,True,True
1013,PV,RF,3.075666695230259,39.948085394130636,36.872418698900375,inf,True,True
1014,PV,RF,3.0746043630511535,39.50214715410357,36.42754279105242,inf,True,True
1015,PV,RF,3.0735806986869774,39.07487888071152,36.00129818202455,inf,True,True
1016,PV,RF,3.072585924658566,38.66195165262167,35.5893657279631,inf,True,True
1017,PV,RF,3.0716188171277334,38.262656276082,35.19103745895426,inf,True,True
1018,PV,RF,3.0707255382812386,37.895716369919576,34.82499083163834,inf,True,True
1019,PV,RF,3.0701574248327925,37.66328019528991,34.593122770457114,inf,True,True
1020,PV,RF,3.109893916024495,55.77757818640342,52.66768427037892,inf,True,True
1021,PV,RF,3.128841990789474,65.88353170341072,62.75468971262125,inf,True,True
1022,PV,RF,3.144447240383659,75.02920011037342,71.88475286998977,inf,True,True
1023,PV,RF,3.1570933540317636,83.04603233171996,79.8889389776882,inf,True,True
1024,PV,RF,3.16712898328126,89.83095360913384,86.66382462585258,inf,True,True
1025,PV,RF,3.174884668377552,95.35164291581917,92.17675824744161,inf,True,True
1026,PV,RF,3.1806653409845085,99.63396368743926,96.45329834645476,inf,True,True
1027,PV,RF,3.1847476247081095,102.74865416844204,99.56390654373394,inf,True,True
1028,PV,RF,3.187378627909575,104.7972189346528,101.60984030674322,inf,True,True
1029,PV,RF,3.1887758643173454,105.89857657051145,102.7098007061941,inf,True,True
1030,PV,RF,3.1891299525159793,106.1791826068327,102.99005265431671,inf,True,True
1031,PV,RF,3.188607450958904,105.76532676846188,102.57671931750298,inf,True,True
1032,PV,RF,3.187352517509933,104.77672706623154,101.58937454872161,inf,True,True
1033,PV,RF,3.1854899794963347,103.3233559876027,100.13786600810636,inf,True,True
1034,PV,RF,3.1831285028093452,101.50411979479654,98.3209912919872,inf,True,True
1035,PV,RF,3.180361740188524,99.40536406267987,96.22500232249133,inf,True,True
1036,PV,RF,3.1772702454788835,97.10105047935627,93.9237802338774,inf,True,True
1037,PV,RF,3.173924084052747,94.65416319483339,91.48023911078064,inf,True,True
1038,PV,RF,3.170383466542907,92.11709765285617,88.94671418631327,inf,True,True
1039,PV,RF,3.1666996163633985,89.5325593984773,86.3658597821139,inf,True,True
1040,PV,RF,3.1629168466275517,86.93546325557065,83.7725464089431,inf,True,True
1041,PV,RF,3.1590730886055423,84.35376681836915,81.19469372976361,inf,True,True
1042,PV,RF,3.1552000468210593,81.8090927982569,78.65389275143583,inf,True,True
1043,PV,RF,3.1513247962800843,79.3182850737847,76.16696027750461,inf,True,True
1044,PV,RF,3.1474704463073087,76.89425041596549,73.74677996965818,inf,True,True
1045,PV,RF,3.143655846868352,74.54615122595125,71.4024953790829,inf,True,True
1046,PV,RF,3.139896704895191,72.28044062650038,69.14054392160519,inf,True,True
1047,PV,RF,3.1362064407834627,70.10163484855346,66.96542840776999,inf,True,True
1048,PV,RF,3.1325956619121786,68.0122093124314,64.87961365051922,inf,True,True
1049,PV,RF,3.1290727993783247,66.01316369552104,62.884090896142716,inf,True,True
1050,PV,RF,3.125645102641417,64.10472083692012,60.97907573427871,inf,True,True
1051,PV,RF,3.122318074773826,62.28610369266477,59.16378561789094,inf,True,True
1052,PV,RF,3.1190956608784504,60.555735219958756,57.436639559080305,inf,True,True
1053,PV,RF,3.1159812733163363,58.91185279367415,55.795871520357814,inf,True,True
1054,PV,RF,3.112977354402158,57.35230650082617,54.23932914642401,inf,True,True
1055,PV,RF,3.1100851783287506,55.87449640416193,52.76441122583318,inf,True,True
1056,PV,RF,3.1073057887638984,54.47588012303845,51.368574334274555,inf,True,True
1057,PV,RF,3.104639804626903,53.15387651909367,50.049236714466765,inf,True,True
1058,PV,RF,3.102086921782325,51.905629189927225,48.8035422681449,inf,True,True
1059,PV,RF,3.0996466618330594,50.72838513458329,47.62873847275023,inf,True,True
1060,PV,RF,3.0973184696348293,49.61953424552442,46.52221577588959,inf,True,True
1061,PV,RF,3.0951010199451425,48.57627588194929,45.48117486200415,inf,True,True
1062,PV,RF,3.0929927063196017,47.59585476401777,44.502862057698174,inf,True,True
1063,PV,RF,3.0909920088085423,46.675724122254714,43.58473211344617,inf,True,True
1064,PV,RF,3.089096722675756,45.8131826466449,42.72408592396914,inf,True,True
1065,PV,RF,3.087304146832511,45.005463361839155,41.918159215006646,inf,True,True
1066,PV,RF,3.085611640018551,44.24997929330532,41.164367653286774,inf,True,True
1067,PV,RF,3.0840158868812235,43.54398705637761,40.459971169496384,inf,True,True
1068,PV,RF,3.082512767527448,42.88453103061781,39.80201826309036,inf,True,True
1069,PV,RF,3.0810979768728695,42.26871371507944,39.187615738206574,inf,True,True
1070,PV,RF,3.0797664183578046,41.693425141186516,38.61365872282871,inf,True,True
1071,PV,RF,3.0785117476855723,41.15514751856747,38.07663577088189,inf,True,True
1072,PV,RF,3.0773269117960877,40.65018897087156,37.572862059075476,inf,True,True
1073,PV,RF,3.076203746646425,40.17450958589555,37.09830583924912,inf,True,True
1074,PV,RF,3.0751323317261527,39.72345120773678,36.64831887601063,inf,True,True
1075,PV,RF,3.074101787876506,39.29207845479122,36.217976666914716,inf,True,True
1076,PV,RF,3.0731017690631712,38.87579663463866,35.80269486557549,inf,True,True
1077,PV,RF,3.072127263290155,38.472318021549405,35.40019075825925,inf,True,True
1078,PV,RF,3.07119369584038,38.0878015979462,35.016607902105825,inf,True,True
1079,PV,RF,3.070305761606228,37.72390041708345,34.65359465547722,inf,True,True
1080,PV,RF,3.1161658873442937,59.008527695776706,55.89236180843241,inf,True,True
1081,PV,RF,3.135725282521163,69.82080402723908,66.68507874471791,inf,True,True
1082,PV,RF,3.151974214882026,79.73190536653819,76.57993115165615,inf,True,True
1083,PV,RF,3.16501874202293,88.37152954664593,85.20651080462301,inf,True,True
1084,PV,RF,3.1752345726945315,95.60669304816966,92.43145847547513,inf,True,True
1085,PV,RF,3.1830029026602693,101.40808540211846,98.2250824994582,inf,True,True
1086,PV,RF,3.1886719093969376,105.81631048516125,102.62763857576431,inf,True,True
1087,PV,RF,3.1925533465857003,108.92389867000516,105.73134532341946,inf,True,True
1088,PV,RF,3.1949218489541904,110.85718138472325,107.66225953576905,inf,True,True
1089,PV,RF,3.1960149670762874,111.75910675108136,108.56309178400508,inf,True,True
1090,PV,RF,3.1960382177092517,111.77835777078167,108.58231955307241,inf,True,True
1091,PV,RF,3.195170399535724,111.06171815170305,107.86654775216732,inf,True,True
1092,PV,RF,3.193563960130356,109.74532799337184,106.55176403324148,inf,True,True
1093,PV,RF,3.1913491018966997,107.95177713504482,104.76042803314812,inf,True,True
1094,PV,RF,3.18864020314127,105.79122975135398,102.6025895482127,inf,True,True
1095,PV,RF,3.185534356242586,103.35779279398933,100.17225843774675,inf,True,True
1096,PV,RF,3.1821135893350023,100.73018864997682,97.54807506064182,inf,True,True
1097,PV,RF,3.17845077505264,97.97597295254737,94.79752217749473,inf,True,True
1098,PV,RF,3.174607539143168,95.15001346260752,91.97540592346435,inf,True,True
1099,PV,RF,3.1706350877432548,92.29566580547069,89.12503071772744,inf,True,True
1100,PV,RF,3.1665787942387924,89.44872637774384,86.28214758350505,inf,True,True
1101,PV,RF,3.162477151667024,86.63724578837983,83.47476863671281,inf,True,True
1102,PV,RF,3.1583612854263716,83.88187755057021,80.72351626514384,inf,True,True
1103,PV,RF,3.1542581228883178,81.19864417989356,78.04438605700524,inf,True,True
1104,PV,RF,3.15019102184535,78.59978916232522,75.44959814047988,inf,True,True
1105,PV,RF,3.146178082560606,76.09312215916101,72.9469440766004,inf,True,True
1106,PV,RF,3.142234035173256,73.68363318584016,70.5413991506669,inf,True,True
1107,PV,RF,3.138372509826013,71.3751396863347,68.23676717650869,inf,True,True
1108,PV,RF,3.1346033765159103,69.16887885084272,66.0342754743268,inf,True,True
1109,PV,RF,3.1309336031781543,67.06426957254367,63.93333596936551,inf,True,True
1110,PV,RF,3.1273706867441806,65.0610146403181,61.93364395357393,inf,True,True
1111,PV,RF,3.1239194700451813,63.15734867826567,60.03342920822049,inf,True,True
1112,PV,RF,3.1205823644897825,61.35030515426812,58.229722789778336,inf,True,True
1113,PV,RF,3.117362903069923,59.637705168383604,56.52034226531368,inf,True,True
1114,PV,RF,3.114263022443235,58.01668911053547,54.902426088092234,inf,True,True
1115,PV,RF,3.111282705945759,56.48359761249126,53.3723149065455,inf,True,True
1116,PV,RF,3.1084228065656534,55.0354564980111,51.927033691445445,inf,True,True
1117,PV,RF,3.105683688234543,53.66925472948672,50.563571041252175,inf,True,True
1118,PV,RF,3.103064077599157,52.381389051436535,49.27832497383738,inf,True,True
1119,PV,RF,3.100562965634977,51.168620818341424,48.068057852706445,inf,True,True
1120,PV,RF,3.098179827235141,50.02815470588429,46.92997487864915,inf,True,True
1121,PV,RF,3.095912669158334,48.956692931501344,45.86078026234301,inf,True,True
1122,PV,RF,3.0937590522078295,47.950937861166636,44.85717880895881,inf,True,True
1123,PV,RF,3.0917177568673457,47.00835261759696,43.916634860729616,inf,True,True
1124,PV,RF,3.0897861546006724,46.12592176599669,43.03613561139601,inf,True,True
1125,PV,RF,3.0879605215807406,45.300313349733045,42.212352828152305,inf,True,True
1126,PV,RF,3.086238688399889,44.52906929720244,41.44283060880255,inf,True,True
1127,PV,RF,3.084617090861988,43.80925616032855,40.72463906946656,inf,True,True
1128,PV,RF,3.0830906412274213,43.13742377258324,40.05433313135582,inf,True,True
1129,PV,RF,3.0816554401442438,42.51079765165669,39.42914221151244,inf,True,True
1130,PV,RF,3.080306331198208,41.9261890168916,38.84588268569339,inf,True,True
1131,PV,RF,3.079036245436618,41.37972088213938,38.30068463670276,inf,True,True
1132,PV,RF,3.077838291039408,40.86773180321328,37.789893512173876,inf,True,True
1133,PV,RF,3.076704499742605,40.38622771759779,37.30952321785519,inf,True,True
1134,PV,RF,3.0756245528561172,39.93034592943039,36.85472137657427,inf,True,True
1135,PV,RF,3.0745877073261703,39.49517608319051,36.42058837586434,inf,True,True
1136,PV,RF,3.0735859114034314,39.07704857790784,36.003462666504404,inf,True,True
1137,PV,RF,3.0726273225960896,38.67909105451506,35.60646373191897,inf,True,True
1138,PV,RF,3.071828047789052,38.34886353462238,35.27703548683333,inf,True,True
1139,PV,RF,3.071989553073175,38.415474519629264,35.34348496655609,inf,True,True
1140,PV,RF,3.1217646353069757,61.98676160325304,58.86499696794607,inf,True,True
1141,PV,RF,3.142574718070272,73.8896822640314,70.74710754596113,inf,True,True
1142,PV,RF,3.1595042431690126,84.64053436853084,81.48103012536183,inf,True,True
1143,PV,RF,3.1729135525370413,93.92466744452828,90.75175389199124,inf,True,True
1144,PV,RF,3.1832695716063553,101.61206839100556,98.4287988193992,inf,True,True
1145,PV,RF,3.191014032884921,107.68257803712889,104.49156400424397,inf,True,True
1146,PV,RF,3.1965417362074726,112.19594887838645,108.99940714217897,inf,True,True
1147,PV,RF,3.20019966924814,115.26969203156813,112.06949236231999,inf,True,True
1148,PV,RF,3.202288732675777,117.05734265436048,113.8550539216847,inf,True,True
1149,PV,RF,3.2030663742413426,117.72889396714073,114.52582759289939,inf,True,True
1150,PV,RF,3.202752803163279,117.45769996066772,114.25494715750445,inf,True,True
1151,PV,RF,3.201536790174853,116.41114977457458,113.20961298439973,inf,True,True
1152,PV,RF,3.199578506806037,114.74271352647271,111.54313501966668,inf,True,True
1153,PV,RF,3.1970143607266874,112.58911986966113,109.39210550893445,inf,True,True
1154,PV,RF,3.193962113589312,110.07036669505055,106.87640458146124,inf,True,True
1155,PV,RF,3.1905218595019695,107.28816641739634,104.09764455789437,inf,True,True
1156,PV,RF,3.1867785256658916,104.32707251159172,101.14029398592584,inf,True,True
1157,PV,RF,3.182805876915954,101.25758519569175,98.0747793187758,inf,True,True
1158,PV,RF,3.1786665771900906,98.1365759131492,94.95790933595912,inf,True,True
1159,PV,RF,3.1744130825448478,95.00873057548253,91.83431749293769,inf,True,True
1160,PV,RF,3.1700907836876002,91.90971950153997,88.73962871785237,inf,True,True
1161,PV,RF,3.16573815653092,88.86706797647108,85.70132981994016,inf,True,True
1162,PV,RF,3.1613866039704512,85.900839663294,82.73945305932354,inf,True,True
1163,PV,RF,3.1570628103677123,83.02597168446424,79.86890887409652,inf,True,True
1164,PV,RF,3.1527894653998594,80.2532939634319,77.10050449803204,inf,True,True
1165,PV,RF,3.148584377948502,77.58943392779803,74.44084954984953,inf,True,True
1166,PV,RF,3.1444620534686782,75.03826199659215,71.89379994312348,inf,True,True
1167,PV,RF,3.140435052370025,72.60202277498108,69.46158772261106,inf,True,True
1168,PV,RF,3.1365126653174564,70.28075258476956,67.1442399194521,inf,True,True
1169,PV,RF,3.132701762725312,68.07301675318826,64.94031499046294,inf,True,True
1170,PV,RF,3.129008582931454,65.97708056774812,62.84807198481666,inf,True,True
1171,PV,RF,3.125437313123111,63.990172447434254,60.86473513431115,inf,True,True
1172,PV,RF,3.1219902920491416,62.10870526208434,58.9867149700352,inf,True,True
1173,PV,RF,3.118669900536376,60.329364451106514,57.21069455057014,inf,True,True
1174,PV,RF,3.1154774206170783,58.648496294885994,55.53301887426892,inf,True,True
1175,PV,RF,3.1124126668211467,57.06195343762593,53.94954077080479,inf,True,True
1176,PV,RF,3.109475672374848,55.565989956135844,52.456514283760995,inf,True,True
1177,PV,RF,3.106666124672638,54.15695068850641,51.05028456383378,inf,True,True
1178,PV,RF,3.103982496553499,52.83083930536156,49.72685680880806,inf,True,True
1179,PV,RF,3.1014233320627858,51.583963552868376,48.48254022080559,inf,True,True
1180,PV,RF,3.098987388851347,50.41298018372221,47.31399279487086,inf,True,True
1181,PV,RF,3.0966723752692458,49.31427450836863,46.21760213309938,inf,True,True
1182,PV,RF,3.09447575519234,48.284348728727004,45.18987297353466,inf,True,True
1183,PV,RF,3.092395538578892,47.3201745672741,44.22777902869521,inf,True,True
1184,PV,RF,3.090428796160823,46.41848538857635,43.32805659241553,inf,True,True
1185,PV,RF,3.08857197772473,45.575927292956976,42.48735531523224,inf,True,True
1186,PV,RF,3.0868221336246338,44.78960303280605,41.70278089918141,inf,True,True
1187,PV,RF,3.085175447288953,44.05639357810076,40.971218130811806,inf,True,True
1188,PV,RF,3.0836270813625726,43.3728934644167,40.28926638305413,inf,True,True
1189,PV,RF,3.0821725225320926,42.736000726765326,39.653828204233236,inf,True,True
1190,PV,RF,3.0808063938495707,42.14238210110859,39.06157570725902,inf,True,True
1191,PV,RF,3.0795218210949376,41.58820021617686,38.50867839508192,inf,True,True
1192,PV,RF,3.0783116029273203,41.06962044803113,37.99130884510381,inf,True,True
1193,PV,RF,3.077167533327138,40.582512324525375,37.50534479119824,inf,True,True
1194,PV,RF,3.0760794172152295,40.12203258438912,37.04595316717389,inf,True,True
1195,PV,RF,3.0750364303808233,39.683205694856674,36.60816926447585,inf,True,True
1196,PV,RF,3.0740294653425932,39.26189614572259,36.18786668038,inf,True,True
1197,PV,RF,3.0730609798646107,38.85886537632019,35.785804396455575,inf,True,True
1198,PV,RF,3.072203289514518,38.503718192728094,35.431514903213575,inf,True,True
1199,PV,RF,3.071907058960081,38.381443421647916,35.30953636268784,inf,True,True
1200,PV,RF,3.127258272050458,64.99844162964834,61.871183357597886,inf,True,True
1201,PV,RF,3.1493513285766435,78.07060247675571,74.92125114817907,inf,True,True
1202,PV,RF,3.1669196885256254,89.68540858496233,86.51848889643671,inf,True,True
1203,PV,RF,3.1806477005227016,99.62066971902091,96.44002201849821,inf,True,True
1204,PV,RF,3.191103938289874,107.75475465949175,104.56365072120188,inf,True,True
1205,PV,RF,3.1987928151875624,114.07911451765638,110.88032170246882,inf,True,True
1206,PV,RF,3.2041558937728523,118.67542156072676,115.47126566695391,inf,True,True
1207,PV,RF,3.2075748202470717,121.68916961863839,118.48159479839131,inf,True,True
1208,PV,RF,3.209375757521446,123.30378674183311,120.09441098431166,inf,True,True
1209,PV,RF,3.209834833847796,123.71841747031772,120.50858263646992,inf,True,True
1210,PV,RF,3.2091856320073333,123.13243300342967,119.92324737142233,inf,True,True
1211,PV,RF,3.207626017084956,121.73480844230639,118.52718242522143,inf,True,True
1212,PV,RF,3.2053230379912145,119.69676948072309,116.49144644273187,inf,True,True
1213,PV,RF,3.2024182815851177,117.1689860431939,113.96656776160879,inf,True,True
1214,PV,RF,3.199032647141057,114.28132827051056,111.0822956233695,inf,True,True
1215,PV,RF,3.195268802639717,111.14278360783186,107.94751480519214,inf,True,True
1216,PV,RF,3.191213909224344,107.84309446995618,104.65188056073184,inf,True,True
1217,PV,RF,3.1869427077547696,104.45552903790332,101.26858633014855,inf,True,True
1218,PV,RF,3.1825186679846054,101.03851755045528,97.85599888247067,inf,True,True
1219,PV,RF,3.1779951683203147,97.63758169208725,94.45958652376694,inf,True,True
1220,PV,RF,3.173417692027264,94.2880596885909,91.11464199656365,inf,True,True
1221,PV,RF,3.1688245949268605,91.01664317976113,87.84781858483427,inf,True,True
1222,PV,RF,3.1642474490067007,87.84254016800242,84.67829271899572,inf,True,True
1223,PV,RF,3.159712669832878,84.77941569206938,81.61970302223651,inf,True,True
1224,PV,RF,3.155242291623016,81.8365475185406,78.68130522691759,inf,True,True
1225,PV,RF,3.150853835853489,79.01927127109677,75.86841743524329,inf,True,True
1226,PV,RF,3.146561440254593,76.3301597561972,73.18359831594262,inf,True,True
1227,PV,RF,3.1423767390437147,73.76989473807454,70.62751799903083,inf,True,True
1228,PV,RF,3.1383084860826624,71.3372792273027,68.19897074122004,inf,True,True
1229,PV,RF,3.134363204934572,69.02984025570302,65.89547705076845,inf,True,True
1230,PV,RF,3.1305461456600927,66.84452467361994,63.71397852795985,inf,True,True
1231,PV,RF,3.126860848459886,64.7775324809866,61.65067163252671,inf,True,True
1232,PV,RF,3.1233093531564005,62.824517583192396,59.701208230035995,inf,True,True
1233,PV,RF,3.1198931525038587,60.98115864439415,57.86126549189029,inf,True,True
1234,PV,RF,3.1166128479694093,59.24298320255476,56.126370354585355,inf,True,True
1235,PV,RF,3.113467986394843,57.605301400503905,54.49183341410906,inf,True,True
1236,PV,RF,3.110457917785671,56.06366201694973,52.953204099164054,inf,True,True
1237,PV,RF,3.1075816480299014,54.6137602180372,51.5061785700073,inf,True,True
1238,PV,RF,3.1048373936297105,53.251206391496986,50.14636899786728,inf,True,True
1239,PV,RF,3.102223261450641,51.97186036294651,48.86963710149587,inf,True,True
1240,PV,RF,3.099737343429737,50.77185607970673,47.67211873627699,inf,True,True
1241,PV,RF,3.09737709418293,49.64728514165498,46.54990804747205,inf,True,True
1242,PV,RF,3.0951397715101416,48.594400814379995,45.499261042869854,inf,True,True
1243,PV,RF,3.09302275811907,47.609751527104365,44.516728768985296,inf,True,True
1244,PV,RF,3.0910228727132067,46.68984333370225,43.598820460989046,inf,True,True
1245,PV,RF,3.089136534877474,45.8312105616145,42.74207402673702,inf,True,True
1246,PV,RF,3.087360247481671,45.0306234926459,41.94326324516423,inf,True,True
1247,PV,RF,3.085689944009048,44.28477957518576,41.19908963117671,inf,True,True
1248,PV,RF,3.084120860723673,43.590242479620414,40.50612161889674,inf,True,True
1249,PV,RF,3.0826480732130186,42.94367340737363,39.861025334160615,inf,True,True
1250,PV,RF,3.0812659541762697,42.341582510171555,39.26031655599529,inf,True,True
1251,PV,RF,3.079967745759766,41.780140416885345,38.70017267112558,inf,True,True
1252,PV,RF,3.0787460230390837,41.255377734461305,38.176631711422225,inf,True,True
1253,PV,RF,3.0775923246505488,40.7630211582469,37.685428833596355,inf,True,True
1254,PV,RF,3.076496560651161,40.298241089939964,37.221744529288806,inf,True,True
1255,PV,RF,3.075447742888702,39.85596370809477,36.780515965206064,inf,True,True
1256,PV,RF,3.074435355786108,39.431440409217224,36.357005053431116,inf,True,True
1257,PV,RF,3.0734532442516764,39.02184753706643,35.948394292814754,inf,True,True
1258,PV,RF,3.072506744263827,38.62918052050598,35.55667377624216,inf,True,True
1259,PV,RF,3.0715192436856302,38.22166467116538,35.15014542747975,inf,True,True
1260,PV,RF,3.133418775307163,68.48487327310536,65.3514544977982,inf,True,True
1261,PV,RF,3.1560275164930096,82.34806136596929,79.19203384947627,inf,True,True
1262,PV,RF,3.1740956043464035,94.77841422662421,91.6043186222778,inf,True,True
1263,PV,RF,3.188084190943516,105.35219552378108,102.16411133283756,inf,True,True
1264,PV,RF,3.1986026285864946,113.91897678635182,110.72037415776532,inf,True,True
1265,PV,RF,3.206210624758369,120.4786469234808,117.27243629872243,inf,True,True
1266,PV,RF,3.2113935986238915,125.13563405139652,121.92424045277264,inf,True,True
1267,PV,RF,3.214566394187897,128.06580931188603,124.85124291769813,inf,True,True
1268,PV,RF,3.216079490612697,129.48515585460072,126.26907636398802,inf,True,True
1269,PV,RF,3.2162255282231276,129.62290811171488,126.40668258349174,inf,True,True
1270,PV,RF,3.215249632433091,128.7049354862205,125.48968585378742,inf,True,True
1271,PV,RF,3.2133586359121895,126.94312734800582,123.72976871209363,inf,True,True
1272,PV,RF,3.2107252677829052,124.5262131231888,121.31548785540589,inf,True,True
1273,PV,RF,3.207494657039014,121.61773958799755,118.41024493095853,inf,True,True
1274,PV,RF,3.2037914546798394,118.35807554458604,115.1542840899062,inf,True,True
1275,PV,RF,3.1997204839040156,114.862980465469,111.66325998156498,inf,True,True
1276,PV,RF,3.195369717114065,111.22596973243104,108.03060001531698,inf,True,True
1277,PV,RF,3.19081565175639,107.52345793882088,104.33264228706449,inf,True,True
1278,PV,RF,3.1861226332789654,103.81518027254937,100.6290576392704,inf,True,True
1279,PV,RF,3.18134381814448,100.14633748373305,96.96499366558857,inf,True,True
1280,PV,RF,3.176525272918349,96.55208316285162,93.37555788993326,inf,True,True
1281,PV,RF,3.1717056674861754,93.0583719683539,89.88666630086772,inf,True,True
1282,PV,RF,3.1669159367962294,89.68280121884507,86.51588528204884,inf,True,True
1283,PV,RF,3.162182223368514,86.43763647118914,83.27545424782062,inf,True,True
1284,PV,RF,3.1575266437437897,83.33098678683584,80.17346014309204,inf,True,True
1285,PV,RF,3.1529659588733496,80.3664855267828,77.21351956790944,inf,True,True
1286,PV,RF,3.1485134442589064,77.54503610578674,74.39652266152783,inf,True,True
1287,PV,RF,3.144180758844763,74.86630800546143,71.72212724661667,inf,True,True
1288,PV,RF,3.139975928254482,72.32770461427164,69.18772868601715,inf,True,True
1289,PV,RF,3.1359042996013544,69.92520146790481,66.78929716830346,inf,True,True
1290,PV,RF,3.131971132290028,67.65500141220852,64.52303027991849,inf,True,True
1291,PV,RF,3.1281793538609026,65.51227348515158,62.38409413129068,inf,True,True
1292,PV,RF,3.1245297847154543,63.49139471675834,60.36686493204289,inf,True,True
1293,PV,RF,3.1210238421802226,61.58748985911227,58.466466016932046,inf,True,True
1294,PV,RF,3.117661687406911,59.795389555241535,56.677727867834626,inf,True,True
1295,PV,RF,3.114441801114512,58.109440978389145,54.994999177274636,inf,True,True
1296,PV,RF,3.1113632810863394,56.52472224149102,53.41335896040468,inf,True,True
1297,PV,RF,3.108424905536512,55.03651116457244,51.92808625903593,inf,True,True
1298,PV,RF,3.105624060382116,53.63973760384581,50.53411354346369,inf,True,True
1299,PV,RF,3.1029583894462904,52.32981052492802,49.22685213548173,inf,True,True
1300,PV,RF,3.1004259778905703,51.10266725177311,48.00224127388254,inf,True,True
1301,PV,RF,3.0980236899401357,49.95394382743812,46.85592013749798,inf,True,True
1302,PV,RF,3.095748137362982,48.8794430089771,45.78369487161412,inf,True,True
1303,PV,RF,3.0935968815988195,47.87567442285636,44.78207754125754,inf,True,True
1304,PV,RF,3.0915663602266816,46.93885625511042,43.847289894883744,inf,True,True
1305,PV,RF,3.089652249598767,46.06508889244243,42.97543664284367,inf,True,True
1306,PV,RF,3.0878513262540412,45.25118923081922,42.16333790456518,inf,True,True
1307,PV,RF,3.0861593193770296,44.49369100113867,41.40753168176164,inf,True,True
1308,PV,RF,3.08457075407052,43.78878028388497,40.70420952981445,inf,True,True
1309,PV,RF,3.083080940160551,43.133171795017695,40.050090854857146,inf,True,True
1310,PV,RF,3.0816842179463393,42.5233145676322,39.44163034968586,inf,True,True
1311,PV,RF,3.080373259264718,41.95509017305684,38.87471691379212,inf,True,True
1312,PV,RF,3.0791407223683542,41.42453108605005,38.3453903636817,inf,True,True
1313,PV,RF,3.0779783047147946,40.92739978043891,37.849421475724114,inf,True,True
1314,PV,RF,3.07687557008025,40.4586885450002,37.38181297491995,inf,True,True
1315,PV,RF,3.0758216589939753,40.013351082568335,36.93752942357436,inf,True,True
1316,PV,RF,3.0748081387736637,39.58748654776335,36.512678408989686,inf,True,True
1317,PV,RF,3.073841402680312,39.18346785741556,36.10962645473525,inf,True,True
1318,PV,RF,3.073022864398705,38.843047373230064,35.77002450883136,inf,True,True
1319,PV,RF,3.0730286804586004,38.84546083798265,35.77243215752405,inf,True,True
1320,PV,RF,3.1388349472324246,71.64900025142352,68.51016530419109,inf,True,True
1321,PV,RF,3.162318173229564,86.5296061542031,83.36728798097353,inf,True,True
1322,PV,RF,3.1808727726805106,99.79039110419315,96.60951833151263,inf,True,True
1323,PV,RF,3.195081118932243,110.98821099744836,107.79312987851613,inf,True,True
1324,PV,RF,3.205631021665546,119.96756502984839,116.76193400818283,inf,True,True
1325,PV,RF,3.213139991294904,126.74084678498107,123.52770679368616,inf,True,True
1326,PV,RF,3.218136207689009,131.43771764165183,128.21958143396282,inf,True,True
1327,PV,RF,3.221065286677118,134.26584407555197,131.04477878887485,inf,True,True
1328,PV,RF,3.2222993375468203,135.47440718332365,132.25210784577683,inf,True,True
1329,PV,RF,3.22214605502107,135.32373286764027,132.10158681261922,inf,True,True
1330,PV,RF,3.2208609248928024,134.06668800742193,130.84582708252913,inf,True,True
1331,PV,RF,3.218657829497087,131.9372496201292,128.7185917906321,inf,True,True
1332,PV,RF,3.215714473795439,129.14143782908178,125.92572335528634,inf,True,True
1333,PV,RF,3.2121795591774114,125.85576218800637,122.64358262882895,inf,True,True
1334,PV,RF,3.2081801727421038,122.22977871723484,119.02159854449273,inf,True,True
1335,PV,RF,3.203822963064798,118.38548306229482,115.18166009923003,inf,True,True
1336,PV,RF,3.1991972912069815,114.42032509977894,111.22112780857195,inf,True,True
1337,PV,RF,3.194380515314897,110.41280427952012,107.21842376420523,inf,True,True
1338,PV,RF,3.1894375962694035,106.42347790377167,103.23404030750227,inf,True,True
1339,PV,RF,3.1844221179569243,102.49747419899337,99.31305208103645,inf,True,True
1340,PV,RF,3.17938027058711,98.66919176759255,95.48981149700543,inf,True,True
1341,PV,RF,3.1743506918399476,94.96343481817031,91.78908412633037,inf,True,True
1342,PV,RF,3.1693641925547777,91.3964290334122,88.22706484085742,inf,True,True
1343,PV,RF,3.1644466334651207,87.97892478663127,84.81447815316615,inf,True,True
1344,PV,RF,3.159619724899634,84.7174630807762,81.55784335587657,inf,True,True
1345,PV,RF,3.154899796068548,81.61415039585773,78.45925059978919,inf,True,True
1346,PV,RF,3.150299643050256,78.66842634351406,75.5181267004638,inf,True,True
1347,PV,RF,3.145830335636287,75.87854195693053,72.73271162129424,inf,True,True
1348,PV,RF,3.141499335001,73.24060201974847,70.09910268474746,inf,True,True
1349,PV,RF,3.1373114492246765,70.74940502005514,67.61209357083045,inf,True,True
1350,PV,RF,3.133271301523137,68.40003094064821,65.26675963912507,inf,True,True
1351,PV,RF,3.1293812399697654,66.18665264054255,63.05727140057278,inf,True,True
1352,PV,RF,3.125641564040584,64.10276902249642,60.97712745845583,inf,True,True
1353,PV,RF,3.122053099796349,62.14267281932283,59.020619719526486,inf,True,True
1354,PV,RF,3.1186154754238467,60.30046501840676,57.18184954298292,inf,True,True
1355,PV,RF,3.115326701217776,58.569856801254026,55.45453010003625,inf,True,True
1356,PV,RF,3.1121853738427694,56.94533282058521,53.83314744674244,inf,True,True
1357,PV,RF,3.1091898054018756,55.42164507214563,52.312455266743754,inf,True,True
1358,PV,RF,3.106336976272593,53.99326887409339,50.886931897820794,inf,True,True
1359,PV,RF,3.103624132838707,52.655200905997006,49.5515767731583,inf,True,True
1360,PV,RF,3.101048965349774,51.403001147486876,48.3019521821371,inf,True,True
1361,PV,RF,3.098608002425233,50.23198361151378,47.13337560908855,inf,True,True
1362,PV,RF,3.0962975582949577,49.13767125486101,46.041373696566055,inf,True,True
1363,PV,RF,3.0941148666434772,48.11630211588275,45.02218724923927,inf,True,True
1364,PV,RF,3.092056097354506,47.16386795976471,44.0718118624102,inf,True,True
1365,PV,RF,3.0901167147997723,46.27628315044448,43.18616643564471,inf,True,True
1366,PV,RF,3.0882932320702343,45.4501697931562,42.361876561085964,inf,True,True
1367,PV,RF,3.0865811741868416,44.68190455867705,41.59532338449021,inf,True,True
1368,PV,RF,3.0849749192232174,43.967550769257805,40.882575850034584,inf,True,True
1369,PV,RF,3.083469582778581,43.30368873527409,40.22021915249551,inf,True,True
1370,PV,RF,3.082059357440848,42.68666037254934,39.60460101510849,inf,True,True
1371,PV,RF,3.080736817744219,42.112266987737904,39.03153016999369,inf,True,True
1372,PV,RF,3.079494501882512,41.576456255933294,38.49696175405078,inf,True,True
1373,PV,RF,3.0783240087958514,41.07491909447826,37.99659508568241,inf,True,True
1374,PV,RF,3.0772148493025737,40.60259791284305,37.52538306354048,inf,True,True
1375,PV,RF,3.076156109259797,40.1543985844031,37.0782424751433,inf,True,True
1376,PV,RF,3.0751392239936175,39.72634439537047,36.65120517137685,inf,True,True
1377,PV,RF,3.0741699857605003,39.32055034465268,36.24638035889218,inf,True,True
1378,PV,RF,3.0733455166004746,38.977052913536454,35.90370739693598,inf,True,True
1379,PV,RF,3.073310077154009,38.962322471456986,35.88901239430297,inf,True,True
1380,PV,RF,3.143489680449634,74.44499695808622,71.30150727763659,inf,True,True
1381,PV,RF,3.168105954227497,90.51269148556761,87.34458553134012,inf,True,True
1382,PV,RF,3.187118428131682,104.59315568522462,101.40603725709293,inf,True,True
1383,PV,RF,3.201506384652942,116.38508547801356,113.18357909336062,inf,True,True
1384,PV,RF,3.2120627584226327,125.74850800708826,122.53644524866563,inf,True,True
1385,PV,RF,3.219462552177112,132.7113682727097,129.4919057205326,inf,True,True
1386,PV,RF,3.2242740968306705,137.4298778163147,134.20560371948403,inf,True,True
1387,PV,RF,3.2269706317956155,140.14375162257824,136.91678099078263,inf,True,True
1388,PV,RF,3.2279429291288246,141.13493331227474,137.9069903831459,inf,True,True
1389,PV,RF,3.227511969592725,140.69476723335754,137.46725526376483,inf,True,True
1390,PV,RF,3.225942251232382,139.10272907563444,135.87678682440207,inf,True,True
1391,PV,RF,3.223453003527204,136.61356269492063,133.39010969139343,inf,True,True
1392,PV,RF,3.2202262021131514,133.449904545627,130.22967834351385,inf,True,True
1393,PV,RF,3.21641400613259,129.80089267452055,126.58447866838796,inf,True,True
1394,PV,RF,3.2121449114477554,125.82393770733573,122.61179279588798,inf,True,True
1395,PV,RF,3.2075271042182156,121.64664740486666,118.43912030064844,inf,True,True
1396,PV,RF,3.2026517319935572,117.37040382369354,114.16775209169998,inf,True,True
1397,PV,RF,3.19759634964087,113.07487639731103,109.87728004767015,inf,True,True
1398,PV,RF,3.1924263222450504,108.82101669691932,105.62859037467426,inf,True,True
1399,PV,RF,3.18719616237244,104.65408530015303,101.46688913778058,inf,True,True
1400,PV,RF,3.1819518510774394,100.60729010415075,97.4253382530733,inf,True,True
1401,PV,RF,3.1767317212800745,96.70397101592272,93.52723929464264,inf,True,True
1402,PV,RF,3.1715668832782544,92.95922871745402,89.78766183417576,inf,True,True
1403,PV,RF,3.166482927446893,89.38225051148562,86.21576758403873,inf,True,True
1404,PV,RF,3.1615007787328997,85.97772171538712,82.81622093665422,inf,True,True
1405,PV,RF,3.15663662516772,82.7464225129967,79.58978588782898,inf,True,True
1406,PV,RF,3.1519030985413785,79.68653691742573,76.53463381888434,inf,True,True
1407,PV,RF,3.147310208942211,76.79460556152586,73.64729535258364,inf,True,True
1408,PV,RF,3.1428650110947487,74.06556292795491,70.92269791686016,inf,True,True
1409,PV,RF,3.1385722870753483,71.4933641404185,68.35479185334316,inf,True,True
1410,PV,RF,3.1344355370171666,69.07169496478492,65.93725942776776,inf,True,True
1411,PV,RF,3.1304565721889124,66.79378975582958,63.66333318364067,inf,True,True
1412,PV,RF,3.1266357405203937,64.65261779813713,61.52598205761674,inf,True,True
1413,PV,RF,3.1229728935082903,62.64144386494494,59.51847097143665,inf,True,True
1414,PV,RF,3.1194670561127236,60.75362787819114,57.634160822078414,inf,True,True
1415,PV,RF,3.1161162680438372,58.98253458518948,55.86641831714564,inf,True,True
1416,PV,RF,3.112918444778405,57.32197475370802,54.20905630892962,inf,True,True
1417,PV,RF,3.1098712375700073,55.766092978657916,52.65622174108791,inf,True,True
1418,PV,RF,3.1069715899028414,54.309115109815664,51.20214351991282,inf,True,True
1419,PV,RF,3.104216415249815,52.94566870389093,49.841452288641115,inf,True,True
1420,PV,RF,3.101602692759511,51.67079276315702,48.569190070397504,inf,True,True
1421,PV,RF,3.0991268452052565,50.47960461179049,47.38047776658524,inf,True,True
1422,PV,RF,3.0967851749162274,49.36749236918673,46.2707071942705,inf,True,True
1423,PV,RF,3.094574182047225,48.330237623719945,45.23566344167272,inf,True,True
1424,PV,RF,3.092489876550797,47.36366633086716,44.27117645431636,inf,True,True
1425,PV,RF,3.0905279387307694,46.46371058153464,43.37318264280387,inf,True,True
1426,PV,RF,3.08868419616628,45.626608658479135,42.53792446231286,inf,True,True
1427,PV,RF,3.086953972936384,44.84858889210855,41.76163491917217,inf,True,True
1428,PV,RF,3.085331959197313,44.12580225776334,41.04047029856603,inf,True,True
1429,PV,RF,3.0838127420047368,43.454548382457865,40.37073564045313,inf,True,True
1430,PV,RF,3.082390265146615,42.83102238288332,39.748632117736705,inf,True,True
1431,PV,RF,3.0810574010473344,42.251121815147975,39.17006441410064,inf,True,True
1432,PV,RF,3.079806409597577,41.710642533839106,38.630836124241526,inf,True,True
1433,PV,RF,3.0786285705957552,41.205112009228245,38.12648343863249,inf,True,True
1434,PV,RF,3.077513595520216,40.72953487087435,37.65202127535414,inf,True,True
1435,PV,RF,3.0764503601960462,40.2787055110821,37.20225515088605,inf,True,True
1436,PV,RF,3.0754282811012645,39.847780703348576,36.77235242224731,inf,True,True
1437,PV,RF,3.0744411499168605,39.4338633921953,36.35942224227844,inf,True,True
1438,PV,RF,3.0734935311856098,39.03860616631062,35.96511263512501,inf,True,True
1439,PV,RF,3.0725007449494726,38.626698106297766,35.554197361348294,inf,True,True
1440,PV,RF,3.148440253724197,77.49924421180978,74.35080395808558,inf,True,True
1441,PV,RF,3.173401129788324,94.276104209188,91.10270307939969,inf,True,True
1442,PV,RF,3.192725012055827,109.06306596951615,105.87034095746031,inf,True,True
1443,PV,RF,3.207241898294214,121.39276062704717,118.18551872875295,inf,True,True
1444,PV,RF,3.217784384890491,131.10178836943862,127.88400398454813,inf,True,True
1445,PV,RF,3.2250730689764557,138.2286760483861,135.00360297940964,inf,True,True
1446,PV,RF,3.2297101625586864,142.95399110492878,139.7242809423701,inf,True,True
1447,PV,RF,3.2321929188005063,145.54846821315314,142.31627529435264,inf,True,True
1448,PV,RF,3.2329286270012885,146.32618472085642,143.09325609385513,inf,True,True
1449,PV,RF,3.2322487767283903,145.6073713910829,142.3751226143545,inf,True,True
1450,PV,RF,3.2304248425640507,143.69612609229583,140.46570124973178,inf,True,True
1451,PV,RF,3.2276813189736586,140.8675751684955,137.63989384952185,inf,True,True
1452,PV,RF,3.22420337047652,137.3593801310389,134.1351767605624,inf,True,True
1453,PV,RF,3.22014512181099,133.37130818412496,130.15116306231397,inf,True,True
1454,PV,RF,3.215637259129296,129.06883638924947,125.85319913012017,inf,True,True
1455,PV,RF,3.2107892300028595,124.58442141435951,121.37363218435665,inf,True,True
1456,PV,RF,3.2056926482217127,120.02181507731825,116.81612242909654,inf,True,True
1457,PV,RF,3.2004261465602,115.46234674237196,112.26192059581176,inf,True,True
1458,PV,RF,3.1950556596546713,110.96725718820808,107.77220152855341,inf,True,True
1459,PV,RF,3.1896355346653107,106.58090193689976,103.39126640223445,inf,True,True
1460,PV,RF,3.1842120927649376,102.33566910834112,99.15145701557618,inf,True,True
1461,PV,RF,3.17882386918833,98.2537651149305,95.07494124574217,inf,True,True
1462,PV,RF,3.173501499340804,94.34857401662858,91.17507251728777,inf,True,True
1463,PV,RF,3.168270340237843,90.62778239878428,87.45951205854644,inf,True,True
1464,PV,RF,3.163151332676154,87.09480910926666,83.93165777659051,inf,True,True
1465,PV,RF,3.158160080296597,83.7488357917505,80.5906757114539,inf,True,True
1466,PV,RF,3.153308590030127,80.58654950383317,77.43324091380305,inf,True,True
1467,PV,RF,3.1486068154027405,77.60348134094224,74.4548745255395,inf,True,True
1468,PV,RF,3.144061243182179,74.79333017750854,71.64926893432636,inf,True,True
1469,PV,RF,3.1396758282145067,72.14877684581973,69.00910101760522,inf,True,True
1470,PV,RF,3.135453981679862,69.66278544014853,66.52733145846867,inf,True,True
1471,PV,RF,3.1313970450609534,67.32772180078653,64.19632475572558,inf,True,True
1472,PV,RF,3.127504520235121,65.13555999061448,62.00805547037936,inf,True,True
1473,PV,RF,3.123776125629412,63.07905211299026,59.95527598736085,inf,True,True
1474,PV,RF,3.120210557255363,61.15099130379283,58.03078074653747,inf,True,True
1475,PV,RF,3.116805102770283,59.34400600634085,56.22720090357056,inf,True,True
1476,PV,RF,3.113557447690364,57.65150453787479,54.53794709018443,inf,True,True
1477,PV,RF,3.1104650647083467,56.067292805073116,52.95682774036477,inf,True,True
1478,PV,RF,3.107524296424084,54.58507783008055,51.47755353365647,inf,True,True
1479,PV,RF,3.1047317127577236,53.19913642831939,50.094404715561666,inf,True,True
1480,PV,RF,3.102084262849721,51.90433801528097,48.80225375243125,inf,True,True
1481,PV,RF,3.0995779341308767,50.69545258531132,47.595874651180445,inf,True,True
1482,PV,RF,3.0972085896649215,49.56754434544859,46.470335755783665,inf,True,True
1483,PV,RF,3.094972815614564,48.51633894518627,45.42136612957171,inf,True,True
1484,PV,RF,3.09286633901855,47.537443740403155,44.444577401384606,inf,True,True
1485,PV,RF,3.0908843541522653,46.62649408379128,43.53560972963901,inf,True,True
1486,PV,RF,3.089022829190147,45.77973217861927,42.69070934942912,inf,True,True
1487,PV,RF,3.087276940414406,44.99326451835721,41.9059875779428,inf,True,True
1488,PV,RF,3.0856409122342656,44.262986885028994,41.177345972794726,inf,True,True
1489,PV,RF,3.0841094502836364,43.58521333758572,40.50110388730209,inf,True,True
1490,PV,RF,3.082676476963221,42.95609424754994,39.87341777058672,inf,True,True
1491,PV,RF,3.0813344782430967,42.37132741473854,39.28999293649544,inf,True,True
1492,PV,RF,3.0800757462902806,41.82669722548812,38.746621479197835,inf,True,True
1493,PV,RF,3.078891667383136,41.317753222119826,38.23886155473669,inf,True,True
1494,PV,RF,3.0777717059567706,40.83937195963704,37.76160025368027,inf,True,True
1495,PV,RF,3.0767048420298915,40.386372633990156,37.309667791960266,inf,True,True
1496,PV,RF,3.0756820710618675,39.9545587307633,36.87887665970143,inf,True,True
1497,PV,RF,3.074706998571534,39.54511810602448,36.47041110745295,inf,True,True
1498,PV,RF,3.0738592737122667,39.190917200704455,36.11705792699219,inf,True,True
1499,PV,RF,3.0736377970134203,39.0986483751194,36.025010578105984,inf,True,True
1500,PV,RF,3.152616636610354,80.14256193325295,76.98994529664259,inf,True,True
1501,PV,RF,3.177979482465433,97.62594773405431,94.44796825158888,inf,True,True
1502,PV,RF,3.1975678613998384,113.05105730623717,109.85348944483734,inf,True,True
1503,PV,RF,3.2121802873575573,125.85643111108985,122.64425082373229,inf,True,True
1504,PV,RF,3.2226971325298273,135.86617573048372,132.6434785979539,inf,True,True
1505,PV,RF,3.2298801018012187,143.13011709791363,139.9002369961124,inf,True,True
1506,PV,RF,3.2343604174859877,147.8516110386711,144.61725062118512,inf,True,True
1507,PV,RF,3.23665535240241,150.32995888815736,147.09330353575496,inf,True,True
1508,PV,RF,3.2371856286239256,150.90855345965034,147.6713678310264,inf,True,True
1509,PV,RF,3.2362911915547468,149.93391708384365,146.6976258922889,inf,True,True
1510,PV,RF,3.2342489315425773,147.73226602698617,144.4980170954436,inf,True,True
1511,PV,RF,3.2312875499274547,144.5970238807977,141.36573633087025,inf,True,True
1512,PV,RF,3.227594770724279,140.77923365550478,137.55163888478052,inf,True,True
1513,PV,RF,3.2233260688156036,136.48778005513722,133.26445398632163,inf,True,True
1514,PV,RF,3.2186140928755727,131.8952973371544,128.67668324427882,inf,True,True
1515,PV,RF,3.2135693343844665,127.13833466752445,123.92476533313999,inf,True,True
1516,PV,RF,3.208283589092189,122.32234796509428,119.11406437600209,inf,True,True
1517,PV,RF,3.2028366214534865,117.53013745697073,114.32730083551725,inf,True,True
1518,PV,RF,3.1972948018353935,112.82296791701305,109.62567311517765,inf,True,True
1519,PV,RF,3.191712249532862,108.24416457558868,105.05245232605583,inf,True,True
1520,PV,RF,3.186135703579488,103.82536106571632,100.63922536213684,inf,True,True
1521,PV,RF,3.180603821859469,99.5876085652943,96.40700474343484,inf,True,True
1522,PV,RF,3.1751468374480294,95.542692037113,92.36754519966497,inf,True,True
1523,PV,RF,3.1697899198076165,91.69691409628993,88.52712417648232,inf,True,True
1524,PV,RF,3.1645540159328194,88.0525162667201,84.88796225078728,inf,True,True
1525,PV,RF,3.1594542718221215,84.60726145091714,81.44780717909501,inf,True,True
1526,PV,RF,3.154502063888068,81.35642679293927,78.2019247290512,inf,True,True
1527,PV,RF,3.1497073753084535,78.29468347623676,75.1449761009283,inf,True,True
1528,PV,RF,3.1450762434086803,75.41465115453886,72.26957491113018,inf,True,True
1529,PV,RF,3.1406117239041933,72.70776673585267,69.56715501194847,inf,True,True
1530,PV,RF,3.136317323404297,70.16645772879987,67.03014040539557,inf,True,True
1531,PV,RF,3.1321939722684684,67.78231729875267,64.6501233264842,inf,True,True
1532,PV,RF,3.128240281645944,65.54635366779073,62.41811338614478,inf,True,True
1533,PV,RF,3.1244560382284456,63.45097179550617,60.326515757277726,inf,True,True
1534,PV,RF,3.1208396117114194,61.4884426064135,58.36760299470208,inf,True,True
1535,PV,RF,3.117387574269605,59.65071581245465,56.53332823818504,inf,True,True
1536,PV,RF,3.1140974996145654,57.930894349021884,54.81679684940732,inf,True,True
1537,PV,RF,3.1109666697865626,56.32246890592609,53.21150223613952,inf,True,True
1538,PV,RF,3.1079909138249344,54.81869773552219,51.71070682169726,inf,True,True
1539,PV,RF,3.1051665006321594,53.413550555063814,50.308384054431656,inf,True,True
1540,PV,RF,3.102490360733766,52.1017530639021,48.999262703168334,inf,True,True
1541,PV,RF,3.0999581432276564,50.87779189894787,47.77783375572021,inf,True,True
1542,PV,RF,3.097565242024807,49.736407228292734,46.63884198626793,inf,True,True
1543,PV,RF,3.0953084003671236,48.67331619481854,45.578007794451416,inf,True,True
1544,PV,RF,3.0931831347860537,47.68395209658651,44.59076896180046,inf,True,True
1545,PV,RF,3.091184063263582,46.763620857805506,43.67243679454192,inf,True,True
1546,PV,RF,3.0893074329006174,45.908641281756125,42.81933384885551,inf,True,True
1547,PV,RF,3.087548284077442,45.1150101442074,42.02746186012996,inf,True,True
1548,PV,RF,3.085900308442926,44.37834385651469,41.292443548071766,inf,True,True
1549,PV,RF,3.084358456171877,43.695033060425565,40.61067460425369,inf,True,True
1550,PV,RF,3.0829165935509395,43.06117261380957,39.97825602025863,inf,True,True
1551,PV,RF,3.081566823867112,42.47226623016098,39.39069940629387,inf,True,True
1552,PV,RF,3.080301528117184,41.924115334094274,38.84381380597709,inf,True,True
1553,PV,RF,3.079112155633606,41.41227627421656,38.33316411858296,inf,True,True
1554,PV,RF,3.077987955660757,40.931514284100274,37.853526328439514,inf,True,True
1555,PV,RF,3.076917905940099,40.47663130276437,37.39971339682427,inf,True,True
1556,PV,RF,3.0758938588952214,40.04377815358039,36.96788429468517,inf,True,True
1557,PV,RF,3.074924162147843,39.63611846434329,36.561194302195446,inf,True,True
1558,PV,RF,3.074125265907319,39.30187908615084,36.22775382024352,inf,True,True
1559,PV,RF,3.074295078538883,39.37280280404345,36.29850772550457,inf,True,True
1560,PV,RF,3.1554883067863275,81.99656248590878,78.84107417912246,inf,True,True
1561,PV,RF,3.1816972828713053,100.41409573309352,97.2323984502222,inf,True,True
1562,PV,RF,3.20154727373073,116.42013768521818,113.21859041148745,inf,True,True
1563,PV,RF,3.2162329139313126,129.62987838547704,126.41364547154573,inf,True,True
1564,PV,RF,3.2267199381593388,139.88928465397225,136.66256471581292,inf,True,True
1565,PV,RF,3.233809078561181,147.26234542131692,144.02853634275573,inf,True,True
1566,PV,RF,3.238156620575495,151.97388844365585,148.73573182308036,inf,True,True
1567,PV,RF,3.2402955223608183,154.34778159478765,151.10748607242684,inf,True,True
1568,PV,RF,3.240656195303999,154.75181554742088,151.51115935211686,inf,True,True
1569,PV,RF,3.239585576954774,153.5556527212499,150.31606714429515,inf,True,True
1570,PV,RF,3.237365238489306,151.10504075924354,147.86767552075423,inf,True,True
1571,PV,RF,3.234225892968774,147.70761540037293,144.47338950740416,inf,True,True
1572,PV,RF,3.2303574100444457,143.6259417508577,140.39558434081326,inf,True,True
1573,PV,RF,3.2259175721180915,139.07783848292124,135.85192091080316,inf,True,True
1574,PV,RF,3.221039088587575,134.24029776433795,131.01925867575036,inf,True,True
1575,PV,RF,3.215833290491469,129.25322919138253,126.03739590089106,inf,True,True
1576,PV,RF,3.21039364656947,124.22481624836651,121.01442260179704,inf,True,True
1577,PV,RF,3.204799469898347,119.23765406602983,116.03285459613149,inf,True,True
1578,PV,RF,3.199117332191415,114.35280353249216,111.15368620030074,inf,True,True
1579,PV,RF,3.193402431486753,109.6136908305314,106.42028839904464,inf,True,True
1580,PV,RF,3.1877010798509633,105.05055397351994,101.86285289366897,inf,True,True
1581,PV,RF,3.1820515976648007,100.68306948146358,97.50101788379878,inf,True,True
1582,PV,RF,3.176484724675203,96.52227292866013,93.34578820398492,inf,True,True
1583,PV,RF,3.171025459786901,92.57322218946241,89.40219672967551,inf,True,True
1584,PV,RF,3.165693969902778,88.8365723976775,85.67087842777472,inf,True,True
1585,PV,RF,3.160505473151603,85.30920100898774,82.14869553583614,inf,True,True
1586,PV,RF,3.155471514048715,81.98563293039693,78.83016141634822,inf,True,True
1587,PV,RF,3.150600981719796,78.85906029317174,75.70845931145195,inf,True,True
1588,PV,RF,3.1458997009648746,75.92131116681331,72.77541146584844,inf,True,True
1589,PV,RF,3.141371163782642,73.16349841302991,70.02212724924728,inf,True,True
1590,PV,RF,3.137017639329745,70.57678453722639,67.43976689789665,inf,True,True
1591,PV,RF,3.1328397175859832,68.15213302175344,65.01929330416746,inf,True,True
1592,PV,RF,3.128836548134239,65.88047684790628,62.75164029977204,inf,True,True
1593,PV,RF,3.1250068861973084,63.75330247060824,60.628295584410935,inf,True,True
1594,PV,RF,3.121348681968309,61.76237392571637,58.64102524374806,inf,True,True
1595,PV,RF,3.1178588973184302,59.89960757256287,56.781748675244444,inf,True,True
1596,PV,RF,3.114534461488976,58.15754923205951,55.04301477057054,inf,True,True
1597,PV,RF,3.1113721025536694,56.52922570373005,53.41785360117638,inf,True,True
1598,PV,RF,3.1083678547377427,55.007849186460966,51.89948133172322,inf,True,True
1599,PV,RF,3.105517803672951,53.58716164763453,50.48164384396158,inf,True,True
1600,PV,RF,3.1028181874452576,52.261433645668504,49.158615458223245,inf,True,True
1601,PV,RF,3.1002647031849238,51.02508291069534,47.92481820751041,inf,True,True
1602,PV,RF,3.0978529837718094,49.8728798450475,46.77502686127569,inf,True,True
1603,PV,RF,3.0955789561533944,48.80008148447789,45.7045025283245,inf,True,True
1604,PV,RF,3.093438072442961,47.802034753087085,44.70859668064412,inf,True,True
1605,PV,RF,3.0914254867297375,46.874241319759605,43.782815833029865,inf,True,True
1606,PV,RF,3.089536596306157,46.01258311157764,42.92304651527148,inf,True,True
1607,PV,RF,3.0877663142384737,45.21296460023163,42.12519828599316,inf,True,True
1608,PV,RF,3.0861089326177424,44.471239260672796,41.385130328055055,inf,True,True
1609,PV,RF,3.0845587270564385,43.78346647663704,40.6989077495806,inf,True,True
1610,PV,RF,3.08310935849682,43.14562818295094,40.062518824454116,inf,True,True
1611,PV,RF,3.08175341745283,42.553420913159854,39.471667495707024,inf,True,True
1612,PV,RF,3.0804829521031047,42.00248089502525,38.92199794292215,inf,True,True
1613,PV,RF,3.079289073974122,41.48820286399601,38.408913790021884,inf,True,True
1614,PV,RF,3.078161325961325,41.00546431726982,37.927302991308494,inf,True,True
1615,PV,RF,3.0770884910701457,40.54897049212991,37.47188200105977,inf,True,True
1616,PV,RF,3.0760601104193763,40.113886754024136,37.03782664360476,inf,True,True
1617,PV,RF,3.0750711772937973,39.697784991597274,36.622713814303474,inf,True,True
1618,PV,RF,3.074135410338659,39.30611414984499,36.23197873950633,inf,True,True
1619,PV,RF,3.0732368830451486,38.931908292662804,35.858671409617656,inf,True,True
1620,PV,RF,3.158243854364695,83.80421071344246,80.64596685907776,inf,True,True
1621,PV,RF,3.184618023417623,102.64858691952233,99.4639688961047,inf,True,True
1622,PV,RF,3.2046060508639735,119.0684369884967,115.86383093763273,inf,True,True
1623,PV,RF,3.219333084981844,132.58653895930067,129.3672058743188,inf,True,True
1624,PV,RF,3.229790298625953,143.03701808835152,139.80722778972557,inf,True,True
1625,PV,RF,3.2368037909385037,150.49169615066444,147.25489235972594,inf,True,True
1626,PV,RF,3.2410473748255106,155.1912569210509,151.95020954622538,inf,True,True
1627,PV,RF,3.2430656486684626,157.47916423420142,154.23609858553294,inf,True,True
1628,PV,RF,3.243296594295381,157.743191290559,154.49989469626362,inf,True,True
1629,PV,RF,3.2420917045738564,156.37076448570033,153.12867278112648,inf,True,True
1630,PV,RF,3.2397354797680804,153.72255974759523,150.48282426782714,inf,True,True
1631,PV,RF,3.2364608634184178,150.11831166998275,146.88185080656433,inf,True,True
1632,PV,RF,3.2324590656211196,145.82933688318926,142.59687781756813,inf,True,True
1633,PV,RF,3.2278887248191044,141.07949758261813,137.85160885779902,inf,True,True
1634,PV,RF,3.222883580094784,136.0501685567991,132.8272849767043,inf,True,True
1635,PV,RF,3.2175555880855855,130.88375560972534,127.66620002163975,inf,True,True
1636,PV,RF,3.2119984810635405,125.68951960695823,122.47752112589468,inf,True,True
1637,PV,RF,3.206292132856552,120.55067291799094,117.34438078513439,inf,True,True
1638,PV,RF,3.2005034397418815,115.52816022715061,112.32765678740873,inf,True,True
1639,PV,RF,3.194687551218858,110.66466382876041,107.46997627754155,inf,True,True
1640,PV,RF,3.188890964788088,105.98972399457473,102.80083302978665,inf,True,True
1641,PV,RF,3.183152122952767,101.52218798485303,98.33903586190027,inf,True,True
1642,PV,RF,3.1775015336445493,97.27198065124024,94.0944791175957,inf,True,True
1643,PV,RF,3.1719640782213556,93.2431879702556,90.07122389203425,inf,True,True
1644,PV,RF,3.1665599299313083,89.43564258619286,86.26908265626155,inf,True,True
1645,PV,RF,3.161304003144455,85.84524998997469,82.68394598683024,inf,True,True
1646,PV,RF,3.1562075251250947,82.46564476304312,79.30943723791802,inf,True,True
1647,PV,RF,3.1512793416997043,79.28939128323373,76.13811194153402,inf,True,True
1648,PV,RF,3.146524969503832,76.30758731517813,73.1610623456743,inf,True,True
1649,PV,RF,3.141947448313517,73.51060365631376,70.36865620800025,inf,True,True
1650,PV,RF,3.137548928045334,70.8891342289365,67.75158530089116,inf,True,True
1651,PV,RF,3.133329741011686,68.43364322434513,65.30031348333344,inf,True,True
1652,PV,RF,3.1292886462719256,66.13454062338809,63.00525197711617,inf,True,True
1653,PV,RF,3.1254243356376668,63.98302263353701,60.857598297899344,inf,True,True
1654,PV,RF,3.1217345870200655,61.97053494675526,58.84880035973519,inf,True,True
1655,PV,RF,3.1182159696659735,60.08859034631015,56.97037437664417,inf,True,True
1656,PV,RF,3.114865272876867,58.3294996108814,55.21463433800453,inf,True,True
1657,PV,RF,3.1116791216748116,56.686096236680285,53.574417115005474,inf,True,True
1658,PV,RF,3.1086532338757165,55.15131024520791,52.042657011332196,inf,True,True
1659,PV,RF,3.1057835107435983,53.71869034410354,50.61290683335994,inf,True,True
1660,PV,RF,3.1030661648046776,52.382407956861904,49.279341792057224,inf,True,True
1661,PV,RF,3.100496662942952,51.13669291666823,48.03619625372528,inf,True,True
1662,PV,RF,3.098070415231463,49.97614546376509,46.87807504853363,inf,True,True
1663,PV,RF,3.0957833799413055,48.89598411896064,45.80020073901934,inf,True,True
1664,PV,RF,3.0936308591638957,47.89143797679791,44.797807117634015,inf,True,True
1665,PV,RF,3.0916077661561867,46.95785739163397,43.866249625477785,inf,True,True
1666,PV,RF,3.0897095553981155,46.0911174648558,43.00140790945768,inf,True,True
1667,PV,RF,3.0879310619935803,45.287057399297176,42.199126337303596,inf,True,True
1668,PV,RF,3.0862663475748127,44.541401785391,41.45513543781619,inf,True,True
1669,PV,RF,3.0847097354055775,43.85021047435276,40.76550073894718,inf,True,True
1670,PV,RF,3.083254874674439,43.20944120136966,40.12618632669522,inf,True,True
1671,PV,RF,3.0818941616775497,42.614688777407075,39.53279461572953,inf,True,True
1672,PV,RF,3.0806196533330956,42.06157957396667,38.98095992063357,inf,True,True
1673,PV,RF,3.0794225134309414,41.54551826329516,38.466095749864216,inf,True,True
1674,PV,RF,3.0782921578165148,41.06131600339777,37.98302384558126,inf,True,True
1675,PV,RF,3.0772174280878537,40.60369275344744,37.526475325359584,inf,True,True
1676,PV,RF,3.0761887160633306,40.16816358448899,37.09197486842566,inf,True,True
1677,PV,RF,3.075206394434106,39.75454642517816,36.67934003074406,inf,True,True
1678,PV,RF,3.074325298995941,39.385431531404144,36.31110623240821,inf,True,True
1679,PV,RF,3.0738474176979595,39.18597507026618,36.11212765256822,inf,True,True
1680,PV,RF,3.1603126040544494,85.1800962435335,82.01978363947904,inf,True,True
1681,PV,RF,3.1866211780354914,104.20408383775892,101.01746265972342,inf,True,True
1682,PV,RF,3.2066797338742923,120.89370400727303,117.68702427339873,inf,True,True
1683,PV,RF,3.2214283013117253,134.6202995104302,131.39887120911845,inf,True,True
1684,PV,RF,3.231861998683046,145.19999102510752,141.96812902642446,inf,True,True
1685,PV,RF,3.23882255733745,152.70895480659038,149.47013224925294,inf,True,True
1686,PV,RF,3.2429947498050895,157.39820212237706,154.15520737257197,inf,True,True
1687,PV,RF,3.244930919179957,159.62491385028156,156.3799829311016,inf,True,True
1688,PV,RF,3.245074297321295,159.79111685669653,156.54604255937525,inf,True,True
1689,PV,RF,3.2437790472951855,158.29624579943106,155.05246675213587,inf,True,True
1690,PV,RF,3.2413311157520246,155.51081091541346,152.26947979966144,inf,True,True
1691,PV,RF,3.237965549851501,151.76365003385803,148.52568448400652,inf,True,True
1692,PV,RF,3.2338743954920024,147.332032739469,144.09815834397702,inf,True,True
1693,PV,RF,3.2292158821567085,142.4429219527087,139.213706070552,inf,True,True
1694,PV,RF,3.2241254871812064,137.281788633963,134.0576631467818,inf,True,True
1695,PV,RF,3.2187156115405196,131.99269338670894,128.77397777516842,inf,True,True
1696,PV,RF,3.213079021123268,126.68449215107958,123.47141312995632,inf,True,True
1697,PV,RF,3.207297056847957,121.44182538111413,118.23452832426617,inf,True,True
1698,PV,RF,3.201436827805833,116.32547877293031,113.12404194512447,inf,True,True
1699,PV,RF,3.1955526931771874,111.37693498777172,108.18138229459453,inf,True,True
1700,PV,RF,3.1896918201761304,106.62570179916659,103.43600997899046,inf,True,True
1701,PV,RF,3.1838929066969186,102.09015896940193,98.90626606270501,inf,True,True
1702,PV,RF,3.178185879801707,97.77911643455964,94.60093055475794,inf,True,True
1703,PV,RF,3.172595563739396,93.69600936058718,90.52341379684779,inf,True,True
1704,PV,RF,3.1671425347779074,89.8403835099597,86.67324097518178,inf,True,True
1705,PV,RF,3.1618413234781255,86.2073343179026,83.04549299442448,inf,True,True
1706,PV,RF,3.1567024925102922,82.78958286646731,79.63288037395702,inf,True,True
1707,PV,RF,3.151735533157689,79.57971098009394,76.42797544693624,inf,True,True
1708,PV,RF,3.146945762161028,76.56830382289357,73.42135806073254,inf,True,True
1709,PV,RF,3.142335007814995,73.7446619962901,70.60232698847511,inf,True,True
1710,PV,RF,3.137906180233318,71.09968165645276,67.96177547621944,inf,True,True
1711,PV,RF,3.1336594244696556,68.62346743888085,65.4898080144112,inf,True,True
1712,PV,RF,3.1295924353791635,66.30561282485316,63.17602038947399,inf,True,True
1713,PV,RF,3.1257047159554796,64.13760788760148,61.011903171646,inf,True,True
1714,PV,RF,3.1219939157151533,62.11066469073398,58.988670775018825,inf,True,True
1715,PV,RF,3.118455753144044,60.21570256283431,57.09724680969026,inf,True,True
1716,PV,RF,3.1150872927061126,58.44507448544037,55.32998719273426,inf,True,True
1717,PV,RF,3.11188524843407,56.791562074631585,53.679676826197515,inf,True,True
1718,PV,RF,3.1088448095459853,55.24773989880715,52.13889508926116,inf,True,True
1719,PV,RF,3.1059617136779254,53.80700883024066,50.701047116562734,inf,True,True
1720,PV,RF,3.103232504525926,52.463646405310975,49.36041390078505,inf,True,True
1721,PV,RF,3.1006523689974985,51.211690844665675,48.111038475668174,inf,True,True
1722,PV,RF,3.0982161447184553,50.04542507837971,46.94720893366125,inf,True,True
1723,PV,RF,3.0959203858058704,48.96031768384291,45.86439729803704,inf,True,True
1724,PV,RF,3.0937603011392163,47.951517745935845,44.85775744479663,inf,True,True
1725,PV,RF,3.0917298645390563,47.01391291342543,43.922183048886374,inf,True,True
1726,PV,RF,3.089825379303159,46.1437498236778,43.053924444374644,inf,True,True
1727,PV,RF,3.0880416126202292,45.33681283288212,42.24877122026189,inf,True,True
1728,PV,RF,3.0863717475924997,44.58841374268907,41.50204199509657,inf,True,True
1729,PV,RF,3.084810789200393,43.894905580016186,40.810094790815796,inf,True,True
1730,PV,RF,3.0833524009670383,43.2522374285451,40.168885027578064,inf,True,True
1731,PV,RF,3.0819883889093327,42.65573329238452,39.57374490347519,inf,True,True
1732,PV,RF,3.0807110858815645,42.10113216408133,39.02042107819976,inf,True,True
1733,PV,RF,3.0795118574982414,41.58391687171268,38.50440501421444,inf,True,True
1734,PV,RF,3.0783797977198937,41.09875141044076,38.020371612720865,inf,True,True
1735,PV,RF,3.07730380950146,40.64037543992834,37.56307163042688,inf,True,True
1736,PV,RF,3.076275986081889,40.205016754132124,37.128740768050235,inf,True,True
1737,PV,RF,3.0753060753494257,39.79641727086642,36.721111195517,inf,True,True
1738,PV,RF,3.0745210543980424,39.46728557068851,36.39276451629047,inf,True,True
1739,PV,RF,3.074803892738931,39.58570737966962,36.51090348693069,inf,True,True
1740,PV,RF,3.1607777143681903,85.49167959310714,82.33090187873894,inf,True,True
1741,PV,RF,3.1875685344339986,104.94635899983957,101.75879046540558,inf,True,True
1742,PV,RF,3.2077175838924994,121.81647252761077,118.60875494371827,inf,True,True
1743,PV,RF,3.222482924985238,135.6550800125319,132.43259708754667,inf,True,True
1744,PV,RF,3.2329048446181767,146.30097993109194,143.06807508647375,inf,True,True
1745,PV,RF,3.239837821610285,153.836617712708,150.59677989109773,inf,True,True
1746,PV,RF,3.2439738213825087,158.520097373486,155.2761235521035,inf,True,True
1747,PV,RF,3.2458688209891315,160.71543665838905,157.46956783739992,inf,True,True
1748,PV,RF,3.2459678235813403,160.83100771874746,157.58503989516612,inf,True,True
1749,PV,RF,3.2446268597152015,159.27305176572077,156.02842490600557,inf,True,True
1750,PV,RF,3.242133328587473,156.4179684465276,153.17583511794012,inf,True,True
1751,PV,RF,3.2387219359459687,152.59765568831475,149.35893375236878,inf,True,True
1752,PV,RF,3.234585279583362,148.09261836216155,144.85803308257817,inf,True,True
1753,PV,RF,3.2298831251816287,143.1332524720928,139.90336934691118,inf,True,True
1754,PV,RF,3.224749863235863,137.90500641409074,134.68025655085486,inf,True,True
1755,PV,RF,3.2192980889136367,132.55281541004703,129.3335173211334,inf,True,True
1756,PV,RF,3.2136221795120568,127.18733737014301,123.97371519063095,inf,True,True
1757,PV,RF,3.207802276616772,121.8920492836717,118.68424700705492,inf,True,True
1758,PV,RF,3.201905522237575,116.72763768996238,113.5257321677248,inf,True,True
1759,PV,RF,3.1959873793331974,111.73626833374384,108.54028095441063,inf,True,True
1760,PV,RF,3.1900943693025847,106.94655877021519,103.7564644009126,inf,True,True
1761,PV,RF,3.1842648767215467,102.37631494224578,99.19205006552424,inf,True,True
1762,PV,RF,3.1785294557573565,98.03450429499941,94.85597483924205,inf,True,True
1763,PV,RF,3.172912873906241,93.92417900210042,90.75126612819417,inf,True,True
1764,PV,RF,3.1674350462278467,90.04411055624665,86.8766755100188,inf,True,True
1765,PV,RF,3.1621107618383593,86.38932175372994,83.22721099189158,inf,True,True
1766,PV,RF,3.1569510976106874,82.95263000327401,79.79567890566332,inf,True,True
1767,PV,RF,3.1519645640111325,79.72574755665593,76.5737829926448,inf,True,True
1768,PV,RF,3.147156502640263,76.69910600749566,73.5519495048554,inf,True,True
1769,PV,RF,3.1425298355074567,73.86251444933093,70.71998461382347,inf,True,True
1770,PV,RF,3.138085779322634,71.20568575503435,68.06759997571172,inf,True,True
1771,PV,RF,3.1338243757398514,68.71857170135175,65.5847473256119,inf,True,True
1772,PV,RF,3.129744802503772,66.39152211434639,63.261777311842614,inf,True,True
1773,PV,RF,3.1258453836416233,64.21525279396208,61.089407410320455,inf,True,True
1774,PV,RF,3.1221235833285785,62.180805380827934,59.058681797499354,inf,True,True
1775,PV,RF,3.118575821810805,60.27941453613901,57.1608387143282,inf,True,True
1776,PV,RF,3.1151986139118804,58.5030762131818,55.38787759926992,inf,True,True
1777,PV,RF,3.1119883180548924,56.84434221812802,53.73235390007313,inf,True,True
1778,PV,RF,3.1089405379023285,55.29596212606937,52.18702158816704,inf,True,True
1779,PV,RF,3.106051003537511,53.85129334345832,50.745242339920814,inf,True,True
1780,PV,RF,3.1033156818178185,52.50429656266675,49.400980880848934,inf,True,True
1781,PV,RF,3.100729937530069,51.249076250447786,48.14834631291772,inf,True,True
1782,PV,RF,3.098289095910777,50.080126409137875,46.981837313227096,inf,True,True
1783,PV,RF,3.095988891732517,48.9925036816032,45.896514789870686,inf,True,True
1784,PV,RF,3.0938245318358217,47.98134562526171,44.88752109342589,inf,True,True
1785,PV,RF,3.091790908717347,47.041952213142245,43.950161304424896,inf,True,True
1786,PV,RF,3.0898832861097296,46.170076000270946,43.080192714161214,inf,True,True
1787,PV,RF,3.0880964078365674,45.36148548434907,42.2733890765125,inf,True,True
1788,PV,RF,3.0864243525205373,44.61188733199683,41.525462979476295,inf,True,True
1789,PV,RF,3.0848613005476455,43.91725541489643,40.83239411434879,inf,True,True
1790,PV,RF,3.0834008101166606,43.273488596150585,40.19008778603393,inf,True,True
1791,PV,RF,3.0820353091892523,42.67617915292902,39.59414384373977,inf,True,True
1792,PV,RF,3.0807567725759895,42.120903015030756,39.04014624245477,inf,True,True
1793,PV,RF,3.0795562687404203,41.603011024826245,38.523454756085826,inf,True,True
1794,PV,RF,3.078423237573983,41.117313366472295,38.03889012889831,inf,True,True
1795,PV,RF,3.0773464484324213,40.65848882282812,37.5811423743957,inf,True,True
1796,PV,RF,3.0763157801191863,40.2218271543366,37.14551137421741,inf,True,True
1797,PV,RF,3.0753285485995314,39.80586027562941,36.730531727029884,inf,True,True
1798,PV,RF,3.0744162320765547,39.42344382187638,36.34902758979983,inf,True,True
1799,PV,RF,3.0736989857374573,39.12412889278547,36.05042990704801,inf,True,True
1800,PV,RF,3.1607777143681903,85.49167959310714,82.33090187873894,inf,True,True
1801,PV,RF,3.1875685344339986,104.94635899983957,101.75879046540558,inf,True,True
1802,PV,RF,3.2077175838924994,121.81647252761077,118.60875494371827,inf,True,True
1803,PV,RF,3.222482924985239,135.6550800125319,132.43259708754667,inf,True,True
1804,PV,RF,3.2329048446181767,146.30097993109194,143.06807508647375,inf,True,True
1805,PV,RF,3.239837821610285,153.83661771270806,150.59677989109778,inf,True,True
1806,PV,RF,3.2439738213825087,158.520097373486,155.2761235521035,inf,True,True
1807,PV,RF,3.2458688209891315,160.71543665838905,157.46956783739992,inf,True,True
1808,PV,RF,3.2459678235813403,160.83100771874746,157.58503989516612,inf,True,True
1809,PV,RF,3.2446268597152015,159.27305176572085,156.02842490600565,inf,True,True
1810,PV,RF,3.242133328587473,156.41796844652757,153.1758351179401,inf,True,True
1811,PV,RF,3.2387219359459687,152.59765568831475,149.35893375236878,inf,True,True
1812,PV,RF,3.234585279583362,148.09261836216163,144.85803308257826,inf,True,True
1813,PV,RF,3.2298831251816287,143.1332524720928,139.90336934691118,inf,True,True
1814,PV,RF,3.224749863235863,137.9050064140907,134.68025655085484,inf,True,True
1815,PV,RF,3.2192980889136367,132.55281541004703,129.3335173211334,inf,True,True
1816,PV,RF,3.2136221795120568,127.18733737014301,123.97371519063095,inf,True,True
1817,PV,RF,3.207802276616772,121.89204928367172,118.68424700705495,inf,True,True
1818,PV,RF,3.201905522237575,116.72763768996245,113.52573216772487,inf,True,True
1819,PV,RF,3.1959873793331974,111.73626833374381,108.5402809544106,inf,True,True
1820,PV,RF,3.1900943693025847,106.94655877021519,103.7564644009126,inf,True,True
1821,PV,RF,3.1842648767215467,102.3763149422458,99.19205006552426,inf,True,True
1822,PV,RF,3.1785294557573565,98.03450429499941,94.85597483924205,inf,True,True
1823,PV,RF,3.172912873906241,93.92417900210042,90.75126612819417,inf,True,True
1824,PV,RF,3.1674350462278467,90.04411055624665,86.8766755100188,inf,True,True
1825,PV,RF,3.1621107618383593,86.38932175372994,83.22721099189158,inf,True,True
1826,PV,RF,3.1569510976106874,82.95263000327397,79.79567890566328,inf,True,True
1827,PV,RF,3.1519645640111325,79.72574755665593,76.5737829926448,inf,True,True
1828,PV,RF,3.147156502640263,76.69910600749566,73.5519495048554,inf,True,True
1829,PV,RF,3.1425298355074567,73.86251444933093,70.71998461382347,inf,True,True
1830,PV,RF,3.138085779322634,71.20568575503435,68.06759997571172,inf,True,True
1831,PV,RF,3.1338243757398514,68.71857170135175,65.5847473256119,inf,True,True
1832,PV,RF,3.129744802503772,66.3915221143464,63.26177731184263,inf,True,True
1833,PV,RF,3.1258453836416233,64.21525279396205,61.089407410320426,inf,True,True
1834,PV,RF,3.1221235833285785,62.180805380827934,59.058681797499354,inf,True,True
1835,PV,RF,3.118575821810805,60.27941453613901,57.1608387143282,inf,True,True
1836,PV,RF,3.1151986139118804,58.503076213181835,55.387877599269956,inf,True,True
1837,PV,RF,3.1119883180548924,56.84434221812808,53.732353900073186,inf,True,True
1838,PV,RF,3.1089405379023285,55.29596212606937,52.18702158816704,inf,True,True
1839,PV,RF,3.106051003537511,53.85129334345832,50.745242339920814,inf,True,True
1840,PV,RF,3.1033156818178185,52.50429656266673,49.40098088084891,inf,True,True
1841,PV,RF,3.100729937530069,51.24907625044776,48.14834631291769,inf,True,True
1842,PV,RF,3.098289095910777,50.080126409137875,46.981837313227096,inf,True,True
1843,PV,RF,3.095988891732517,48.9925036816032,45.896514789870686,inf,True,True
1844,PV,RF,3.0938245318358217,47.98134562526171,44.88752109342589,inf,True,True
1845,PV,RF,3.091790908717347,47.04195221314222,43.95016130442487,inf,True,True
1846,PV,RF,3.0898832861097296,46.170076000270946,43.080192714161214,inf,True,True
1847,PV,RF,3.0880964078365674,45.36148548434905,42.27338907651249,inf,True,True
1848,PV,RF,3.0864243525205373,44.611887331996826,41.52546297947629,inf,True,True
1849,PV,RF,3.0848613005476455,43.91725541489643,40.83239411434879,inf,True,True
1850,PV,RF,3.0834008101166606,43.27348859615059,40.190087786033935,inf,True,True
1851,PV,RF,3.0820353091892523,42.67617915292903,39.59414384373978,inf,True,True
1852,PV,RF,3.0807567725759895,42.12090301503079,39.0401462424548,inf,True,True
1853,PV,RF,3.0795562687404203,41.603011024826216,38.5234547560858,inf,True,True
1854,PV,RF,3.0784232375739835,41.11731336647226,38.038890128898274,inf,True,True
1855,PV,RF,3.0773464484324213,40.65848882282809,37.58114237439567,inf,True,True
1856,PV,RF,3.0763157801191863,40.2218271543366,37.14551137421741,inf,True,True
1857,PV,RF,3.0753285485995314,39.80586027562939,36.73053172702986,inf,True,True
1858,PV,RF,3.0744162320765547,39.42344382187637,36.34902758979982,inf,True,True
1859,PV,RF,3.0736989857374573,39.124128892785464,36.050429907048006,inf,True,True
1860,PV,RF,3.16031260405445,85.1800962435335,82.01978363947904,inf,True,True
1861,PV,RF,3.1866211780354914,104.20408383775889,101.01746265972339,inf,True,True
1862,PV,RF,3.2066797338742923,120.89370400727303,117.68702427339873,inf,True,True
1863,PV,RF,3.2214283013117253,134.6202995104303,131.39887120911857,inf,True,True
1864,PV,RF,3.231861998683046,145.19999102510755,141.9681290264245,inf,True,True
1865,PV,RF,3.23882255733745,152.70895480659044,149.470132249253,inf,True,True
1866,PV,RF,3.2429947498050904,157.39820212237694,154.15520737257185,inf,True,True
1867,PV,RF,3.244930919179957,159.62491385028162,156.37998293110167,inf,True,True
1868,PV,RF,3.2450742973212936,159.79111685669642,156.54604255937514,inf,True,True
1869,PV,RF,3.2437790472951855,158.29624579943106,155.05246675213587,inf,True,True
1870,PV,RF,3.2413311157520246,155.51081091541346,152.26947979966144,inf,True,True
1871,PV,RF,3.237965549851501,151.76365003385803,148.52568448400652,inf,True,True
1872,PV,RF,3.2338743954920024,147.33203273946899,144.098158343977,inf,True,True
1873,PV,RF,3.2292158821567076,142.4429219527088,139.2137060705521,inf,True,True
1874,PV,RF,3.2241254871812064,137.28178863396295,134.05766314678175,inf,True,True
1875,PV,RF,3.2187156115405196,131.99269338670888,128.77397777516836,inf,True,True
1876,PV,RF,3.213079021123268,126.68449215107957,123.4714131299563,inf,True,True
1877,PV,RF,3.207297056847957,121.44182538111413,118.23452832426617,inf,True,True
1878,PV,RF,3.201436827805833,116.32547877293028,113.12404194512445,inf,True,True
1879,PV,RF,3.1955526931771874,111.37693498777172,108.18138229459453,inf,True,True
1880,PV,RF,3.1896918201761304,106.62570179916655,103.43600997899041,inf,True,True
1881,PV,RF,3.1838929066969186,102.09015896940193,98.90626606270501,inf,True,True
1882,PV,RF,3.178185879801707,97.77911643455968,94.60093055475798,inf,True,True
1883,PV,RF,3.172595563739396,93.69600936058721,90.52341379684782,inf,True,True
1884,PV,RF,3.1671425347779074,89.8403835099597,86.67324097518178,inf,True,True
1885,PV,RF,3.1618413234781255,86.2073343179026,83.04549299442448,inf,True,True
1886,PV,RF,3.1567024925102922,82.78958286646731,79.63288037395702,inf,True,True
1887,PV,RF,3.151735533157689,79.57971098009394,76.42797544693624,inf,True,True
1888,PV,RF,3.146945762161028,76.56830382289357,73.42135806073254,inf,True,True
1889,PV,RF,3.142335007814995,73.74466199629009,70.6023269884751,inf,True,True
1890,PV,RF,3.137906180233318,71.09968165645274,67.96177547621943,inf,True,True
1891,PV,RF,3.1336594244696556,68.62346743888085,65.4898080144112,inf,True,True
1892,PV,RF,3.1295924353791635,66.30561282485316,63.17602038947399,inf,True,True
1893,PV,RF,3.1257047159554796,64.13760788760148,61.011903171646,inf,True,True
1894,PV,RF,3.1219939157151533,62.11066469073395,58.9886707750188,inf,True,True
1895,PV,RF,3.118455753144044,60.21570256283428,57.09724680969023,inf,True,True
1896,PV,RF,3.1150872927061126,58.44507448544037,55.32998719273426,inf,True,True
1897,PV,RF,3.11188524843407,56.791562074631585,53.679676826197515,inf,True,True
1898,PV,RF,3.1088448095459853,55.24773989880714,52.138895089261155,inf,True,True
1899,PV,RF,3.1059617136779254,53.80700883024068,50.701047116562755,inf,True,True
1900,PV,RF,3.103232504525926,52.46364640531099,49.36041390078506,inf,True,True
1901,PV,RF,3.1006523689974985,51.211690844665696,48.111038475668195,inf,True,True
1902,PV,RF,3.0982161447184553,50.04542507837971,46.94720893366125,inf,True,True
1903,PV,RF,3.0959203858058704,48.96031768384291,45.86439729803704,inf,True,True
1904,PV,RF,3.0937603011392163,47.951517745935824,44.857757444796604,inf,True,True
1905,PV,RF,3.0917298645390563,47.01391291342543,43.922183048886374,inf,True,True
1906,PV,RF,3.089825379303159,46.14374982367781,43.05392444437465,inf,True,True
1907,PV,RF,3.0880416126202292,45.33681283288214,42.24877122026191,inf,True,True
1908,PV,RF,3.0863717475924997,44.58841374268907,41.50204199509657,inf,True,True
1909,PV,RF,3.084810789200393,43.894905580016186,40.810094790815796,inf,True,True
1910,PV,RF,3.0833524009670383,43.25223742854512,40.168885027578085,inf,True,True
1911,PV,RF,3.0819883889093327,42.65573329238451,39.57374490347518,inf,True,True
1912,PV,RF,3.0807110858815645,42.10113216408133,39.02042107819976,inf,True,True
1913,PV,RF,3.0795118574982414,41.583916871712674,38.504405014214434,inf,True,True
1914,PV,RF,3.0783797977198937,41.09875141044072,38.02037161272082,inf,True,True
1915,PV,RF,3.07730380950146,40.64037543992833,37.56307163042687,inf,True,True
1916,PV,RF,3.076275986081888,40.205016754132096,37.12874076805021,inf,True,True
1917,PV,RF,3.0753060753494257,39.79641727086645,36.721111195517025,inf,True,True
1918,PV,RF,3.0745210543980424,39.46728557068849,36.39276451629045,inf,True,True
1919,PV,RF,3.074803892738931,39.58570737966962,36.51090348693069,inf,True,True
1920,PV,RF,3.158243854364695,83.80421071344243,80.64596685907773,inf,True,True
1921,PV,RF,3.184618023417623,102.64858691952232,99.46396889610469,inf,True,True
1922,PV,RF,3.2046060508639735,119.0684369884967,115.86383093763273,inf,True,True
1923,PV,RF,3.219333084981844,132.58653895930067,129.3672058743188,inf,True,True
1924,PV,RF,3.229790298625953,143.03701808835152,139.80722778972557,inf,True,True
1925,PV,RF,3.2368037909385037,150.49169615066444,147.25489235972594,inf,True,True
1926,PV,RF,3.2410473748255106,155.1912569210509,151.95020954622538,inf,True,True
1927,PV,RF,3.2430656486684626,157.47916423420142,154.23609858553294,inf,True,True
1928,PV,RF,3.243296594295381,157.74319129055894,154.49989469626357,inf,True,True
1929,PV,RF,3.2420917045738564,156.37076448570033,153.12867278112648,inf,True,True
1930,PV,RF,3.2397354797680804,153.72255974759523,150.48282426782714,inf,True,True
1931,PV,RF,3.2364608634184178,150.11831166998275,146.88185080656433,inf,True,True
1932,PV,RF,3.2324590656211196,145.82933688318926,142.59687781756813,inf,True,True
1933,PV,RF,3.2278887248191044,141.07949758261813,137.85160885779902,inf,True,True
1934,PV,RF,3.222883580094784,136.0501685567991,132.8272849767043,inf,True,True
1935,PV,RF,3.2175555880855855,130.88375560972534,127.66620002163975,inf,True,True
1936,PV,RF,3.2119984810635405,125.68951960695823,122.47752112589468,inf,True,True
1937,PV,RF,3.206292132856552,120.55067291799091,117.34438078513436,inf,True,True
1938,PV,RF,3.2005034397418815,115.52816022715068,112.3276567874088,inf,True,True
1939,PV,RF,3.194687551218858,110.66466382876037,107.4699762775415,inf,True,True
1940,PV,RF,3.188890964788088,105.98972399457476,102.80083302978667,inf,True,True
1941,PV,RF,3.183152122952767,101.52218798485298,98.33903586190021,inf,True,True
1942,PV,RF,3.1775015336445493,97.27198065124021,94.09447911759567,inf,True,True
1943,PV,RF,3.1719640782213556,93.2431879702556,90.07122389203425,inf,True,True
1944,PV,RF,3.1665599299313083,89.43564258619286,86.26908265626155,inf,True,True
1945,PV,RF,3.161304003144456,85.8452499899747,82.68394598683025,inf,True,True
1946,PV,RF,3.1562075251250947,82.46564476304313,79.30943723791803,inf,True,True
1947,PV,RF,3.1512793416997043,79.28939128323373,76.13811194153402,inf,True,True
1948,PV,RF,3.146524969503832,76.30758731517813,73.1610623456743,inf,True,True
1949,PV,RF,3.141947448313517,73.51060365631376,70.36865620800025,inf,True,True
1950,PV,RF,3.137548928045334,70.8891342289365,67.75158530089116,inf,True,True
1951,PV,RF,3.133329741011686,68.43364322434513,65.30031348333344,inf,True,True
1952,PV,RF,3.1292886462719256,66.13454062338809,63.00525197711617,inf,True,True
1953,PV,RF,3.1254243356376668,63.98302263353701,60.857598297899344,inf,True,True
1954,PV,RF,3.1217345870200655,61.97053494675526,58.84880035973519,inf,True,True
1955,PV,RF,3.1182159696659735,60.08859034631018,56.9703743766442,inf,True,True
1956,PV,RF,3.114865272876867,58.3294996108814,55.21463433800453,inf,True,True
1957,PV,RF,3.1116791216748116,56.68609623668027,53.57441711500546,inf,True,True
1958,PV,RF,3.1086532338757165,55.15131024520792,52.0426570113322,inf,True,True
1959,PV,RF,3.1057835107435983,53.718690344103514,50.612906833359915,inf,True,True
1960,PV,RF,3.1030661648046776,52.3824079568619,49.27934179205722,inf,True,True
1961,PV,RF,3.100496662942952,51.13669291666823,48.03619625372528,inf,True,True
1962,PV,RF,3.098070415231463,49.976145463765086,46.878075048533624,inf,True,True
1963,PV,RF,3.0957833799413055,48.89598411896062,45.80020073901932,inf,True,True
1964,PV,RF,3.0936308591638957,47.8914379767979,44.79780711763401,inf,True,True
1965,PV,RF,3.0916077661561867,46.957857391633986,43.8662496254778,inf,True,True
1966,PV,RF,3.0897095553981155,46.0911174648558,43.00140790945768,inf,True,True
1967,PV,RF,3.0879310619935803,45.28705739929719,42.19912633730361,inf,True,True
1968,PV,RF,3.086266347574814,44.541401785391024,41.45513543781621,inf,True,True
1969,PV,RF,3.0847097354055775,43.85021047435275,40.765500738947175,inf,True,True
1970,PV,RF,3.083254874674439,43.20944120136966,40.12618632669522,inf,True,True
1971,PV,RF,3.0818941616775497,42.614688777407075,39.53279461572953,inf,True,True
1972,PV,RF,3.0806196533330956,42.06157957396667,38.98095992063357,inf,True,True
1973,PV,RF,3.0794225134309414,41.54551826329516,38.466095749864216,inf,True,True
1974,PV,RF,3.0782921578165148,41.06131600339777,37.98302384558126,inf,True,True
1975,PV,RF,3.0772174280878537,40.60369275344747,37.52647532535961,inf,True,True
1976,PV,RF,3.0761887160633306,40.168163584489,37.09197486842567,inf,True,True
1977,PV,RF,3.075206394434106,39.75454642517815,36.679340030744044,inf,True,True
1978,PV,RF,3.074325298995941,39.38543153140412,36.31110623240818,inf,True,True
1979,PV,RF,3.0738474176979595,39.18597507026619,36.112127652568226,inf,True,True
1980,PV,RF,3.1554883067863275,81.99656248590878,78.84107417912246,inf,True,True
1981,PV,RF,3.1816972828713053,100.41409573309349,97.23239845022218,inf,True,True
1982,PV,RF,3.20154727373073,116.42013768521818,113.21859041148745,inf,True,True
1983,PV,RF,3.2162329139313126,129.62987838547704,126.41364547154573,inf,True,True
1984,PV,RF,3.2267199381593388,139.88928465397225,136.66256471581292,inf,True,True
1985,PV,RF,3.233809078561181,147.26234542131695,144.02853634275576,inf,True,True
1986,PV,RF,3.238156620575495,151.9738884436559,148.7357318230804,inf,True,True
1987,PV,RF,3.2402955223608183,154.3477815947877,151.1074860724269,inf,True,True
1988,PV,RF,3.240656195303999,154.75181554742088,151.51115935211686,inf,True,True
1989,PV,RF,3.239585576954774,153.5556527212499,150.31606714429515,inf,True,True
1990,PV,RF,3.237365238489306,151.10504075924354,147.86767552075423,inf,True,True
1991,PV,RF,3.234225892968774,147.70761540037293,144.47338950740416,inf,True,True
1992,PV,RF,3.2303574100444457,143.6259417508577,140.39558434081326,inf,True,True
1993,PV,RF,3.2259175721180915,139.07783848292124,135.85192091080316,inf,True,True
1994,PV,RF,3.221039088587575,134.24029776433795,131.01925867575036,inf,True,True
1995,PV,RF,3.215833290491469,129.25322919138247,126.037395900891,inf,True,True
1996,PV,RF,3.21039364656947,124.22481624836651,121.01442260179704,inf,True,True
1997,PV,RF,3.204799469898347,119.23765406602976,116.03285459613141,inf,True,True
1998,PV,RF,3.199117332191415,114.35280353249219,111.15368620030077,inf,True,True
1999,PV,RF,3.193402431486753,109.61369083053137,106.42028839904461,inf,True,True
2000,PV,RF,3.1877010798509633,105.05055397352,101.86285289366903,inf,True,True
2001,PV,RF,3.1820515976648007,100.68306948146358,97.50101788379878,inf,True,True
2002,PV,RF,3.176484724675203,96.52227292866013,93.34578820398492,inf,True,True
2003,PV,RF,3.171025459786901,92.57322218946243,89.40219672967552,inf,True,True
2004,PV,RF,3.165693969902778,88.8365723976775,85.67087842777472,inf,True,True
2005,PV,RF,3.160505473151603,85.30920100898773,82.14869553583613,inf,True,True
2006,PV,RF,3.155471514048715,81.98563293039693,78.83016141634822,inf,True,True
2007,PV,RF,3.150600981719796,78.85906029317177,75.70845931145197,inf,True,True
2008,PV,RF,3.1458997009648746,75.92131116681333,72.77541146584845,inf,True,True
2009,PV,RF,3.141371163782642,73.16349841302993,70.02212724924729,inf,True,True
2010,PV,RF,3.137017639329743,70.57678453722633,67.43976689789659,inf,True,True
2011,PV,RF,3.1328397175859832,68.15213302175344,65.01929330416746,inf,True,True
2012,PV,RF,3.128836548134239,65.88047684790628,62.75164029977204,inf,True,True
2013,PV,RF,3.1250068861973084,63.75330247060824,60.628295584410935,inf,True,True
2014,PV,RF,3.121348681968309,61.7623739257164,58.641025243748096,inf,True,True
2015,PV,RF,3.1178588973184302,59.89960757256287,56.781748675244444,inf,True,True
2016,PV,RF,3.114534461488976,58.157549232059495,55.04301477057052,inf,True,True
2017,PV,RF,3.1113721025536694,56.52922570373005,53.41785360117638,inf,True,True
2018,PV,RF,3.1083678547377427,55.00784918646097,51.89948133172323,inf,True,True
2019,PV,RF,3.105517803672951,53.587161647634524,50.48164384396157,inf,True,True
2020,PV,RF,3.1028181874452576,52.26143364566848,49.158615458223224,inf,True,True
2021,PV,RF,3.1002647031849238,51.02508291069534,47.92481820751041,inf,True,True
2022,PV,RF,3.0978529837718094,49.8728798450475,46.77502686127569,inf,True,True
2023,PV,RF,3.0955789561533944,48.80008148447788,45.70450252832448,inf,True,True
2024,PV,RF,3.093438072442961,47.8020347530871,44.708596680644135,inf,True,True
2025,PV,RF,3.0914254867297375,46.874241319759605,43.782815833029865,inf,True,True
2026,PV,RF,3.089536596306157,46.01258311157764,42.92304651527148,inf,True,True
2027,PV,RF,3.0877663142384737,45.21296460023163,42.12519828599316,inf,True,True
2028,PV,RF,3.0861089326177424,44.47123926067281,41.38513032805507,inf,True,True
2029,PV,RF,3.0845587270564385,43.78346647663704,40.6989077495806,inf,True,True
2030,PV,RF,3.08310935849682,43.14562818295094,40.062518824454116,inf,True,True
2031,PV,RF,3.08175341745283,42.553420913159854,39.471667495707024,inf,True,True
2032,PV,RF,3.0804829521031047,42.00248089502525,38.92199794292215,inf,True,True
2033,PV,RF,3.079289073974122,41.48820286399601,38.408913790021884,inf,True,True
2034,PV,RF,3.078161325961325,41.005464317269805,37.92730299130848,inf,True,True
2035,PV,RF,3.0770884910701457,40.54897049212988,37.47188200105974,inf,True,True
2036,PV,RF,3.0760601104193763,40.113886754024136,37.03782664360476,inf,True,True
2037,PV,RF,3.0750711772937973,39.697784991597274,36.622713814303474,inf,True,True
2038,PV,RF,3.074135410338659,39.30611414984499,36.23197873950633,inf,True,True
2039,PV,RF,3.0732368830451473,38.93190829266275,35.8586714096176,inf,True,True
2040,PV,RF,3.152616636610354,80.14256193325295,76.98994529664259,inf,True,True
2041,PV,RF,3.177979482465433,97.62594773405436,94.44796825158893,inf,True,True
2042,PV,RF,3.1975678613998384,113.05105730623721,109.85348944483738,inf,True,True
2043,PV,RF,3.2121802873575573,125.85643111108988,122.64425082373232,inf,True,True
2044,PV,RF,3.222697132529829,135.86617573048375,132.64347859795393,inf,True,True
2045,PV,RF,3.2298801018012187,143.1301170979136,139.90023699611237,inf,True,True
2046,PV,RF,3.2343604174859877,147.8516110386711,144.61725062118512,inf,True,True
2047,PV,RF,3.23665535240241,150.32995888815736,147.09330353575496,inf,True,True
2048,PV,RF,3.2371856286239256,150.90855345965034,147.6713678310264,inf,True,True
2049,PV,RF,3.2362911915547468,149.93391708384368,146.69762589228893,inf,True,True
2050,PV,RF,3.2342489315425773,147.73226602698622,144.49801709544366,inf,True,True
2051,PV,RF,3.2312875499274547,144.5970238807977,141.36573633087025,inf,True,True
2052,PV,RF,3.227594770724279,140.77923365550478,137.55163888478052,inf,True,True
2053,PV,RF,3.2233260688156036,136.48778005513722,133.26445398632163,inf,True,True
2054,PV,RF,3.2186140928755727,131.8952973371544,128.67668324427882,inf,True,True
2055,PV,RF,3.2135693343844665,127.13833466752449,123.92476533314002,inf,True,True
2056,PV,RF,3.208283589092189,122.32234796509428,119.11406437600209,inf,True,True
2057,PV,RF,3.2028366214534865,117.53013745697073,114.32730083551725,inf,True,True
2058,PV,RF,3.1972948018353935,112.82296791701305,109.62567311517765,inf,True,True
2059,PV,RF,3.191712249532862,108.24416457558874,105.05245232605589,inf,True,True
2060,PV,RF,3.186135703579488,103.82536106571635,100.63922536213687,inf,True,True
2061,PV,RF,3.180603821859469,99.58760856529432,96.40700474343485,inf,True,True
2062,PV,RF,3.1751468374480294,95.542692037113,92.36754519966497,inf,True,True
2063,PV,RF,3.1697899198076165,91.69691409628993,88.52712417648232,inf,True,True
2064,PV,RF,3.1645540159328194,88.0525162667201,84.88796225078728,inf,True,True
2065,PV,RF,3.1594542718221215,84.60726145091714,81.44780717909501,inf,True,True
2066,PV,RF,3.154502063888068,81.3564267929393,78.20192472905123,inf,True,True
2067,PV,RF,3.1497073753084535,78.29468347623676,75.1449761009283,inf,True,True
2068,PV,RF,3.1450762434086803,75.41465115453887,72.26957491113019,inf,True,True
2069,PV,RF,3.1406117239041933,72.70776673585267,69.56715501194847,inf,True,True
2070,PV,RF,3.136317323404297,70.16645772879987,67.03014040539557,inf,True,True
2071,PV,RF,3.1321939722684684,67.78231729875269,64.65012332648422,inf,True,True
2072,PV,RF,3.128240281645944,65.54635366779073,62.41811338614478,inf,True,True
2073,PV,RF,3.1244560382284456,63.45097179550617,60.326515757277726,inf,True,True
2074,PV,RF,3.1208396117114194,61.48844260641355,58.36760299470213,inf,True,True
2075,PV,RF,3.117387574269605,59.65071581245465,56.53332823818504,inf,True,True
2076,PV,RF,3.1140974996145654,57.930894349021884,54.81679684940732,inf,True,True
2077,PV,RF,3.1109666697865626,56.32246890592609,53.21150223613952,inf,True,True
2078,PV,RF,3.1079909138249344,54.81869773552217,51.71070682169724,inf,True,True
2079,PV,RF,3.1051665006321594,53.41355055506385,50.30838405443169,inf,True,True
2080,PV,RF,3.102490360733766,52.1017530639021,48.999262703168334,inf,True,True
2081,PV,RF,3.0999581432276564,50.8777918989479,47.77783375572024,inf,True,True
2082,PV,RF,3.097565242024807,49.73640722829276,46.638841986267956,inf,True,True
2083,PV,RF,3.0953084003671236,48.67331619481854,45.578007794451416,inf,True,True
2084,PV,RF,3.0931831347860537,47.683952096586516,44.590768961800464,inf,True,True
2085,PV,RF,3.091184063263582,46.76362085780551,43.67243679454193,inf,True,True
2086,PV,RF,3.0893074329006174,45.908641281756125,42.81933384885551,inf,True,True
2087,PV,RF,3.087548284077442,45.115010144207425,42.02746186012998,inf,True,True
2088,PV,RF,3.085900308442926,44.37834385651472,41.292443548071795,inf,True,True
2089,PV,RF,3.084358456171877,43.695033060425544,40.61067460425367,inf,True,True
2090,PV,RF,3.0829165935509395,43.061172613809596,39.978256020258655,inf,True,True
2091,PV,RF,3.081566823867112,42.47226623016098,39.39069940629387,inf,True,True
2092,PV,RF,3.080301528117184,41.924115334094274,38.84381380597709,inf,True,True
2093,PV,RF,3.079112155633606,41.41227627421656,38.33316411858296,inf,True,True
2094,PV,RF,3.077987955660757,40.93151428410025,37.85352632843949,inf,True,True
2095,PV,RF,3.076917905940099,40.47663130276437,37.39971339682427,inf,True,True
2096,PV,RF,3.0758938588952214,40.04377815358039,36.96788429468517,inf,True,True
2097,PV,RF,3.074924162147843,39.63611846434329,36.561194302195446,inf,True,True
2098,PV,RF,3.074125265907319,39.30187908615084,36.22775382024352,inf,True,True
2099,PV,RF,3.0742950785388823,39.372802804043424,36.29850772550454,inf,True,True
2100,PV,RF,3.148440253724197,77.49924421180978,74.35080395808558,inf,True,True
2101,PV,RF,3.173401129788324,94.27610420918796,91.10270307939965,inf,True,True
2102,PV,RF,3.192725012055827,109.06306596951609,105.87034095746026,inf,True,True
2103,PV,RF,3.207241898294214,121.39276062704717,118.18551872875295,inf,True,True
2104,PV,RF,3.217784384890491,131.10178836943865,127.88400398454816,inf,True,True
2105,PV,RF,3.2250730689764557,138.22867604838606,135.0036029794096,inf,True,True
2106,PV,RF,3.2297101625586864,142.95399110492875,139.72428094237006,inf,True,True
2107,PV,RF,3.2321929188005063,145.54846821315317,142.31627529435266,inf,True,True
2108,PV,RF,3.2329286270012885,146.32618472085642,143.09325609385513,inf,True,True
2109,PV,RF,3.2322487767283903,145.6073713910829,142.3751226143545,inf,True,True
2110,PV,RF,3.2304248425640507,143.69612609229583,140.46570124973178,inf,True,True
2111,PV,RF,3.2276813189736586,140.8675751684955,137.63989384952185,inf,True,True
2112,PV,RF,3.22420337047652,137.35938013103896,134.13517676056244,inf,True,True
2113,PV,RF,3.22014512181099,133.37130818412496,130.15116306231397,inf,True,True
2114,PV,RF,3.215637259129296,129.06883638924947,125.85319913012017,inf,True,True
2115,PV,RF,3.2107892300028595,124.58442141435951,121.37363218435665,inf,True,True
2116,PV,RF,3.2056926482217127,120.02181507731825,116.81612242909654,inf,True,True
2117,PV,RF,3.2004261465602,115.46234674237196,112.26192059581176,inf,True,True
2118,PV,RF,3.1950556596546713,110.96725718820808,107.77220152855341,inf,True,True
2119,PV,RF,3.1896355346653107,106.58090193689976,103.39126640223445,inf,True,True
2120,PV,RF,3.1842120927649376,102.3356691083411,99.15145701557616,inf,True,True
2121,PV,RF,3.17882386918833,98.2537651149305,95.07494124574217,inf,True,True
2122,PV,RF,3.173501499340804,94.34857401662858,91.17507251728777,inf,True,True
2123,PV,RF,3.168270340237843,90.62778239878428,87.45951205854644,inf,True,True
2124,PV,RF,3.163151332676154,87.09480910926662,83.93165777659047,inf,True,True
2125,PV,RF,3.158160080296597,83.7488357917505,80.5906757114539,inf,True,True
2126,PV,RF,3.153308590030127,80.58654950383317,77.43324091380305,inf,True,True
2127,PV,RF,3.1486068154027405,77.60348134094228,74.45487452553954,inf,True,True
2128,PV,RF,3.144061243182179,74.79333017750854,71.64926893432636,inf,True,True
2129,PV,RF,3.1396758282145067,72.14877684581973,69.00910101760522,inf,True,True
2130,PV,RF,3.135453981679862,69.66278544014853,66.52733145846867,inf,True,True
2131,PV,RF,3.1313970450609534,67.32772180078653,64.19632475572558,inf,True,True
2132,PV,RF,3.127504520235121,65.13555999061451,62.00805547037939,inf,True,True
2133,PV,RF,3.123776125629412,63.07905211299025,59.955275987360835,inf,True,True
2134,PV,RF,3.120210557255363,61.15099130379279,58.03078074653743,inf,True,True
2135,PV,RF,3.116805102770283,59.34400600634085,56.22720090357056,inf,True,True
2136,PV,RF,3.113557447690364,57.651504537874764,54.5379470901844,inf,True,True
2137,PV,RF,3.1104650647083467,56.06729280507309,52.956827740364744,inf,True,True
2138,PV,RF,3.107524296424084,54.58507783008055,51.47755353365647,inf,True,True
2139,PV,RF,3.1047317127577236,53.19913642831939,50.094404715561666,inf,True,True
2140,PV,RF,3.102084262849721,51.90433801528097,48.80225375243125,inf,True,True
2141,PV,RF,3.099577934130876,50.695452585311294,47.59587465118042,inf,True,True
2142,PV,RF,3.0972085896649215,49.56754434544858,46.47033575578366,inf,True,True
2143,PV,RF,3.094972815614564,48.5163389451863,45.42136612957174,inf,True,True
2144,PV,RF,3.09286633901855,47.537443740403134,44.444577401384585,inf,True,True
2145,PV,RF,3.0908843541522653,46.62649408379125,43.535609729638985,inf,True,True
2146,PV,RF,3.089022829190147,45.77973217861927,42.69070934942912,inf,True,True
2147,PV,RF,3.087276940414406,44.99326451835721,41.9059875779428,inf,True,True
2148,PV,RF,3.0856409122342656,44.262986885029,41.17734597279473,inf,True,True
2149,PV,RF,3.0841094502836364,43.585213337585685,40.50110388730205,inf,True,True
2150,PV,RF,3.082676476963221,42.95609424754996,39.87341777058674,inf,True,True
2151,PV,RF,3.0813344782430967,42.371327414738516,39.28999293649542,inf,True,True
2152,PV,RF,3.0800757462902806,41.82669722548812,38.746621479197835,inf,True,True
2153,PV,RF,3.078891667383136,41.317753222119826,38.23886155473669,inf,True,True
2154,PV,RF,3.0777717059567706,40.83937195963701,37.76160025368024,inf,True,True
2155,PV,RF,3.0767048420298915,40.386372633990156,37.309667791960266,inf,True,True
2156,PV,RF,3.0756820710618675,39.9545587307633,36.87887665970143,inf,True,True
2157,PV,RF,3.074706998571534,39.54511810602448,36.47041110745295,inf,True,True
2158,PV,RF,3.0738592737122667,39.190917200704455,36.11705792699219,inf,True,True
2159,PV,RF,3.0736377970134203,39.0986483751194,36.025010578105984,inf,True,True
2160,PV,RF,3.143489680449634,74.4449969580862,71.30150727763656,inf,True,True
2161,PV,RF,3.168105954227497,90.51269148556766,87.34458553134016,inf,True,True
2162,PV,RF,3.187118428131682,104.59315568522467,101.40603725709299,inf,True,True
2163,PV,RF,3.201506384652942,116.38508547801364,113.18357909336069,inf,True,True
2164,PV,RF,3.212062758422634,125.7485080070883,122.53644524866567,inf,True,True
2165,PV,RF,3.219462552177112,132.7113682727097,129.4919057205326,inf,True,True
2166,PV,RF,3.2242740968306705,137.42987781631467,134.205603719484,inf,True,True
2167,PV,RF,3.2269706317956155,140.14375162257824,136.91678099078263,inf,True,True
2168,PV,RF,3.2279429291288246,141.13493331227474,137.9069903831459,inf,True,True
2169,PV,RF,3.227511969592725,140.6947672333576,137.46725526376488,inf,True,True
2170,PV,RF,3.225942251232382,139.10272907563444,135.87678682440207,inf,True,True
2171,PV,RF,3.223453003527204,136.61356269492063,133.39010969139343,inf,True,True
2172,PV,RF,3.2202262021131514,133.44990454562702,130.22967834351388,inf,True,True
2173,PV,RF,3.21641400613259,129.80089267452055,126.58447866838796,inf,True,True
2174,PV,RF,3.2121449114477554,125.8239377073357,122.61179279588795,inf,True,True
2175,PV,RF,3.207527104218217,121.64664740486678,118.43912030064857,inf,True,True
2176,PV,RF,3.2026517319935572,117.37040382369351,114.16775209169995,inf,True,True
2177,PV,RF,3.19759634964087,113.07487639731103,109.87728004767015,inf,True,True
2178,PV,RF,3.1924263222450504,108.8210166969193,105.62859037467425,inf,True,True
2179,PV,RF,3.18719616237244,104.65408530015297,101.46688913778053,inf,True,True
2180,PV,RF,3.1819518510774403,100.60729010415086,97.42533825307342,inf,True,True
2181,PV,RF,3.1767317212800745,96.70397101592272,93.52723929464264,inf,True,True
2182,PV,RF,3.1715668832782544,92.95922871745402,89.78766183417576,inf,True,True
2183,PV,RF,3.166482927446893,89.38225051148564,86.21576758403874,inf,True,True
2184,PV,RF,3.161500778732899,85.97772171538708,82.81622093665418,inf,True,True
2185,PV,RF,3.15663662516772,82.74642251299672,79.589785887829,inf,True,True
2186,PV,RF,3.1519030985413785,79.68653691742571,76.53463381888433,inf,True,True
2187,PV,RF,3.147310208942211,76.79460556152586,73.64729535258364,inf,True,True
2188,PV,RF,3.1428650110947487,74.06556292795491,70.92269791686016,inf,True,True
2189,PV,RF,3.1385722870753483,71.49336414041848,68.35479185334313,inf,True,True
2190,PV,RF,3.1344355370171666,69.07169496478492,65.93725942776776,inf,True,True
2191,PV,RF,3.1304565721889124,66.79378975582958,63.66333318364067,inf,True,True
2192,PV,RF,3.1266357405203937,64.65261779813713,61.52598205761674,inf,True,True
2193,PV,RF,3.1229728935082903,62.64144386494494,59.51847097143665,inf,True,True
2194,PV,RF,3.1194670561127236,60.75362787819114,57.634160822078414,inf,True,True
2195,PV,RF,3.116116268043837,58.98253458518949,55.86641831714565,inf,True,True
2196,PV,RF,3.112918444778405,57.32197475370802,54.20905630892962,inf,True,True
2197,PV,RF,3.1098712375700073,55.76609297865795,52.65622174108795,inf,True,True
2198,PV,RF,3.1069715899028414,54.309115109815664,51.20214351991282,inf,True,True
2199,PV,RF,3.104216415249815,52.94566870389094,49.84145228864112,inf,True,True
2200,PV,RF,3.1016026927595095,51.67079276315702,48.56919007039751,inf,True,True
2201,PV,RF,3.0991268452052565,50.47960461179049,47.38047776658524,inf,True,True
2202,PV,RF,3.0967851749162274,49.367492369186756,46.27070719427053,inf,True,True
2203,PV,RF,3.094574182047225,48.33023762371994,45.23566344167271,inf,True,True
2204,PV,RF,3.092489876550797,47.363666330867176,44.271176454316375,inf,True,True
2205,PV,RF,3.0905279387307694,46.463710581534635,43.37318264280387,inf,True,True
2206,PV,RF,3.08868419616628,45.626608658479135,42.53792446231286,inf,True,True
2207,PV,RF,3.086953972936384,44.84858889210857,41.76163491917219,inf,True,True
2208,PV,RF,3.085331959197313,44.12580225776333,41.04047029856602,inf,True,True
2209,PV,RF,3.0838127420047368,43.45454838245786,40.37073564045312,inf,True,True
2210,PV,RF,3.082390265146615,42.83102238288329,39.748632117736676,inf,True,True
2211,PV,RF,3.0810574010473344,42.25112181514797,39.170064414100636,inf,True,True
2212,PV,RF,3.079806409597577,41.710642533839135,38.630836124241554,inf,True,True
2213,PV,RF,3.078628570595754,41.20511200922824,38.126483438632484,inf,True,True
2214,PV,RF,3.077513595520216,40.72953487087437,37.65202127535415,inf,True,True
2215,PV,RF,3.0764503601960462,40.2787055110821,37.20225515088605,inf,True,True
2216,PV,RF,3.0754282811012645,39.84778070334858,36.772352422247316,inf,True,True
2217,PV,RF,3.0744411499168605,39.433863392195306,36.35942224227845,inf,True,True
2218,PV,RF,3.0734935311856098,39.03860616631062,35.96511263512501,inf,True,True
2219,PV,RF,3.0725007449494726,38.62669810629781,35.554197361348336,inf,True,True
2220,PV,RF,3.1388349472324246,71.64900025142352,68.51016530419109,inf,True,True
2221,PV,RF,3.162318173229564,86.52960615420311,83.36728798097354,inf,True,True
2222,PV,RF,3.180872772680511,99.7903911041932,96.60951833151269,inf,True,True
2223,PV,RF,3.195081118932243,110.98821099744836,107.79312987851613,inf,True,True
2224,PV,RF,3.205631021665546,119.96756502984842,116.76193400818286,inf,True,True
2225,PV,RF,3.213139991294904,126.74084678498113,123.52770679368622,inf,True,True
2226,PV,RF,3.2181362076890117,131.43771764165191,128.2195814339629,inf,True,True
2227,PV,RF,3.221065286677118,134.26584407555197,131.04477878887485,inf,True,True
2228,PV,RF,3.2222993375468203,135.47440718332368,132.25210784577686,inf,True,True
2229,PV,RF,3.22214605502107,135.32373286764036,132.1015868126193,inf,True,True
2230,PV,RF,3.2208609248928024,134.06668800742196,130.84582708252915,inf,True,True
2231,PV,RF,3.218657829497087,131.9372496201292,128.7185917906321,inf,True,True
2232,PV,RF,3.215714473795439,129.14143782908178,125.92572335528634,inf,True,True
2233,PV,RF,3.2121795591774114,125.85576218800637,122.64358262882895,inf,True,True
2234,PV,RF,3.2081801727421038,122.22977871723484,119.02159854449273,inf,True,True
2235,PV,RF,3.203822963064798,118.38548306229492,115.18166009923013,inf,True,True
2236,PV,RF,3.1991972912069815,114.42032509977894,111.22112780857195,inf,True,True
2237,PV,RF,3.194380515314897,110.41280427952022,107.21842376420531,inf,True,True
2238,PV,RF,3.1894375962694035,106.42347790377165,103.23404030750226,inf,True,True
2239,PV,RF,3.1844221179569243,102.49747419899342,99.31305208103649,inf,True,True
2240,PV,RF,3.17938027058711,98.66919176759255,95.48981149700543,inf,True,True
2241,PV,RF,3.1743506918399476,94.96343481817037,91.78908412633042,inf,True,True
2242,PV,RF,3.1693641925547777,91.3964290334122,88.22706484085742,inf,True,True
2243,PV,RF,3.1644466334651207,87.9789247866313,84.81447815316618,inf,True,True
2244,PV,RF,3.159619724899634,84.7174630807762,81.55784335587657,inf,True,True
2245,PV,RF,3.154899796068548,81.61415039585773,78.45925059978919,inf,True,True
2246,PV,RF,3.150299643050256,78.66842634351406,75.5181267004638,inf,True,True
2247,PV,RF,3.145830335636287,75.87854195693053,72.73271162129424,inf,True,True
2248,PV,RF,3.141499335001,73.24060201974848,70.09910268474748,inf,True,True
2249,PV,RF,3.1373114492246765,70.74940502005514,67.61209357083045,inf,True,True
2250,PV,RF,3.133271301523137,68.40003094064821,65.26675963912507,inf,True,True
2251,PV,RF,3.1293812399697654,66.18665264054258,63.05727140057281,inf,True,True
2252,PV,RF,3.125641564040584,64.10276902249642,60.97712745845583,inf,True,True
2253,PV,RF,3.122053099796349,62.14267281932283,59.020619719526486,inf,True,True
2254,PV,RF,3.1186154754238467,60.30046501840676,57.18184954298292,inf,True,True
2255,PV,RF,3.115326701217776,58.56985680125401,55.45453010003624,inf,True,True
2256,PV,RF,3.1121853738427694,56.9453328205852,53.83314744674243,inf,True,True
2257,PV,RF,3.1091898054018756,55.421645072145616,52.31245526674374,inf,True,True
2258,PV,RF,3.106336976272593,53.99326887409339,50.886931897820794,inf,True,True
2259,PV,RF,3.103624132838707,52.655200905997006,49.5515767731583,inf,True,True
2260,PV,RF,3.101048965349774,51.4030011474869,48.30195218213712,inf,True,True
2261,PV,RF,3.098608002425233,50.23198361151378,47.13337560908855,inf,True,True
2262,PV,RF,3.0962975582949577,49.13767125486102,46.04137369656606,inf,True,True
2263,PV,RF,3.0941148666434772,48.11630211588275,45.02218724923927,inf,True,True
2264,PV,RF,3.092056097354506,47.16386795976472,44.071811862410215,inf,True,True
2265,PV,RF,3.0901167147997723,46.276283150444485,43.186166435644715,inf,True,True
2266,PV,RF,3.0882932320702343,45.45016979315624,42.36187656108601,inf,True,True
2267,PV,RF,3.0865811741868416,44.68190455867705,41.59532338449021,inf,True,True
2268,PV,RF,3.0849749192232174,43.96755076925779,40.88257585003457,inf,True,True
2269,PV,RF,3.083469582778581,43.30368873527409,40.22021915249551,inf,True,True
2270,PV,RF,3.082059357440848,42.68666037254934,39.60460101510849,inf,True,True
2271,PV,RF,3.080736817744219,42.11226698773788,39.031530169993665,inf,True,True
2272,PV,RF,3.079494501882512,41.5764562559333,38.49696175405079,inf,True,True
2273,PV,RF,3.0783240087958514,41.07491909447826,37.99659508568241,inf,True,True
2274,PV,RF,3.0772148493025737,40.602597912843066,37.525383063540495,inf,True,True
2275,PV,RF,3.076156109259797,40.15439858440313,37.078242475143334,inf,True,True
2276,PV,RF,3.0751392239936175,39.726344395370454,36.65120517137684,inf,True,True
2277,PV,RF,3.0741699857605003,39.32055034465266,36.24638035889216,inf,True,True
2278,PV,RF,3.0733455166004746,38.977052913536426,35.90370739693595,inf,True,True
2279,PV,RF,3.073310077154009,38.96232247145699,35.88901239430298,inf,True,True
2280,PV,RF,3.133418775307163,68.48487327310539,65.35145449779823,inf,True,True
2281,PV,RF,3.1560275164930096,82.34806136596931,79.1920338494763,inf,True,True
2282,PV,RF,3.1740956043464035,94.77841422662421,91.6043186222778,inf,True,True
2283,PV,RF,3.188084190943516,105.35219552378108,102.16411133283756,inf,True,True
2284,PV,RF,3.1986026285864946,113.91897678635185,110.72037415776535,inf,True,True
2285,PV,RF,3.206210624758369,120.4786469234808,117.27243629872243,inf,True,True
2286,PV,RF,3.2113935986238915,125.13563405139652,121.92424045277264,inf,True,True
2287,PV,RF,3.214566394187897,128.06580931188603,124.85124291769813,inf,True,True
2288,PV,RF,3.216079490612697,129.48515585460075,126.26907636398805,inf,True,True
2289,PV,RF,3.2162255282231276,129.62290811171488,126.40668258349174,inf,True,True
2290,PV,RF,3.215249632433091,128.70493548622056,125.48968585378748,inf,True,True
2291,PV,RF,3.2133586359121895,126.94312734800582,123.72976871209363,inf,True,True
2292,PV,RF,3.2107252677829052,124.5262131231888,121.31548785540589,inf,True,True
2293,PV,RF,3.207494657039014,121.61773958799759,118.41024493095858,inf,True,True
2294,PV,RF,3.2037914546798407,118.35807554458611,115.15428408990627,inf,True,True
2295,PV,RF,3.1997204839040156,114.86298046546908,111.66325998156506,inf,True,True
2296,PV,RF,3.195369717114065,111.22596973243104,108.03060001531698,inf,True,True
2297,PV,RF,3.19081565175639,107.52345793882088,104.33264228706449,inf,True,True
2298,PV,RF,3.1861226332789654,103.81518027254937,100.6290576392704,inf,True,True
2299,PV,RF,3.1813438181444793,100.14633748373306,96.96499366558858,inf,True,True
2300,PV,RF,3.176525272918349,96.55208316285162,93.37555788993326,inf,True,True
2301,PV,RF,3.1717056674861768,93.05837196835392,89.88666630086774,inf,True,True
2302,PV,RF,3.1669159367962294,89.68280121884507,86.51588528204884,inf,True,True
2303,PV,RF,3.162182223368514,86.43763647118914,83.27545424782062,inf,True,True
2304,PV,RF,3.1575266437437897,83.33098678683584,80.17346014309204,inf,True,True
2305,PV,RF,3.1529659588733496,80.3664855267828,77.21351956790944,inf,True,True
2306,PV,RF,3.1485134442589064,77.54503610578672,74.39652266152781,inf,True,True
2307,PV,RF,3.144180758844763,74.86630800546143,71.72212724661667,inf,True,True
2308,PV,RF,3.139975928254482,72.32770461427161,69.18772868601712,inf,True,True
2309,PV,RF,3.1359042996013544,69.92520146790481,66.78929716830346,inf,True,True
2310,PV,RF,3.131971132290028,67.65500141220852,64.52303027991849,inf,True,True
2311,PV,RF,3.128179353860902,65.5122734851516,62.384094131290695,inf,True,True
2312,PV,RF,3.1245297847154543,63.49139471675835,60.366864932042894,inf,True,True
2313,PV,RF,3.1210238421802226,61.587489859112225,58.466466016932,inf,True,True
2314,PV,RF,3.117661687406911,59.79538955524154,56.67772786783463,inf,True,True
2315,PV,RF,3.114441801114512,58.109440978389145,54.994999177274636,inf,True,True
2316,PV,RF,3.1113632810863394,56.52472224149101,53.41335896040467,inf,True,True
2317,PV,RF,3.108424905536512,55.03651116457247,51.92808625903596,inf,True,True
2318,PV,RF,3.105624060382116,53.63973760384581,50.53411354346369,inf,True,True
2319,PV,RF,3.1029583894462904,52.329810524928,49.22685213548171,inf,True,True
2320,PV,RF,3.100425977890569,51.10266725177308,48.00224127388251,inf,True,True
2321,PV,RF,3.0980236899401357,49.953943827438124,46.85592013749799,inf,True,True
2322,PV,RF,3.095748137362982,48.879443008977105,45.783694871614124,inf,True,True
2323,PV,RF,3.0935968815988195,47.875674422856385,44.782077541257564,inf,True,True
2324,PV,RF,3.0915663602266816,46.938856255110394,43.847289894883716,inf,True,True
2325,PV,RF,3.089652249598767,46.06508889244242,42.975436642843654,inf,True,True
2326,PV,RF,3.0878513262540412,45.25118923081922,42.16333790456518,inf,True,True
2327,PV,RF,3.0861593193770296,44.49369100113865,41.40753168176162,inf,True,True
2328,PV,RF,3.08457075407052,43.78878028388495,40.70420952981443,inf,True,True
2329,PV,RF,3.083080940160551,43.133171795017695,40.050090854857146,inf,True,True
2330,PV,RF,3.0816842179463393,42.523314567632205,39.441630349685866,inf,True,True
2331,PV,RF,3.080373259264718,41.95509017305684,38.87471691379212,inf,True,True
2332,PV,RF,3.0791407223683542,41.42453108605003,38.34539036368167,inf,True,True
2333,PV,RF,3.0779783047147946,40.92739978043891,37.849421475724114,inf,True,True
2334,PV,RF,3.07687557008025,40.4586885450002,37.38181297491995,inf,True,True
2335,PV,RF,3.0758216589939753,40.01335108256831,36.93752942357434,inf,True,True
2336,PV,RF,3.0748081387736637,39.58748654776336,36.5126784089897,inf,True,True
2337,PV,RF,3.073841402680312,39.18346785741556,36.10962645473525,inf,True,True
2338,PV,RF,3.073022864398705,38.843047373230064,35.77002450883136,inf,True,True
2339,PV,RF,3.0730286804586004,38.84546083798267,35.77243215752407,inf,True,True
2340,PV,RF,3.127258272050458,64.99844162964834,61.871183357597886,inf,True,True
2341,PV,RF,3.1493513285766435,78.07060247675571,74.92125114817907,inf,True,True
2342,PV,RF,3.1669196885256254,89.68540858496239,86.51848889643676,inf,True,True
2343,PV,RF,3.1806477005227016,99.62066971902091,96.44002201849821,inf,True,True
2344,PV,RF,3.191103938289874,107.75475465949181,104.56365072120194,inf,True,True
2345,PV,RF,3.198792815187562,114.07911451765646,110.8803217024689,inf,True,True
2346,PV,RF,3.2041558937728523,118.67542156072682,115.47126566695397,inf,True,True
2347,PV,RF,3.2075748202470717,121.68916961863839,118.48159479839131,inf,True,True
2348,PV,RF,3.209375757521446,123.3037867418332,120.09441098431176,inf,True,True
2349,PV,RF,3.209834833847796,123.71841747031782,120.50858263647002,inf,True,True
2350,PV,RF,3.2091856320073333,123.13243300342967,119.92324737142233,inf,True,True
2351,PV,RF,3.207626017084956,121.73480844230639,118.52718242522143,inf,True,True
2352,PV,RF,3.2053230379912145,119.69676948072309,116.49144644273187,inf,True,True
2353,PV,RF,3.2024182815851177,117.1689860431939,113.96656776160879,inf,True,True
2354,PV,RF,3.199032647141057,114.2813282705106,111.08229562336955,inf,True,True
2355,PV,RF,3.195268802639717,111.14278360783186,107.94751480519214,inf,True,True
2356,PV,RF,3.191213909224344,107.84309446995626,104.65188056073191,inf,True,True
2357,PV,RF,3.1869427077547696,104.45552903790328,101.26858633014851,inf,True,True
2358,PV,RF,3.1825186679846054,101.03851755045524,97.85599888247063,inf,True,True
2359,PV,RF,3.1779951683203147,97.63758169208725,94.45958652376694,inf,True,True
2360,PV,RF,3.173417692027264,94.2880596885909,91.11464199656365,inf,True,True
2361,PV,RF,3.168824594926862,91.01664317976123,87.84781858483437,inf,True,True
2362,PV,RF,3.1642474490067007,87.84254016800236,84.67829271899566,inf,True,True
2363,PV,RF,3.159712669832878,84.77941569206938,81.61970302223651,inf,True,True
2364,PV,RF,3.155242291623016,81.83654751854063,78.68130522691762,inf,True,True
2365,PV,RF,3.150853835853489,79.01927127109677,75.86841743524329,inf,True,True
2366,PV,RF,3.146561440254593,76.3301597561972,73.18359831594262,inf,True,True
2367,PV,RF,3.1423767390437147,73.76989473807451,70.6275179990308,inf,True,True
2368,PV,RF,3.1383084860826624,71.3372792273027,68.19897074122004,inf,True,True
2369,PV,RF,3.134363204934572,69.02984025570302,65.89547705076845,inf,True,True
2370,PV,RF,3.1305461456600927,66.84452467361994,63.71397852795985,inf,True,True
2371,PV,RF,3.126860848459886,64.7775324809866,61.65067163252671,inf,True,True
2372,PV,RF,3.1233093531564005,62.824517583192396,59.701208230035995,inf,True,True
2373,PV,RF,3.1198931525038587,60.98115864439413,57.86126549189027,inf,True,True
2374,PV,RF,3.1166128479694093,59.242983202554754,56.12637035458535,inf,True,True
2375,PV,RF,3.113467986394843,57.60530140050391,54.49183341410907,inf,True,True
2376,PV,RF,3.110457917785671,56.06366201694973,52.953204099164054,inf,True,True
2377,PV,RF,3.1075816480299014,54.6137602180372,51.5061785700073,inf,True,True
2378,PV,RF,3.1048373936297105,53.251206391496986,50.14636899786728,inf,True,True
2379,PV,RF,3.102223261450641,51.971860362946494,48.869637101495854,inf,True,True
2380,PV,RF,3.099737343429737,50.77185607970674,47.672118736277,inf,True,True
2381,PV,RF,3.09737709418293,49.64728514165501,46.54990804747208,inf,True,True
2382,PV,RF,3.0951397715101416,48.594400814380016,45.499261042869875,inf,True,True
2383,PV,RF,3.09302275811907,47.60975152710439,44.516728768985324,inf,True,True
2384,PV,RF,3.0910228727132067,46.68984333370225,43.598820460989046,inf,True,True
2385,PV,RF,3.089136534877474,45.8312105616145,42.74207402673702,inf,True,True
2386,PV,RF,3.087360247481671,45.03062349264588,41.94326324516421,inf,True,True
2387,PV,RF,3.085689944009048,44.28477957518576,41.19908963117671,inf,True,True
2388,PV,RF,3.084120860723673,43.590242479620414,40.50612161889674,inf,True,True
2389,PV,RF,3.0826480732130186,42.9436734073736,39.86102533416059,inf,True,True
2390,PV,RF,3.0812659541762697,42.341582510171555,39.26031655599529,inf,True,True
2391,PV,RF,3.079967745759766,41.78014041688537,38.7001726711256,inf,True,True
2392,PV,RF,3.0787460230390837,41.255377734461305,38.176631711422225,inf,True,True
2393,PV,RF,3.0775923246505488,40.76302115824693,37.68542883359638,inf,True,True
2394,PV,RF,3.076496560651161,40.298241089939964,37.221744529288806,inf,True,True
2395,PV,RF,3.075447742888702,39.85596370809475,36.78051596520605,inf,True,True
2396,PV,RF,3.074435355786108,39.431440409217224,36.357005053431116,inf,True,True
2397,PV,RF,3.0734532442516764,39.02184753706645,35.948394292814775,inf,True,True
2398,PV,RF,3.072506744263827,38.62918052050601,35.556673776242185,inf,True,True
2399,PV,RF,3.0715192436856302,38.22166467116538,35.15014542747975,inf,True,True
2400,PV,RF,3.1217646353069757,61.98676160325306,58.864996967946084,inf,True,True
2401,PV,RF,3.142574718070272,73.88968226403142,70.74710754596114,inf,True,True
2402,PV,RF,3.1595042431690126,84.64053436853084,81.48103012536183,inf,True,True
2403,PV,RF,3.1729135525370413,93.92466744452832,90.75175389199129,inf,True,True
2404,PV,RF,3.1832695716063553,101.6120683910056,98.42879881939923,inf,True,True
2405,PV,RF,3.191014032884921,107.68257803712896,104.49156400424404,inf,True,True
2406,PV,RF,3.1965417362074726,112.19594887838645,108.99940714217897,inf,True,True
2407,PV,RF,3.20019966924814,115.26969203156813,112.06949236231999,inf,True,True
2408,PV,RF,3.202288732675777,117.05734265436048,113.8550539216847,inf,True,True
2409,PV,RF,3.2030663742413426,117.72889396714072,114.52582759289938,inf,True,True
2410,PV,RF,3.202752803163279,117.45769996066763,114.25494715750435,inf,True,True
2411,PV,RF,3.2015367901748517,116.41114977457448,113.20961298439963,inf,True,True
2412,PV,RF,3.199578506806037,114.74271352647271,111.54313501966668,inf,True,True
2413,PV,RF,3.1970143607266874,112.58911986966113,109.39210550893445,inf,True,True
2414,PV,RF,3.193962113589312,110.07036669505062,106.87640458146132,inf,True,True
2415,PV,RF,3.1905218595019695,107.28816641739634,104.09764455789437,inf,True,True
2416,PV,RF,3.1867785256658916,104.32707251159178,101.1402939859259,inf,True,True
2417,PV,RF,3.182805876915954,101.25758519569176,98.07477931877581,inf,True,True
2418,PV,RF,3.1786665771900906,98.1365759131492,94.95790933595912,inf,True,True
2419,PV,RF,3.1744130825448478,95.00873057548253,91.83431749293769,inf,True,True
2420,PV,RF,3.1700907836876002,91.90971950153995,88.73962871785236,inf,True,True
2421,PV,RF,3.16573815653092,88.86706797647113,85.70132981994021,inf,True,True
2422,PV,RF,3.1613866039704512,85.900839663294,82.73945305932354,inf,True,True
2423,PV,RF,3.1570628103677123,83.02597168446424,79.86890887409652,inf,True,True
2424,PV,RF,3.1527894653998594,80.2532939634319,77.10050449803204,inf,True,True
2425,PV,RF,3.148584377948503,77.58943392779811,74.4408495498496,inf,True,True
2426,PV,RF,3.1444620534686782,75.03826199659215,71.89379994312348,inf,True,True
2427,PV,RF,3.140435052370025,72.60202277498108,69.46158772261106,inf,True,True
2428,PV,RF,3.1365126653174564,70.28075258476956,67.1442399194521,inf,True,True
2429,PV,RF,3.132701762725312,68.07301675318828,64.94031499046297,inf,True,True
2430,PV,RF,3.129008582931454,65.97708056774812,62.84807198481666,inf,True,True
2431,PV,RF,3.125437313123111,63.990172447434254,60.86473513431115,inf,True,True
2432,PV,RF,3.1219902920491416,62.10870526208434,58.9867149700352,inf,True,True
2433,PV,RF,3.118669900536376,60.329364451106514,57.21069455057014,inf,True,True
2434,PV,RF,3.1154774206170783,58.648496294885994,55.53301887426892,inf,True,True
2435,PV,RF,3.1124126668211467,57.06195343762595,53.9495407708048,inf,True,True
2436,PV,RF,3.109475672374848,55.565989956135844,52.456514283760995,inf,True,True
2437,PV,RF,3.106666124672638,54.15695068850644,51.050284563833806,inf,True,True
2438,PV,RF,3.103982496553499,52.830839305361565,49.726856808808066,inf,True,True
2439,PV,RF,3.1014233320627858,51.583963552868354,48.48254022080557,inf,True,True
2440,PV,RF,3.0989873888513464,50.41298018372221,47.31399279487086,inf,True,True
2441,PV,RF,3.0966723752692458,49.31427450836863,46.21760213309938,inf,True,True
2442,PV,RF,3.09447575519234,48.284348728727004,45.18987297353466,inf,True,True
2443,PV,RF,3.092395538578892,47.32017456727411,44.22777902869522,inf,True,True
2444,PV,RF,3.090428796160823,46.418485388576315,43.32805659241549,inf,True,True
2445,PV,RF,3.08857197772473,45.57592729295697,42.487355315232236,inf,True,True
2446,PV,RF,3.086822133624633,44.789603032806035,41.702780899181406,inf,True,True
2447,PV,RF,3.085175447288953,44.05639357810075,40.9712181308118,inf,True,True
2448,PV,RF,3.0836270813625726,43.37289346441667,40.2892663830541,inf,True,True
2449,PV,RF,3.0821725225320926,42.73600072676532,39.65382820423323,inf,True,True
2450,PV,RF,3.0808063938495707,42.14238210110859,39.06157570725902,inf,True,True
2451,PV,RF,3.0795218210949367,41.5882002161769,38.508678395081965,inf,True,True
2452,PV,RF,3.0783116029273203,41.069620448031095,37.991308845103774,inf,True,True
2453,PV,RF,3.077167533327138,40.582512324525375,37.50534479119824,inf,True,True
2454,PV,RF,3.0760794172152295,40.12203258438912,37.04595316717389,inf,True,True
2455,PV,RF,3.0750364303808233,39.683205694856674,36.60816926447585,inf,True,True
2456,PV,RF,3.0740294653425932,39.26189614572259,36.18786668038,inf,True,True
2457,PV,RF,3.0730609798646107,38.8588653763202,35.78580439645559,inf,True,True
2458,PV,RF,3.072203289514518,38.503718192728094,35.431514903213575,inf,True,True
2459,PV,RF,3.071907058960081,38.381443421647916,35.30953636268784,inf,True,True
2460,PV,RF,3.1161658873442937,59.008527695776706,55.89236180843241,inf,True,True
2461,PV,RF,3.135725282521163,69.82080402723908,66.68507874471791,inf,True,True
2462,PV,RF,3.151974214882026,79.73190536653821,76.57993115165618,inf,True,True
2463,PV,RF,3.16501874202293,88.37152954664592,85.20651080462298,inf,True,True
2464,PV,RF,3.1752345726945315,95.60669304816966,92.43145847547513,inf,True,True
2465,PV,RF,3.1830029026602693,101.40808540211847,98.22508249945821,inf,True,True
2466,PV,RF,3.1886719093969376,105.81631048516134,102.6276385757644,inf,True,True
2467,PV,RF,3.1925533465857003,108.92389867000516,105.73134532341946,inf,True,True
2468,PV,RF,3.1949218489541904,110.85718138472329,107.6622595357691,inf,True,True
2469,PV,RF,3.1960149670762883,111.7591067510814,108.56309178400511,inf,True,True
2470,PV,RF,3.1960382177092517,111.77835777078164,108.58231955307238,inf,True,True
2471,PV,RF,3.195170399535724,111.06171815170308,107.86654775216735,inf,True,True
2472,PV,RF,3.193563960130356,109.74532799337193,106.55176403324157,inf,True,True
2473,PV,RF,3.1913491018966997,107.95177713504482,104.76042803314812,inf,True,True
2474,PV,RF,3.18864020314127,105.79122975135404,102.60258954821276,inf,True,True
2475,PV,RF,3.185534356242586,103.35779279398933,100.17225843774675,inf,True,True
2476,PV,RF,3.1821135893350023,100.73018864997684,97.54807506064184,inf,True,True
2477,PV,RF,3.17845077505264,97.97597295254737,94.79752217749473,inf,True,True
2478,PV,RF,3.1746075391431683,95.15001346260762,91.97540592346445,inf,True,True
2479,PV,RF,3.1706350877432548,92.2956658054707,89.12503071772745,inf,True,True
2480,PV,RF,3.1665787942387924,89.4487263777439,86.28214758350511,inf,True,True
2481,PV,RF,3.162477151667024,86.63724578837984,83.47476863671282,inf,True,True
2482,PV,RF,3.1583612854263716,83.88187755057021,80.72351626514384,inf,True,True
2483,PV,RF,3.1542581228883178,81.19864417989359,78.04438605700527,inf,True,True
2484,PV,RF,3.15019102184535,78.59978916232522,75.44959814047988,inf,True,True
2485,PV,RF,3.146178082560606,76.09312215916101,72.9469440766004,inf,True,True
2486,PV,RF,3.142234035173256,73.68363318584016,70.5413991506669,inf,True,True
2487,PV,RF,3.138372509826013,71.3751396863347,68.23676717650869,inf,True,True
2488,PV,RF,3.1346033765159103,69.16887885084273,66.03427547432682,inf,True,True
2489,PV,RF,3.1309336031781543,67.06426957254367,63.93333596936551,inf,True,True
2490,PV,RF,3.1273706867441806,65.06101464031812,61.93364395357394,inf,True,True
2491,PV,RF,3.1239194700451813,63.15734867826567,60.03342920822049,inf,True,True
2492,PV,RF,3.1205823644897825,61.350305154268156,58.22972278977837,inf,True,True
2493,PV,RF,3.117362903069923,59.63770516838358,56.52034226531366,inf,True,True
2494,PV,RF,3.114263022443235,58.01668911053544,54.902426088092206,inf,True,True
2495,PV,RF,3.111282705945759,56.48359761249127,53.37231490654551,inf,True,True
2496,PV,RF,3.1084228065656534,55.0354564980111,51.927033691445445,inf,True,True
2497,PV,RF,3.105683688234543,53.66925472948671,50.56357104125217,inf,True,True
2498,PV,RF,3.103064077599157,52.381389051436535,49.27832497383738,inf,True,True
2499,PV,RF,3.100562965634977,51.16862081834143,48.06805785270645,inf,True,True
2500,PV,RF,3.0981798272351413,50.02815470588433,46.92997487864919,inf,True,True
2501,PV,RF,3.0959126691583343,48.95669293150138,45.86078026234304,inf,True,True
2502,PV,RF,3.0937590522078295,47.950937861166636,44.85717880895881,inf,True,True
2503,PV,RF,3.0917177568673457,47.00835261759696,43.916634860729616,inf,True,True
2504,PV,RF,3.0897861546006724,46.12592176599669,43.03613561139601,inf,True,True
2505,PV,RF,3.0879605215807406,45.300313349733045,42.212352828152305,inf,True,True
2506,PV,RF,3.086238688399889,44.52906929720244,41.44283060880255,inf,True,True
2507,PV,RF,3.084617090861988,43.809256160328594,40.724639069466605,inf,True,True
2508,PV,RF,3.0830906412274213,43.137423772583226,40.054333131355804,inf,True,True
2509,PV,RF,3.0816554401442438,42.5107976516567,39.429142211512456,inf,True,True
2510,PV,RF,3.080306331198208,41.9261890168916,38.84588268569339,inf,True,True
2511,PV,RF,3.079036245436618,41.379720882139395,38.300684636702776,inf,True,True
2512,PV,RF,3.077838291039408,40.86773180321328,37.789893512173876,inf,True,True
2513,PV,RF,3.076704499742605,40.3862277175978,37.309523217855194,inf,True,True
2514,PV,RF,3.0756245528561172,39.930345929430395,36.854721376574275,inf,True,True
2515,PV,RF,3.0745877073261703,39.49517608319052,36.420588375864355,inf,True,True
2516,PV,RF,3.0735859114034314,39.07704857790784,36.003462666504404,inf,True,True
2517,PV,RF,3.0726273225960896,38.67909105451506,35.60646373191897,inf,True,True
2518,PV,RF,3.071828047789052,38.348863534622346,35.27703548683329,inf,True,True
2519,PV,RF,3.071989553073175,38.41547451962924,35.34348496655607,inf,True,True
2520,PV,RF,3.109893916024495,55.77757818640343,52.667684270378935,inf,True,True
2521,PV,RF,3.128841990789474,65.88353170341077,62.75468971262129,inf,True,True
2522,PV,RF,3.144447240383659,75.02920011037345,71.8847528699898,inf,True,True
2523,PV,RF,3.1570933540317636,83.04603233172001,79.88893897768826,inf,True,True
2524,PV,RF,3.16712898328126,89.83095360913394,86.66382462585268,inf,True,True
2525,PV,RF,3.174884668377552,95.3516429158192,92.17675824744164,inf,True,True
2526,PV,RF,3.1806653409845085,99.63396368743929,96.45329834645479,inf,True,True
2527,PV,RF,3.1847476247081095,102.74865416844212,99.563906543734,inf,True,True
2528,PV,RF,3.187378627909575,104.79721893465288,101.6098403067433,inf,True,True
2529,PV,RF,3.1887758643173454,105.89857657051145,102.7098007061941,inf,True,True
2530,PV,RF,3.1891299525159793,106.17918260683275,102.99005265431677,inf,True,True
2531,PV,RF,3.188607450958904,105.76532676846197,102.57671931750308,inf,True,True
2532,PV,RF,3.187352517509933,104.77672706623157,101.58937454872164,inf,True,True
2533,PV,RF,3.1854899794963347,103.3233559876027,100.13786600810636,inf,True,True
2534,PV,RF,3.1831285028093452,101.5041197947966,98.32099129198726,inf,True,True
2535,PV,RF,3.180361740188524,99.40536406267987,96.22500232249133,inf,True,True
2536,PV,RF,3.1772702454788835,97.10105047935627,93.9237802338774,inf,True,True
2537,PV,RF,3.173924084052747,94.65416319483339,91.48023911078064,inf,True,True
2538,PV,RF,3.170383466542907,92.11709765285622,88.94671418631332,inf,True,True
2539,PV,RF,3.1666996163633985,89.53255939847733,86.36585978211393,inf,True,True
2540,PV,RF,3.1629168466275517,86.93546325557065,83.7725464089431,inf,True,True
2541,PV,RF,3.1590730886055423,84.35376681836915,81.19469372976361,inf,True,True
2542,PV,RF,3.1552000468210593,81.8090927982569,78.65389275143583,inf,True,True
2543,PV,RF,3.1513247962800843,79.31828507378472,76.16696027750464,inf,True,True
2544,PV,RF,3.1474704463073087,76.89425041596552,73.7467799696582,inf,True,True
2545,PV,RF,3.143655846868352,74.54615122595126,71.40249537908291,inf,True,True
2546,PV,RF,3.139896704895191,72.28044062650041,69.14054392160521,inf,True,True
2547,PV,RF,3.1362064407834627,70.10163484855346,66.96542840776999,inf,True,True
2548,PV,RF,3.1325956619121786,68.0122093124314,64.87961365051922,inf,True,True
2549,PV,RF,3.1290727993783247,66.01316369552103,62.8840908961427,inf,True,True
2550,PV,RF,3.125645102641417,64.10472083692012,60.97907573427871,inf,True,True
2551,PV,RF,3.122318074773826,62.28610369266477,59.16378561789094,inf,True,True
2552,PV,RF,3.1190956608784504,60.555735219958756,57.436639559080305,inf,True,True
2553,PV,RF,3.1159812733163363,58.91185279367415,55.795871520357814,inf,True,True
2554,PV,RF,3.112977354402158,57.35230650082617,54.23932914642401,inf,True,True
2555,PV,RF,3.1100851783287506,55.874496404161945,52.76441122583319,inf,True,True
2556,PV,RF,3.1073057887638984,54.47588012303846,51.36857433427456,inf,True,True
2557,PV,RF,3.104639804626903,53.15387651909365,50.049236714466744,inf,True,True
2558,PV,RF,3.102086921782325,51.90562918992721,48.80354226814489,inf,True,True
2559,PV,RF,3.0996466618330594,50.72838513458332,47.62873847275026,inf,True,True
2560,PV,RF,3.0973184696348293,49.619534245524434,46.522215775889606,inf,True,True
2561,PV,RF,3.0951010199451425,48.57627588194929,45.48117486200415,inf,True,True
2562,PV,RF,3.0929927063196017,47.59585476401777,44.502862057698174,inf,True,True
2563,PV,RF,3.0909920088085423,46.67572412225469,43.58473211344615,inf,True,True
2564,PV,RF,3.089096722675756,45.8131826466449,42.72408592396914,inf,True,True
2565,PV,RF,3.087304146832511,45.00546336183918,41.918159215006675,inf,True,True
2566,PV,RF,3.085611640018551,44.24997929330532,41.164367653286774,inf,True,True
2567,PV,RF,3.0840158868812235,43.54398705637761,40.459971169496384,inf,True,True
2568,PV,RF,3.082512767527448,42.884531030617794,39.802018263090346,inf,True,True
2569,PV,RF,3.0810979768728695,42.26871371507941,39.18761573820654,inf,True,True
2570,PV,RF,3.0797664183578046,41.693425141186516,38.61365872282871,inf,True,True
2571,PV,RF,3.0785117476855723,41.15514751856747,38.07663577088189,inf,True,True
2572,PV,RF,3.0773269117960877,40.65018897087156,37.572862059075476,inf,True,True
2573,PV,RF,3.076203746646425,40.17450958589555,37.09830583924912,inf,True,True
2574,PV,RF,3.0751323317261527,39.72345120773678,36.64831887601063,inf,True,True
2575,PV,RF,3.074101787876506,39.292078454791216,36.21797666691471,inf,True,True
2576,PV,RF,3.0731017690631712,38.87579663463866,35.80269486557549,inf,True,True
2577,PV,RF,3.072127263290155,38.472318021549405,35.40019075825925,inf,True,True
2578,PV,RF,3.07119369584038,38.0878015979462,35.016607902105825,inf,True,True
2579,PV,RF,3.070305761606228,37.72390041708345,34.65359465547722,inf,True,True
2580,PV,RF,3.1044713995535433,53.07100402245715,49.96653262290361,inf,True,True
2581,PV,RF,3.1221957545079273,62.21986611426196,59.097670359754034,inf,True,True
2582,PV,RF,3.137058355480576,70.6006895764909,67.46363122101032,inf,True,True
2583,PV,RF,3.149259113818359,78.01263933055421,74.86338021673585,inf,True,True
2584,PV,RF,3.1590729522083554,84.35367621019742,81.19460325798906,inf,True,True
2585,PV,RF,3.166777694774817,89.58676574018169,86.41998804540687,inf,True,True
2586,PV,RF,3.172635769065786,93.72489644259242,90.55226067352663,inf,True,True
2587,PV,RF,3.1768898155625136,96.82040978029384,93.64351996473133,inf,True,True
2588,PV,RF,3.1797602376654615,98.95368158387679,95.77392134621132,inf,True,True
2589,PV,RF,3.181443690330139,100.22193550562174,97.0404918152916,inf,True,True
2590,PV,RF,3.1821148275733884,100.7311300000456,97.54901517247221,inf,True,True
2591,PV,RF,3.181928244998794,100.58936277033378,97.40743452533499,inf,True,True
2592,PV,RF,3.1810189051083837,99.90070870668953,96.71968980158114,inf,True,True
2593,PV,RF,3.179504617451374,98.76222191538417,95.5827172979328,inf,True,True
2594,PV,RF,3.1774889929202255,97.26270658220646,94.08521758928623,inf,True,True
2595,PV,RF,3.1750617707003643,95.48066933255222,92.30560756185186,inf,True,True
2596,PV,RF,3.1723004470770606,93.48418006281902,90.31187961574196,inf,True,True
2597,PV,RF,3.169273075042978,91.33221376692947,88.16294069188649,inf,True,True
2598,PV,RF,3.1660383618318435,89.07446252906995,85.90842416723811,inf,True,True
2599,PV,RF,3.1626463301363255,86.75189966459702,83.5892533344607,inf,True,True
2600,PV,RF,3.159140698251227,84.39868835741167,81.23954765916045,inf,True,True
2601,PV,RF,3.1555591111726895,82.0426569814097,78.88709787023701,inf,True,True
2602,PV,RF,3.1519330441119386,79.7056383845131,76.55370534040115,inf,True,True
2603,PV,RF,3.1482896657204162,77.40508740316533,74.25679773744491,inf,True,True
2604,PV,RF,3.1446524486379848,75.15480260705606,72.01015015841807,inf,True,True
2605,PV,RF,3.141040538865558,72.96485813276948,69.82381759390393,inf,True,True
2606,PV,RF,3.137470047806011,70.84270189354416,67.70523184573815,inf,True,True
2607,PV,RF,3.13395507867103,68.79399097134421,65.66003589267318,inf,True,True
2608,PV,RF,3.1305067951304535,66.8222332487544,63.69172645362395,inf,True,True
2609,PV,RF,3.127134138072891,64.9293899276809,61.80225578960801,inf,True,True
2610,PV,RF,3.1238451445091613,63.11674349272861,59.99289834821945,inf,True,True
2611,PV,RF,3.1206459721139304,61.384443441035614,58.26379746892168,inf,True,True
2612,PV,RF,3.117541078508804,59.73170711811361,56.61416603960481,inf,True,True
2613,PV,RF,3.114534628507399,58.15763596795675,55.04310133944935,inf,True,True
2614,PV,RF,3.1116297264752277,56.66084034995733,53.549210623482104,inf,True,True
2615,PV,RF,3.1088281197359136,55.239335117604135,52.130506997868224,inf,True,True
2616,PV,RF,3.1061314881058335,53.89122901619264,50.78509752808681,inf,True,True
2617,PV,RF,3.1035410760844377,52.61454215351329,49.51100107742885,inf,True,True
2618,PV,RF,3.10105700125011,51.40688173287161,48.3058247316215,inf,True,True
2619,PV,RF,3.098679271705152,50.2659563511754,47.167277079470246,inf,True,True
2620,PV,RF,3.096407902496176,49.18962532534375,46.09321742284757,inf,True,True
2621,PV,RF,3.094241938893515,48.17543563866852,45.081193699775,inf,True,True
2622,PV,RF,3.092180113915785,47.22094220776304,44.12876209384725,inf,True,True
2623,PV,RF,3.0902214108290678,46.32396200664978,43.23374059582071,inf,True,True
2624,PV,RF,3.088363947976843,45.482055715403575,42.39369176742673,inf,True,True
2625,PV,RF,3.086605240688467,44.692654944532975,41.606049703844505,inf,True,True
2626,PV,RF,3.08494306758192,43.9534479481793,40.868504880597385,inf,True,True
2627,PV,RF,3.083374390828594,43.261890083373814,40.17851569254522,inf,True,True
2628,PV,RF,3.081895212042549,42.61514619121935,39.533250979176806,inf,True,True
2629,PV,RF,3.0805015363485,42.010512662265064,38.930011125916565,inf,True,True
2630,PV,RF,3.079188493856504,41.445028773050346,38.36584027919384,inf,True,True
2631,PV,RF,3.077949782994571,40.91524133043727,37.837291547442696,inf,True,True
2632,PV,RF,3.0767785179796254,40.417571584808776,37.34079306682915,inf,True,True
2633,PV,RF,3.075666695230259,39.94808539413064,36.87241869890038,inf,True,True
2634,PV,RF,3.0746043630511535,39.50214715410358,36.42754279105243,inf,True,True
2635,PV,RF,3.0735806986869774,39.074878880711516,36.00129818202454,inf,True,True
2636,PV,RF,3.072585924658566,38.66195165262167,35.5893657279631,inf,True,True
2637,PV,RF,3.0716188171277334,38.262656276082,35.19103745895426,inf,True,True
2638,PV,RF,3.0707255382812386,37.895716369919576,34.82499083163834,inf,True,True
2639,PV,RF,3.0701574248327925,37.66328019528988,34.593122770457086,inf,True,True
2640,PV,RF,3.0995407655930003,50.67764745412352,47.578106688530525,inf,True,True
2641,PV,RF,3.1158196521250003,58.82729753738032,55.71147788525532,inf,True,True
2642,PV,RF,3.129894990808265,66.47627301098774,63.34637802017947,inf,True,True
2643,PV,RF,3.141615835141821,73.31073226333345,70.16911642819163,inf,True,True
2644,PV,RF,3.1511703452960975,79.22013643300306,76.06896608770697,inf,True,True
2645,PV,RF,3.158786047297723,84.1632423745369,81.00445632723918,inf,True,True
2646,PV,RF,3.164685142717674,88.14244212588815,84.97775698317048,inf,True,True
2647,PV,RF,3.169078151808529,91.1949557196682,88.02587756785967,inf,True,True
2648,PV,RF,3.1721599256444577,93.38344534037199,90.21128541472754,inf,True,True
2649,PV,RF,3.1741061400731123,94.78605051105187,91.61194437097876,inf,True,True
2650,PV,RF,3.1750748341115775,95.49019192133895,92.31511708722736,inf,True,True
2651,PV,RF,3.1752088740624904,95.58794299969539,92.4127341256329,inf,True,True
2652,PV,RF,3.174633464355191,95.16886174222186,91.99422827786667,inf,True,True
2653,PV,RF,3.1734579075753135,94.3170942012571,91.1436362936818,inf,True,True
2654,PV,RF,3.171781337638576,93.1124624445493,89.94068110691072,inf,True,True
2655,PV,RF,3.1696891756573056,91.62573981652383,88.45605064086652,inf,True,True
2656,PV,RF,3.167254333591699,89.9182077870221,86.7509534534304,inf,True,True
2657,PV,RF,3.164543651874768,88.0454115689365,84.88086791706174,inf,True,True
2658,PV,RF,3.1616140602864653,86.05405209759235,82.89243803730588,inf,True,True
2659,PV,RF,3.158513419581075,83.98257377381205,80.82406035423098,inf,True,True
2660,PV,RF,3.1552852214010922,81.86445413966732,78.70916891826623,inf,True,True
2661,PV,RF,3.151966850301913,79.72720631119326,76.57523946089134,inf,True,True
2662,PV,RF,3.1485890152407854,77.59233705172734,74.44374803648655,inf,True,True
2663,PV,RF,3.1451789119579647,75.47769451446766,72.33251560250969,inf,True,True
2664,PV,RF,3.1417606838793537,73.39799091107434,70.25623022719499,inf,True,True
2665,PV,RF,3.1383535295245064,71.36391428320925,68.22556075368475,inf,True,True
2666,PV,RF,3.134973472540244,69.38349228615242,66.24851881361218,inf,True,True
2667,PV,RF,3.131635903151701,67.46376659639228,64.33213069324057,inf,True,True
2668,PV,RF,3.128352505458203,65.60915616123408,62.48080365577588,inf,True,True
2669,PV,RF,3.1251318048827077,63.82198979812944,60.69685799324673,inf,True,True
2670,PV,RF,3.1219835561769775,62.105063069472635,58.98307951329566,inf,True,True
2671,PV,RF,3.118914546924226,60.459375643468825,57.3404610965446,inf,True,True
2672,PV,RF,3.115928814685118,58.884399941009804,55.768471126324684,inf,True,True
2673,PV,RF,3.1130321144280417,57.3805103344923,54.267478220064255,inf,True,True
2674,PV,RF,3.110228198176651,55.94703413120331,52.83680593302666,inf,True,True
2675,PV,RF,3.107518711142509,54.5822850217917,51.47476631064919,inf,True,True
2676,PV,RF,3.1049063392596796,53.285192536157496,50.18028619689782,inf,True,True
2677,PV,RF,3.1023931056226086,52.0544354271871,48.95204232156449,inf,True,True
2678,PV,RF,3.099979240217511,50.88792045356385,47.78794121334634,inf,True,True
2679,PV,RF,3.097665201558443,49.78379292083366,46.68612771927522,inf,True,True
2680,PV,RF,3.0954519193366163,48.74053707663345,45.64508515729683,inf,True,True
2681,PV,RF,3.0933386927453324,47.75598452197717,44.662645829231835,inf,True,True
2682,PV,RF,3.091324175913418,46.82780306964984,43.73647889373642,inf,True,True
2683,PV,RF,3.0894084336439707,45.95443642843685,42.86502799479288,inf,True,True
2684,PV,RF,3.087589933011754,45.133712858362344,42.04612292535059,inf,True,True
2685,PV,RF,3.0858656062520184,44.362901952400506,41.277036346148485,inf,True,True
2686,PV,RF,3.0842344992511292,43.6403455169681,40.556111017716965,inf,True,True
2687,PV,RF,3.0826938390661516,42.96368756308811,39.880993724021955,inf,True,True
2688,PV,RF,3.081239019364918,42.329893681644045,39.24865466227913,inf,True,True
2689,PV,RF,3.0798670285557472,41.73674788790473,38.65688085934898,inf,True,True
2690,PV,RF,3.078573244016227,41.18144519339617,38.102871949379946,inf,True,True
2691,PV,RF,3.0773509520925755,40.6604022615857,37.58305130949313,inf,True,True
2692,PV,RF,3.0761937056365,40.170270154293405,37.09407644865691,inf,True,True
2693,PV,RF,3.075093817877103,39.70728613590017,36.632192318023066,inf,True,True
2694,PV,RF,3.0740410624594974,39.26673515968948,36.19269409722998,inf,True,True
2695,PV,RF,3.0730246829523775,38.84380200219268,35.7707773192403,inf,True,True
2696,PV,RF,3.0720366079896104,38.43489285273681,35.3628562447472,inf,True,True
2697,PV,RF,3.0710852563540216,38.04326498115215,34.972179724798124,inf,True,True
2698,PV,RF,3.07029157202948,37.71809948381045,34.647807911780966,inf,True,True
2699,PV,RF,3.070507167993382,37.80628736052767,34.735780192534286,inf,True,True
2700,PV,RF,3.0939774994724463,48.05242334105866,44.95844584158622,inf,True,True
2701,PV,RF,3.109633281582706,55.64566794696913,52.536034665386424,inf,True,True
2702,PV,RF,3.1230099653300885,62.66159889557746,59.53858893024737,inf,True,True
2703,PV,RF,3.1342410509055667,68.95919402184664,65.82495297094107,inf,True,True
2704,PV,RF,3.1435063512839556,74.45514115504766,71.3116348037637,inf,True,True
2705,PV,RF,3.150996997960244,79.11008136416474,75.9590843662045,inf,True,True
2706,PV,RF,3.156901078486144,82.91980653907694,79.7629054605908,inf,True,True
2707,PV,RF,3.161399118691084,85.90926426466092,82.74786514596984,inf,True,True
2708,PV,RF,3.1646607482381204,88.12570740159416,84.96104665335604,inf,True,True
2709,PV,RF,3.1668419428079084,89.63138868627296,86.46454674346505,inf,True,True
2710,PV,RF,3.168085142163513,90.4981282679305,87.33004312576698,inf,True,True
2711,PV,RF,3.1685195969713993,90.80250370178278,87.63398410481139,inf,True,True
2712,PV,RF,3.1682605962423174,90.62095730476601,87.45269670852369,inf,True,True
2713,PV,RF,3.167410748684841,90.02717473056418,86.85976398187934,inf,True,True
2714,PV,RF,3.1660618237665665,89.09068622234649,85.92462439857992,inf,True,True
2715,PV,RF,3.1642945240544185,87.87475902146409,84.71046449740967,inf,True,True
2716,PV,RF,3.1621795370398584,86.43581990144905,83.27364036440919,inf,True,True
2717,PV,RF,3.159779677990427,84.8241005268488,81.66432084885837,inf,True,True
2718,PV,RF,3.157149814539629,83.08312397499913,79.9259741604595,inf,True,True
2719,PV,RF,3.1543373080192003,81.24983775048656,78.09550044246737,inf,True,True
2720,PV,RF,3.151383986681287,79.35592130401918,76.2045373173379,inf,True,True
2721,PV,RF,3.1483263103967705,77.42799257608364,74.27966626568687,inf,True,True
2722,PV,RF,3.145195237486198,75.48772248967678,72.34252725219059,inf,True,True
2723,PV,RF,3.142017826077134,73.55306939977909,70.41105157370195,inf,True,True
2724,PV,RF,3.138817749131346,71.638802810223,68.49998506109165,inf,True,True
2725,PV,RF,3.135614738727207,69.75638954288499,66.62077480415778,inf,True,True
2726,PV,RF,3.1324257191542237,67.91488712707665,64.78246140792243,inf,True,True
2727,PV,RF,3.1292656715570075,66.12161446757085,62.99234879601384,inf,True,True
2728,PV,RF,3.126146849673347,64.38185479938426,61.25570794971091,inf,True,True
2729,PV,RF,3.123079416655569,62.69936879386433,59.57628937720876,inf,True,True
2730,PV,RF,3.120072553536297,61.07711420568197,57.957041652145676,inf,True,True
2731,PV,RF,3.1171336589850562,59.51689369466156,56.39976003567651,inf,True,True
2732,PV,RF,3.1142685111480928,58.019535363101234,54.905266851953144,inf,True,True
2733,PV,RF,3.111482456862776,56.585580992873794,53.47409853601102,inf,True,True
2734,PV,RF,3.108779794876876,55.21500358394087,52.106223789063996,inf,True,True
2735,PV,RF,3.1061635169422,53.90712623662206,50.80096271967986,inf,True,True
2736,PV,RF,3.103636410560153,52.66121275919521,49.55757634863505,inf,True,True
2737,PV,RF,3.101200771801429,51.47633779561253,48.3751370238111,inf,True,True
2738,PV,RF,3.0988578054647866,50.35111733422076,47.25225952875597,inf,True,True
2739,PV,RF,3.0966085080979022,49.28415688257919,46.18754837448129,inf,True,True
2740,PV,RF,3.0944537717666325,48.27410286720322,45.17964909543659,inf,True,True
2741,PV,RF,3.0923935489980425,47.31925756732384,44.2268640183258,inf,True,True
2742,PV,RF,3.090427430689783,46.417862679758215,43.32743524906843,inf,True,True
2743,PV,RF,3.0885551079698885,45.56831103723082,42.47975592926093,inf,True,True
2744,PV,RF,3.086775431965052,44.76871844930959,41.68194301734454,inf,True,True
2745,PV,RF,3.0850866426312944,44.017037297198584,40.93195065456729,inf,True,True
2746,PV,RF,3.0834870750114174,43.311371893387076,40.22788481837566,inf,True,True
2747,PV,RF,3.0819742549882196,42.6495753501279,39.56760109513968,inf,True,True
2748,PV,RF,3.0805447598037867,42.02919617294247,38.948651413138684,inf,True,True
2749,PV,RF,3.0791950020009002,41.44782168527538,38.36862668327448,inf,True,True
2750,PV,RF,3.0779204847022785,40.90275380075247,37.824833316050196,inf,True,True
2751,PV,RF,3.0767152853405,40.39079421605745,37.31407893071695,inf,True,True
2752,PV,RF,3.075572738347679,39.908540647682166,36.832967909334485,inf,True,True
2753,PV,RF,3.0744849576915687,39.45218535677135,36.377700399079785,inf,True,True
2754,PV,RF,3.073442083249008,39.017205416027586,35.94376333277858,inf,True,True
2755,PV,RF,3.072433204462466,38.59875662108873,35.52632341662627,inf,True,True
2756,PV,RF,3.0714480644382807,38.192375857600744,35.120927793162465,inf,True,True
2757,PV,RF,3.0704834018226936,37.796560877500085,34.72607747567739,inf,True,True
2758,PV,RF,3.0695715935303345,37.42435228073029,34.354780687199955,inf,True,True
2759,PV,RF,3.0688559722319444,37.13353087171745,34.0646748994855,inf,True,True
2760,PV,RF,3.0891527743885874,45.838565312137874,42.749412537749286,inf,True,True
2761,PV,RF,3.1038337377361938,52.757889647711906,49.65405590997571,inf,True,True
2762,PV,RF,3.1164742825044955,59.17023731457419,56.05376303206969,inf,True,True
2763,PV,RF,3.127197379629006,64.96456330880072,61.83736592917172,inf,True,True
2764,PV,RF,3.136148008829539,70.06749098250233,66.9313429736728,inf,True,True
2765,PV,RF,3.143482428004538,74.44058414137793,71.2971017133734,inf,True,True
2766,PV,RF,3.149357437969753,78.07444369887983,74.92508626091008,inf,True,True
2767,PV,RF,3.153926351501644,80.98440161422442,77.83047526272279,inf,True,True
2768,PV,RF,3.1573357078903683,83.20533056464608,80.04799485675571,inf,True,True
2769,PV,RF,3.1597223911679357,84.78589736722222,81.62617497605429,inf,True,True
2770,PV,RF,3.1612132084162896,85.78417626415167,82.62296305573538,inf,True,True
2771,PV,RF,3.161924686031181,86.26361001715951,83.10168533112832,inf,True,True
2772,PV,RF,3.161961994541486,86.28880466351565,83.12684266897416,inf,True,True
2773,PV,RF,3.1614197294110866,85.92314021151707,82.76172048210597,inf,True,True
2774,PV,RF,3.1603832298845886,85.22735596940082,82.06697273951623,inf,True,True
2775,PV,RF,3.1589282039549094,84.25756021724587,81.09863201329095,inf,True,True
2776,PV,RF,3.157121512922749,83.06452978222114,79.9074082692984,inf,True,True
2777,PV,RF,3.155022939525571,81.69406304531442,78.53904010578886,inf,True,True
2778,PV,RF,3.152685075567531,80.18639810227205,77.03371302670452,inf,True,True
2779,PV,RF,3.1501536682135973,78.57619527630457,75.42604160809098,inf,True,True
2780,PV,RF,3.1474693364801105,76.89355995395702,73.74609061747691,inf,True,True
2781,PV,RF,3.1446677153174654,75.16415267486343,72.01948495954596,inf,True,True
2782,PV,RF,3.141779327157143,73.40922694437191,70.26744761721477,inf,True,True
2783,PV,RF,3.1388310134673025,71.646667679422,68.5078366659547,inf,True,True
2784,PV,RF,3.1358463982586358,69.8914238652177,66.75557746695907,inf,True,True
2785,PV,RF,3.132845393355272,68.15538932357428,65.02254393021902,inf,True,True
2786,PV,RF,3.129845229019992,66.44818484145048,63.31833961243049,inf,True,True
2787,PV,RF,3.1268612302427714,64.77774446647922,61.650883236236446,inf,True,True
2788,PV,RF,3.1239061209965686,63.15005467775434,60.026148556757775,inf,True,True
2789,PV,RF,3.120990610783644,61.56961644531087,58.44862583452723,inf,True,True
2790,PV,RF,3.118124393406545,60.04008818246583,56.921963789059284,inf,True,True
2791,PV,RF,3.1153154378083663,58.56398256793913,55.44866713013076,inf,True,True
2792,PV,RF,3.1125701396629193,57.142834367504975,54.03026422784205,inf,True,True
2793,PV,RF,3.1098944009792056,55.7778238007418,52.66792939976259,inf,True,True
2794,PV,RF,3.1072930845599913,54.469535239484166,51.362242154924175,inf,True,True
2795,PV,RF,3.1047697765037485,53.217887379641724,50.11311760313797,inf,True,True
2796,PV,RF,3.1023277966731113,52.02267449789726,48.920346701224155,inf,True,True
2797,PV,RF,3.099969947021716,50.883458697019144,47.78348874999743,inf,True,True
2798,PV,RF,3.0976979591734093,49.79932717766351,46.7016292184901,inf,True,True
2799,PV,RF,3.095513311131643,48.769307411438746,45.673794100307106,inf,True,True
2800,PV,RF,3.093417325132104,47.79241889661009,44.699001571477986,inf,True,True
2801,PV,RF,3.0914103999491345,46.867324323107255,43.77591392315812,inf,True,True
2802,PV,RF,3.0894925492085363,45.992594654055075,42.90310210484654,inf,True,True
2803,PV,RF,3.087663820659156,45.1669029218914,42.07923910123225,inf,True,True
2804,PV,RF,3.085923433632912,44.38863579415634,41.30271236052343,inf,True,True
2805,PV,RF,3.084269991243021,43.65600019205177,40.57173020080875,inf,True,True
2806,PV,RF,3.082702119472107,42.96730925006215,39.88460713059004,inf,True,True
2807,PV,RF,3.081217636522379,42.32061544182304,39.239397805300655,inf,True,True
2808,PV,RF,3.0798134149097542,41.71365890938056,38.633845494470805,inf,True,True
2809,PV,RF,3.078486088034164,41.14417728077692,38.06569119274276,inf,True,True
2810,PV,RF,3.077231357846946,40.609606991822545,37.5323756339756,inf,True,True
2811,PV,RF,3.0760434951632165,40.10687721099738,37.03083371583416,inf,True,True
2812,PV,RF,3.074915947313133,39.63267415301658,36.55775820570345,inf,True,True
2813,PV,RF,3.073840877783137,39.183249070784825,36.10940819300169,inf,True,True
2814,PV,RF,3.0728084404180778,38.754122333786384,35.681313893368305,inf,True,True
2815,PV,RF,3.0718076162451213,38.340440975373475,35.26863335912835,inf,True,True
2816,PV,RF,3.0708277427386275,37.93760886521042,34.86678112247179,inf,True,True
2817,PV,RF,3.069863901583156,37.543472433892234,34.47360853230908,inf,True,True
2818,PV,RF,3.0689387474793426,37.16711148188697,34.098172734407626,inf,True,True
2819,PV,RF,3.0681311704061893,36.84014182705919,33.772010656653,inf,True,True
2820,PV,RF,3.085229779175582,44.08048160247444,40.99525182329886,inf,True,True
2821,PV,RF,3.098462238859983,50.16254142176603,47.06407918290605,inf,True,True
2822,PV,RF,3.1103213485051624,55.99430882213821,52.88398747363305,inf,True,True
2823,PV,RF,3.1205251295828833,61.31959718133479,58.19907205175191,inf,True,True
2824,PV,RF,3.1291429631291154,66.05260308576482,62.9234601226357,inf,True,True
2825,PV,RF,3.1362957081946528,70.15381819415886,67.01752248596421,inf,True,True
2826,PV,RF,3.142111395709791,73.60955474974439,70.4674433540346,inf,True,True
2827,PV,RF,3.1467190681779478,76.42777160587049,73.28105253769255,inf,True,True
2828,PV,RF,3.1502446559219566,78.63367502191693,75.48343036599498,inf,True,True
2829,PV,RF,3.152806764167643,80.26438329531562,77.11157653114799,inf,True,True
2830,PV,RF,3.154516807284325,81.36596990181373,78.2114530945294,inf,True,True
2831,PV,RF,3.1554798049066166,81.99102890625107,78.83554910134445,inf,True,True
2832,PV,RF,3.1557907432788754,82.19358167393001,79.03779093065114,inf,True,True
2833,PV,RF,3.155535075572069,82.02700744448299,78.87147236891091,inf,True,True
2834,PV,RF,3.1547927762567216,81.5447462903742,78.38995351411748,inf,True,True
2835,PV,RF,3.1536343591569307,80.79617887930183,77.64254452014491,inf,True,True
2836,PV,RF,3.152121372661362,79.82584199867856,76.6737206260172,inf,True,True
2837,PV,RF,3.150311547441242,78.67595121561347,75.52563966817222,inf,True,True
2838,PV,RF,3.1482550844217063,77.38347628104623,74.23522119662452,inf,True,True
2839,PV,RF,3.1459949661457056,75.9800766831305,72.8340817169848,inf,True,True
2840,PV,RF,3.1435710778456674,74.49453616420442,71.35096508635876,inf,True,True
2841,PV,RF,3.141018401211629,72.95157077709656,69.81055237588494,inf,True,True
2842,PV,RF,3.1383662703832442,71.37144940116879,68.23308313078554,inf,True,True
2843,PV,RF,3.135641232461192,69.77182401757783,66.63618278511663,inf,True,True
2844,PV,RF,3.1328673486631047,68.16798647571385,65.03511912705073,inf,True,True
2845,PV,RF,3.130064296354198,66.57189524481042,63.44183094845622,inf,True,True
2846,PV,RF,3.1272490045943337,64.9932848291359,61.86603582454157,inf,True,True
2847,PV,RF,3.124437939500963,63.44105375560178,60.316615816100814,inf,True,True
2848,PV,RF,3.121644143351786,61.92170959141613,58.800065448064345,inf,True,True
2849,PV,RF,3.118877810171165,60.43984181654179,57.32096400637062,inf,True,True
2850,PV,RF,3.1161502023453025,59.00031034212198,55.884160139776675,inf,True,True
2851,PV,RF,3.1134698148124067,57.60624548062768,54.49277566581527,inf,True,True
2852,PV,RF,3.1108425508844215,56.25926292071451,53.14842036983009,inf,True,True
2853,PV,RF,3.1082757886392507,54.961614322289996,51.85333853365074,inf,True,True
2854,PV,RF,3.105775011174502,53.71448002309807,50.60870501192357,inf,True,True
2855,PV,RF,3.1033435962829183,52.51794291835919,49.41459932207627,inf,True,True
2856,PV,RF,3.1009858270367032,51.37251711238568,48.27153128534898,inf,True,True
2857,PV,RF,3.098705283526753,50.278358950630086,47.17965366710333,inf,True,True
2858,PV,RF,3.09650372157294,49.2347654930051,46.13826177143216,inf,True,True
2859,PV,RF,3.094383037087764,48.24114363983193,45.146760602744166,inf,True,True
2860,PV,RF,3.092345493929421,47.29711192193901,44.20476642800959,inf,True,True
2861,PV,RF,3.0903916859804346,46.40156330957971,43.31117162359927,inf,True,True
2862,PV,RF,3.0885215249508313,45.55315124187584,42.464629716925,inf,True,True
2863,PV,RF,3.0867361772157262,44.751168136494506,41.66443195927878,inf,True,True
2864,PV,RF,3.085035173971987,43.99423616437059,40.9092009903986,inf,True,True
2865,PV,RF,3.0834165779263465,43.28041172097202,40.19699514304567,inf,True,True
2866,PV,RF,3.081880270390906,42.608639633438564,39.52675936304766,inf,True,True
2867,PV,RF,3.080424370130177,41.977168149050925,38.89674377892075,inf,True,True
2868,PV,RF,3.079045159527107,41.38354314736611,38.30449798783901,inf,True,True
2869,PV,RF,3.077740275674818,40.82598877675228,37.74824850107746,inf,True,True
2870,PV,RF,3.0765057314394344,40.30211948609842,37.22561375465899,inf,True,True
2871,PV,RF,3.0753353582809444,39.80872185491183,36.733386496630885,inf,True,True
2872,PV,RF,3.074223058437394,39.3427149563113,36.2684918978739,inf,True,True
2873,PV,RF,3.0731613370179,38.90052958043989,35.82736824342199,inf,True,True
2874,PV,RF,3.0721399787909753,38.47756883810505,35.40542885931407,inf,True,True
2875,PV,RF,3.071147968099805,38.06901776989117,34.99786980179136,inf,True,True
2876,PV,RF,3.0701765445180302,37.67109099560506,34.600914451087036,inf,True,True
2877,PV,RF,3.0692324596823495,37.286389167857386,34.21715670817504,inf,True,True
2878,PV,RF,3.068430504690722,36.96116623455288,33.89273572986215,inf,True,True
2879,PV,RF,3.0685880229997475,37.02493278339547,33.95634476039572,inf,True,True
2880,PV,RF,3.0807034713138366,42.09783744727531,39.01713397596147,inf,True,True
2881,PV,RF,3.093340872284804,47.75699420516797,44.663653332883165,inf,True,True
2882,PV,RF,3.1045400683396527,53.10478700148392,50.00024693314427,inf,True,True
2883,PV,RF,3.114242805641398,58.00620610433968,54.891963298698286,inf,True,True
2884,PV,RF,3.122520558186432,62.3958471637525,59.27332660556607,inf,True,True
2885,PV,RF,3.129472369381091,66.23796631802382,63.10849394864273,inf,True,True
2886,PV,RF,3.135203649619573,69.51718923852272,66.38198558890315,inf,True,True
2887,PV,RF,3.1398219435409556,72.23585763691105,69.0960356933701,inf,True,True
2888,PV,RF,3.143433825734664,74.4110162383111,71.26758241257644,inf,True,True
2889,PV,RF,3.1461416921894605,76.07064764547133,72.92450595328187,inf,True,True
2890,PV,RF,3.148043281944624,77.25120446125811,74.10316117931349,inf,True,True
2891,PV,RF,3.1492311494779583,77.99506779845689,74.84583664897893,inf,True,True
2892,PV,RF,3.1497905549866054,78.3470978957354,75.1973073407488,inf,True,True
2893,PV,RF,3.149799779716102,78.35291222850766,75.20311244879156,inf,True,True
2894,PV,RF,3.1493312669449387,78.05798984529558,74.90865857835064,inf,True,True
2895,PV,RF,3.148450241749671,77.50549214532819,74.35704190357852,inf,True,True
2896,PV,RF,3.147215083269484,76.73549316554109,73.5882780822716,inf,True,True
2897,PV,RF,3.1456792014566712,75.78541311172195,72.63973391026528,inf,True,True
2898,PV,RF,3.1438901787383555,74.68896044264548,71.54507026390712,inf,True,True
2899,PV,RF,3.1418897744616436,73.4758157826079,70.33392600814625,inf,True,True
2900,PV,RF,3.139715876272877,72.17263740343834,69.03292152716547,inf,True,True
2901,PV,RF,3.137402208088038,70.80278464968771,67.66538244159968,inf,True,True
2902,PV,RF,3.1349778514198023,69.38603415220359,66.25105630078379,inf,True,True
2903,PV,RF,3.132468895587558,67.93960464991795,64.80713575433039,inf,True,True
2904,PV,RF,3.129898776691601,66.4784102755731,63.34851149888149,inf,True,True
2905,PV,RF,3.1272873762409312,65.01463811486819,61.88735073862726,inf,True,True
2906,PV,RF,3.124652193313799,63.558526799979326,60.433874606665526,inf,True,True
2907,PV,RF,3.122009263440207,62.11896410948783,58.99695484604762,inf,True,True
2908,PV,RF,3.119372006307863,60.7029440019131,57.58357199560524,inf,True,True
2909,PV,RF,3.11675186910583,59.31602315594164,56.19927128683581,inf,True,True
2910,PV,RF,3.114159644356925,57.963096577627766,54.84893693327084,inf,True,True
2911,PV,RF,3.1116043112610745,56.647848112298746,53.53624380103767,inf,True,True
2912,PV,RF,3.109093166530926,55.372898817412114,52.26380565088119,inf,True,True
2913,PV,RF,3.1066332866280186,54.14060765526523,51.03397436863721,inf,True,True
2914,PV,RF,3.104230625688418,52.952649192744026,49.84841856705561,inf,True,True
2915,PV,RF,3.101889678121692,51.809898058735946,48.70800838061425,inf,True,True
2916,PV,RF,3.0996148387744076,50.7131348272547,47.61351998848029,inf,True,True
2917,PV,RF,3.097409964497832,49.66284868090247,46.565438716404635,inf,True,True
2918,PV,RF,3.0952776330722176,48.65891228719995,45.56363465412774,inf,True,True
2919,PV,RF,3.093220222576578,47.701120428618495,44.60790020604192,inf,True,True
2920,PV,RF,3.0912400260403787,46.78925023421485,43.698010208174466,inf,True,True
2921,PV,RF,3.089338206035028,45.922591606469844,42.83325340043481,inf,True,True
2922,PV,RF,3.0875154952483586,45.10028907519945,42.01277357995109,inf,True,True
2923,PV,RF,3.08577281518433,44.32162567989432,41.23585286470999,inf,True,True
2924,PV,RF,3.084110072042315,43.585487369210725,40.50137729716841,inf,True,True
2925,PV,RF,3.0825264389831584,42.89050488173381,39.80797844275065,inf,True,True
2926,PV,RF,3.081021309545455,42.23547737419227,39.154456064646816,inf,True,True
2927,PV,RF,3.0795931165543617,41.61885685581568,38.539263739261315,inf,True,True
2928,PV,RF,3.078239178683943,41.038694600933724,37.96045542224978,inf,True,True
2929,PV,RF,3.0769567444650052,40.49309545893418,37.41613871446917,inf,True,True
2930,PV,RF,3.0757420112659544,39.97979917081639,36.90405715955044,inf,True,True
2931,PV,RF,3.0745895154436003,39.4959328202476,36.421343304804005,inf,True,True
2932,PV,RF,3.073493018326241,39.03839280299683,35.96489978467059,inf,True,True
2933,PV,RF,3.07244488143193,38.60358664297454,35.531141761542614,inf,True,True
2934,PV,RF,3.0714351313339696,38.18705537342969,35.11562024209572,inf,True,True
2935,PV,RF,3.0704525314341398,37.783928832229805,34.71347630079566,inf,True,True
2936,PV,RF,3.0694865212119113,37.38971985350809,34.320233332296176,inf,True,True
2937,PV,RF,3.068535357232118,37.003606487475466,33.93507113024335,inf,True,True
2938,PV,RF,3.0676512120256354,36.646504352617605,33.57885314059197,inf,True,True
2939,PV,RF,3.0671473774272338,36.44378364126475,33.37663626383752,inf,True,True
2940,PV,RF,3.07656092297412,40.3254644965663,37.24890357359218,inf,True,True
2941,PV,RF,3.088578868091834,45.579038314080954,42.49045944598912,inf,True,True
2942,PV,RF,3.099144649975011,50.488114334839146,47.388969684864136,inf,True,True
2943,PV,RF,3.1083594208342165,55.0036127920391,51.89525337120488,inf,True,True
2944,PV,RF,3.1162957385231977,59.07658337541013,55.96028763688693,inf,True,True
2945,PV,RF,3.123034544978981,62.67496448086145,59.55192993588247,inf,True,True
2946,PV,RF,3.1286618374627047,65.78246342780142,62.653801590338716,inf,True,True
2947,PV,RF,3.133266560803855,68.39730472297275,65.26403816216889,inf,True,True
2948,PV,RF,3.136938255773371,70.53019273748939,67.39325448171601,inf,True,True
2949,PV,RF,3.1397645444323583,72.2016409196287,69.06187637519635,inf,True,True
2950,PV,RF,3.141830287391725,73.43994587133645,70.29811558394472,inf,True,True
2951,PV,RF,3.1432167109693934,74.27902884923631,71.13581213826691,inf,True,True
2952,PV,RF,3.143999802092317,74.75583233843074,71.61183253633843,inf,True,True
2953,PV,RF,3.144250235874008,74.90875391670328,71.76450368082926,inf,True,True
2954,PV,RF,3.1440337611113254,74.77655613124776,71.63252237013643,inf,True,True
2955,PV,RF,3.1434103477894135,74.39673594937531,71.2533256015859,inf,True,True
2956,PV,RF,3.1424343629528337,73.80474658637269,70.66231222341986,inf,True,True
2957,PV,RF,3.1411555997020955,73.03394566270006,69.89279006299796,inf,True,True
2958,PV,RF,3.1396188940698067,72.11486469034959,68.97524579627978,inf,True,True
2959,PV,RF,3.1378641601992916,71.07489549844027,67.93703133824098,inf,True,True
2960,PV,RF,3.135927588511331,69.93879043470531,66.80286284619397,inf,True,True
2961,PV,RF,3.133841620694399,68.72851942447438,65.59467780377999,inf,True,True
2962,PV,RF,3.1316347174263006,67.46309081087894,64.33145609345264,inf,True,True
2963,PV,RF,3.1293324428152034,66.15918616440435,63.02985372158914,inf,True,True
2964,PV,RF,3.1269577664264463,64.83136049036814,61.7044027239417,inf,True,True
2965,PV,RF,3.124530596060353,63.49183953232984,60.36730893626949,inf,True,True
2966,PV,RF,3.1220685924775635,62.15105332138901,59.028984728911446,inf,True,True
2967,PV,RF,3.11958775597051,60.818026912680395,57.69843915670989,inf,True,True
2968,PV,RF,3.117101834392513,59.50013400530403,56.38303217091151,inf,True,True
2969,PV,RF,3.114622796190741,58.2034340845139,55.08881128832316,inf,True,True
2970,PV,RF,3.112161617828442,56.93315222541917,53.82099060759073,inf,True,True
2971,PV,RF,3.109727705772871,55.69343574826564,52.58370804249277,inf,True,True
2972,PV,RF,3.107329015365175,54.48748134992394,51.380152334558765,inf,True,True
2973,PV,RF,3.104972923481612,53.318026629748594,50.21305370626698,inf,True,True
2974,PV,RF,3.1026657957392487,52.187170350122365,49.084504554383116,inf,True,True
2975,PV,RF,3.1004127821559386,51.09631665518689,47.995903873030954,inf,True,True
2976,PV,RF,3.0982186517220516,50.046617380497246,46.948398728775196,inf,True,True
2977,PV,RF,3.096087599512624,49.03890024349905,45.94281264398643,inf,True,True
2978,PV,RF,3.09402278260947,48.07347577795737,44.9794529953479,inf,True,True
2979,PV,RF,3.09202700828051,47.15048626368508,44.05845925540457,inf,True,True
2980,PV,RF,3.090102819499093,46.269957216783084,43.17985439728399,inf,True,True
2981,PV,RF,3.088251858546953,45.43152004548342,42.34326818693646,inf,True,True
2982,PV,RF,3.0864753280147,44.63464019581615,41.54816486780145,inf,True,True
2983,PV,RF,3.0847743300671997,43.878777244461375,40.79400291439418,inf,True,True
2984,PV,RF,3.083149158037978,43.16307642825449,40.079927270216515,inf,True,True
2985,PV,RF,3.081599476985062,42.48646204435257,39.40486256736751,inf,True,True
2986,PV,RF,3.0801248329705624,41.84786650675116,38.7677416737806,inf,True,True
2987,PV,RF,3.078723967079582,41.245936073312606,38.16721210623302,inf,True,True
2988,PV,RF,3.0773946790565962,40.6789826702367,37.601587991180104,inf,True,True
2989,PV,RF,3.0761343730504764,40.145223976293785,37.069089603243306,inf,True,True
2990,PV,RF,3.074939455683376,39.6425311404945,36.56759168481112,inf,True,True
2991,PV,RF,3.0738048513988456,39.16823412102305,36.0944292696242,inf,True,True
2992,PV,RF,3.072724426480791,38.7193088269957,35.64658440051491,inf,True,True
2993,PV,RF,3.0716905197552027,38.29218808726099,35.22049756750579,inf,True,True
2994,PV,RF,3.07069322474474,37.88247628435627,34.811783059611535,inf,True,True
2995,PV,RF,3.0697209991233994,37.48521354815966,34.415492549036266,inf,True,True
2996,PV,RF,3.0687618498112044,37.09536544381622,34.02660359400502,inf,True,True
2997,PV,RF,3.0678071348272793,36.70935477794375,33.641547643116475,inf,True,True
2998,PV,RF,3.066861461332395,36.32899358886118,33.26213212752879,inf,True,True
2999,PV,RF,3.0658830123455223,35.937530270666905,32.87164725832138,inf,True,True
3000,PV,RF,3.0735305757264975,39.05401927430087,35.980488698574376,inf,True,True
3001,PV,RF,3.0842525469654336,43.64830555961324,40.56405301264781,inf,True,True
3002,PV,RF,3.094134655201809,48.12550813033735,45.031373475135545,inf,True,True
3003,PV,RF,3.1028708381890326,52.28710549624419,49.18423465805515,inf,True,True
3004,PV,RF,3.1104701100251697,56.06985601721003,52.95938590718486,inf,True,True
3005,PV,RF,3.1169906026979746,59.441579069031484,56.32458846633351,inf,True,True
3006,PV,RF,3.122500236729988,62.38482773762661,59.26232750089662,inf,True,True
3007,PV,RF,3.1270719833641167,64.89483284617938,61.767760862815265,inf,True,True
3008,PV,RF,3.13078099923299,66.97766523992183,63.846884240688844,inf,True,True
3009,PV,RF,3.133701228123024,68.64756159132469,65.51386036320166,inf,True,True
3010,PV,RF,3.1359054266648316,69.9258590638841,66.78995363721927,inf,True,True
3011,PV,RF,3.137465214916372,70.83985770175434,67.70239248683797,inf,True,True
3012,PV,RF,3.1384476421704433,71.41958629985835,68.2811386576879,inf,True,True
3013,PV,RF,3.138915281096903,71.69664625086487,68.55773096976797,inf,True,True
3014,PV,RF,3.1389284765221,71.70447447829571,68.56554600177361,inf,True,True
3015,PV,RF,3.1385420379543367,71.47545488985921,68.33691285190487,inf,True,True
3016,PV,RF,3.137805302520589,71.04018706449315,67.90238176197256,inf,True,True
3017,PV,RF,3.1367654109808756,70.4288171808111,67.29205176983022,inf,True,True
3018,PV,RF,3.1354645867139412,69.66895788822777,66.53349330151383,inf,True,True
3019,PV,RF,3.1339398907463325,68.78522433008057,65.65128443933423,inf,True,True
3020,PV,RF,3.132226313923722,67.80080809190045,64.66858177797673,inf,True,True
3021,PV,RF,3.130355345850364,66.73648451843191,63.60612917258155,inf,True,True
3022,PV,RF,3.128354055452318,65.61002383575354,62.48166978030122,inf,True,True
3023,PV,RF,3.1262474366916138,64.43750408032183,61.311256643630216,inf,True,True
3024,PV,RF,3.124058575241463,63.23338812275553,60.109329547514065,inf,True,True
3025,PV,RF,3.1218069164813214,62.00959874049748,58.88779182401616,inf,True,True
3026,PV,RF,3.1195097314314157,60.77639234605321,57.65688261462179,inf,True,True
3027,PV,RF,3.1171837940410034,59.543302026157,56.426118232115996,inf,True,True
3028,PV,RF,3.1148429404588542,58.31788190149046,55.2030389610316,inf,True,True
3029,PV,RF,3.112498751494296,57.10615957653517,53.99366082504088,inf,True,True
3030,PV,RF,3.1101632959392265,55.91410966008782,52.803946364148594,inf,True,True
3031,PV,RF,3.107846356970373,54.746260059904316,51.638413702933946,inf,True,True
3032,PV,RF,3.105555554121335,53.60583717084027,50.50028161671893,inf,True,True
3033,PV,RF,3.1032993211541235,52.496299389268835,49.39300006811471,inf,True,True
3034,PV,RF,3.1010845645937826,51.420193515860156,48.31910895126637,inf,True,True
3035,PV,RF,3.0989162518833044,50.37901419337472,47.28009794149142,inf,True,True
3036,PV,RF,3.0967999036712124,49.37444365028814,46.27764374661693,inf,True,True
3037,PV,RF,3.094740397427964,48.407786377865335,45.31304598043737,inf,True,True
3038,PV,RF,3.0927408777660133,47.47949086629498,44.38674998852897,inf,True,True
3039,PV,RF,3.090804505065389,46.58999787842373,43.49919337335834,inf,True,True
3040,PV,RF,3.088934641114494,45.73982822290667,42.650893581792175,inf,True,True
3041,PV,RF,3.0871330626018207,44.92878222930357,41.84164916670175,inf,True,True
3042,PV,RF,3.0854009494751633,44.15641618707514,41.07101523759997,inf,True,True
3043,PV,RF,3.0837403430774075,43.42269703987408,40.33895669679667,inf,True,True
3044,PV,RF,3.0821517874627933,42.72695790371647,39.644806116253676,inf,True,True
3045,PV,RF,3.0806346716737902,42.06807497595149,38.9874403042777,inf,True,True
3046,PV,RF,3.0791895268301306,41.445472057894,38.366282531063874,inf,True,True
3047,PV,RF,3.077815434776528,40.85799573185463,37.780180297078104,inf,True,True
3048,PV,RF,3.076509878897049,40.3038735410896,37.22736366219255,inf,True,True
3049,PV,RF,3.0752711115250264,39.78172816845959,36.70645705693456,inf,True,True
3050,PV,RF,3.07409596491982,39.289647923519766,36.215551958599946,inf,True,True
3051,PV,RF,3.072979119807609,38.82489733129186,35.75191821148425,inf,True,True
3052,PV,RF,3.0719149095051566,38.384681326709035,35.31276641720388,inf,True,True
3053,PV,RF,3.070896067796538,37.96562765185396,34.89473158405742,inf,True,True
3054,PV,RF,3.06991234896266,37.5632339719224,34.49332162295974,inf,True,True
3055,PV,RF,3.068952124153368,37.1725396206437,34.10358749649033,inf,True,True
3056,PV,RF,3.068004977864901,36.78918035027818,33.72117537241328,inf,True,True
3057,PV,RF,3.0670735894285377,36.41414180694536,33.34706821751682,inf,True,True
3058,PV,RF,3.066255570719572,36.08633655994508,33.02008098922551,inf,True,True
3059,PV,RF,3.0662558722671855,36.08645712719767,33.020201254930484,inf,True,True
3060,PV,RF,3.0699939499873947,37.59653065703643,34.52653670704904,inf,True,True
3061,PV,RF,3.0801393484948383,41.85412759945892,38.77398825096408,inf,True,True
3062,PV,RF,3.089461775300194,45.978632354027205,42.88917057872701,inf,True,True
3063,PV,RF,3.0977568362121914,49.82725463040086,46.72949779418867,inf,True,True
3064,PV,RF,3.1050330558927293,53.3476893214106,50.242656265517866,inf,True,True
3065,PV,RF,3.1113361992249753,56.51089797409998,53.39956177487501,inf,True,True
3066,PV,RF,3.1167206023171308,59.299591188868,56.18287058655087,inf,True,True
3067,PV,RF,3.1212455907910455,61.706839298466164,58.585593707675116,inf,True,True
3068,PV,RF,3.1249733295512607,63.73485909664502,60.60988576709376,inf,True,True
3069,PV,RF,3.127966095906164,65.3930761164187,62.26511002051253,inf,True,True
3070,PV,RF,3.1302862184041804,66.69736902201048,63.5670828036063,inf,True,True
3071,PV,RF,3.131995691469188,67.6690252618826,64.53702957041341,inf,True,True
3072,PV,RF,3.1331534926331415,68.3323042941551,65.19915080152195,inf,True,True
3073,PV,RF,3.133815596769232,68.71350792885038,65.57969233208114,inf,True,True
3074,PV,RF,3.1340360667945495,68.84075058237016,65.70671451557561,inf,True,True
3075,PV,RF,3.1338647912108133,68.74188678192493,65.60802199071412,inf,True,True
3076,PV,RF,3.1333474517195166,68.44383191364803,65.31048446192851,inf,True,True
3077,PV,RF,3.1325274680131727,67.9731453855757,64.84061791756253,inf,True,True
3078,PV,RF,3.1314443509191427,67.35465134216119,64.22320699124205,inf,True,True
3079,PV,RF,3.130133360160535,66.61092729663076,63.48079393647023,inf,True,True
3080,PV,RF,3.128627593750803,65.76326352542254,62.63463593167174,inf,True,True
3081,PV,RF,3.1269571812859396,64.83103541932819,61.70407823804225,inf,True,True
3082,PV,RF,3.1251484701135657,63.83115681344878,60.70600834333521,inf,True,True
3083,PV,RF,3.1232257898474614,62.779018028626474,59.655792238779014,inf,True,True
3084,PV,RF,3.1212116126990255,61.68854230359607,58.567330690897045,inf,True,True
3085,PV,RF,3.1191252579563136,60.571490995529714,57.4523657375734,inf,True,True
3086,PV,RF,3.1169841180992455,59.438166513786264,56.32118239568702,inf,True,True
3087,PV,RF,3.1148047102868084,58.29799716162807,55.183192451341256,inf,True,True
3088,PV,RF,3.1126010489058373,57.15871799645226,54.04611694754642,inf,True,True
3089,PV,RF,3.1103852914671895,56.026774247917665,52.916388956450476,inf,True,True
3090,PV,RF,3.1081694019854504,54.90821636370445,51.800046961719,inf,True,True
3091,PV,RF,3.1059634862745065,53.80788776620733,50.701924279932825,inf,True,True
3092,PV,RF,3.1037758911604705,52.72953811532478,49.625762224164305,inf,True,True
3093,PV,RF,3.1016150806426355,51.676792882263896,48.57517780162126,inf,True,True
3094,PV,RF,3.0994883099214445,50.65252527223906,47.55303696231761,inf,True,True
3095,PV,RF,3.0974012103511765,49.65870347106351,46.56130226071233,inf,True,True
3096,PV,RF,3.095359508237657,48.69724795132117,45.60188844308351,inf,True,True
3097,PV,RF,3.093368357699135,47.769727986632624,44.67635962893349,inf,True,True
3098,PV,RF,3.091431439065106,46.876970505029895,43.78553906596479,inf,True,True
3099,PV,RF,3.0895522864372156,46.019704399632786,42.93015211319557,inf,True,True
3100,PV,RF,3.087734420717125,45.198628588112996,42.11089416739587,inf,True,True
3101,PV,RF,3.0859800351188333,44.41383189022237,41.32785185510353,inf,True,True
3102,PV,RF,3.08429083533502,43.66519542762555,40.58090459229053,inf,True,True
3103,PV,RF,3.0826689030142553,42.95278200475407,39.87011310173982,inf,True,True
3104,PV,RF,3.0811151249459394,42.27614953191268,39.19503440696674,inf,True,True
3105,PV,RF,3.0796295342156617,41.634520821679246,38.55489128746358,inf,True,True
3106,PV,RF,3.078212647816985,41.027368712815836,37.94915606499885,inf,True,True
3107,PV,RF,3.07686388056078,40.45373502852466,37.37687114796388,inf,True,True
3108,PV,RF,3.0755813854075473,39.91217919223486,36.836597806827314,inf,True,True
3109,PV,RF,3.074363486237955,39.40139245139119,36.32702896515323,inf,True,True
3110,PV,RF,3.073207337351894,38.91963468463685,35.84642734728495,inf,True,True
3111,PV,RF,3.0721081999704483,38.46444658222593,35.39233838225548,inf,True,True
3112,PV,RF,3.0710605762915693,38.033132456492694,34.96207188020112,inf,True,True
3113,PV,RF,3.0700573064770564,37.62239307772371,34.55233577124665,inf,True,True
3114,PV,RF,3.0690883182781103,37.227828729776164,34.15874041149805,inf,True,True
3115,PV,RF,3.0681417376022875,36.84441087872339,33.7762691411211,inf,True,True
3116,PV,RF,3.067205899530765,36.46730148531347,33.40009558578271,inf,True,True
3117,PV,RF,3.066279013697806,36.09571032286938,33.02943130917157,inf,True,True
3118,PV,RF,3.0654304370768344,35.75717488908687,32.691744452010035,inf,True,True
3119,PV,RF,3.0651417748021306,35.64237550311077,32.57723372830864,inf,True,True
3120,PV,RF,3.066365006148809,36.13010510430076,33.06374009815195,inf,True,True
3121,PV,RF,3.076257535546972,40.19722383573864,37.12096630019167,inf,True,True
3122,PV,RF,3.0851026937129644,44.02414938595502,40.93904669224206,inf,True,True
3123,PV,RF,3.0929933898156725,47.59617080603224,44.503177416216566,inf,True,True
3124,PV,RF,3.099965548261559,50.88134688598417,47.781381337722614,inf,True,True
3125,PV,RF,3.106058401583083,53.854963460093444,50.74890505851036,inf,True,True
3126,PV,RF,3.111315633189151,56.50040113943421,53.38908550624506,inf,True,True
3127,PV,RF,3.115785062457843,58.809210884713266,55.69342582225542,inf,True,True
3128,PV,RF,3.119517537730915,60.78055706186128,57.661039524130366,inf,True,True
3129,PV,RF,3.1225652858628217,62.42010528931182,59.297540003449,inf,True,True
3130,PV,RF,3.1249814236142237,63.73930743995467,60.61432601634045,inf,True,True
3131,PV,RF,3.126819176712315,64.75439683681948,61.627577660107164,inf,True,True
3132,PV,RF,3.128130287996875,65.48483655351097,62.3567062655141,inf,True,True
3133,PV,RF,3.1289647000566614,65.95243012734588,62.823465427289214,inf,True,True
3134,PV,RF,3.129370572980434,66.18064788165609,63.05127730867565,inf,True,True
3135,PV,RF,3.129393193327604,66.19338194982397,63.06398875649637,inf,True,True
3136,PV,RF,3.12907481924713,66.01429886230565,62.88522404305852,inf,True,True
3137,PV,RF,3.128455297338205,65.66671416029612,62.53825886295792,inf,True,True
3138,PV,RF,3.1275714481452708,65.17285931087171,62.04528786272645,inf,True,True
3139,PV,RF,3.126456859575325,64.55346422198708,61.42700736241176,inf,True,True
3140,PV,RF,3.1251427568678305,63.8280140443259,60.702871287458066,inf,True,True
3141,PV,RF,3.123657796419182,63.0144651565119,59.89080736009272,inf,True,True
3142,PV,RF,3.12202769626451,62.12893273759266,59.00690504132815,inf,True,True
3143,PV,RF,3.1202760899058566,61.18609206264877,58.06581597274291,inf,True,True
3144,PV,RF,3.1184246806828377,60.19922134897919,57.08079666829635,inf,True,True
3145,PV,RF,3.116492717493026,59.17991240746722,56.0634196899742,inf,True,True
3146,PV,RF,3.114497661476368,58.138440183137305,55.023942521660935,inf,True,True
3147,PV,RF,3.112455642485123,57.08401970068247,53.971564058197345,inf,True,True
3148,PV,RF,3.110380862456351,56.024525168347424,52.91414430589107,inf,True,True
3149,PV,RF,3.108285984676703,54.96673356136306,51.85844757668635,inf,True,True
3150,PV,RF,3.1061828043693325,53.91670069861611,50.81051789424678,inf,True,True
3151,PV,RF,3.104081692900425,52.87951657734876,49.77543488444834,inf,True,True
3152,PV,RF,3.101991681545678,51.85939216654311,48.75740048499743,inf,True,True
3153,PV,RF,3.0999212340164295,50.86007474663594,47.76015351261951,inf,True,True
3154,PV,RF,3.097877840533581,49.88467904883645,46.786801208302876,inf,True,True
3155,PV,RF,3.0958678155026282,48.935626739804015,45.839758924301385,inf,True,True
3156,PV,RF,3.0938970539171406,48.01503632451649,44.92113927059935,inf,True,True
3157,PV,RF,3.091970853472521,47.124659593467854,44.032688739995336,inf,True,True
3158,PV,RF,3.090093481505906,46.265706295927046,43.17561281442114,inf,True,True
3159,PV,RF,3.0882688103031177,45.43916080476862,42.3508919944655,inf,True,True
3160,PV,RF,3.086500397567849,44.64583226669458,41.55933186912674,inf,True,True
3161,PV,RF,3.084790903321933,43.88610831938834,40.80131741606641,inf,True,True
3162,PV,RF,3.0831425238668406,43.160167725373704,40.07702520150686,inf,True,True
3163,PV,RF,3.0815573066411837,42.46812912666767,39.38657182002649,inf,True,True
3164,PV,RF,3.0800365093169995,41.809779816315185,38.72974330699819,inf,True,True
3165,PV,RF,3.0785807770302047,41.184667140317465,38.10608636328726,inf,True,True
3166,PV,RF,3.077190613355336,40.592309129357716,37.51511851600238,inf,True,True
3167,PV,RF,3.0758657613521847,40.03193563521257,36.956069873860386,inf,True,True
3168,PV,RF,3.0746050771067988,39.50244602841916,36.42784095131236,inf,True,True
3169,PV,RF,3.0734070174431887,39.00262257182662,35.92921555438343,inf,True,True
3170,PV,RF,3.072269064645517,38.53089502079442,35.4586259561489,inf,True,True
3171,PV,RF,3.0711872176593618,38.08514023488998,35.01395301723061,inf,True,True
3172,PV,RF,3.0701562770929245,37.66281134506773,34.5926550679748,inf,True,True
3173,PV,RF,3.0691692503549124,37.26070335912567,34.19153410877076,inf,True,True
3174,PV,RF,3.068216440923895,36.87459742237732,33.80638098145342,inf,True,True
3175,PV,RF,3.0672856819365055,36.49937526151117,33.432089579574665,inf,True,True
3176,PV,RF,3.066363009124979,36.12930616084672,33.06294315172174,inf,True,True
3177,PV,RF,3.0654353571654793,35.759133167697655,32.69369781053218,inf,True,True
3178,PV,RF,3.0644949903970495,35.385816697844845,32.321321707447794,inf,True,True
3179,PV,RF,3.0634432135838727,34.97056511490397,31.907121901320096,inf,True,True
3180,PV,RF,3.0638639927115188,35.13640271154364,32.07253871883212,inf,True,True
3181,PV,RF,3.0727277302180873,38.72067752022571,35.64794979000763,inf,True,True
3182,PV,RF,3.0810424919932373,42.244658875064616,39.16361638307138,inf,True,True
3183,PV,RF,3.08855160228236,45.566728397498316,42.47817679521596,inf,True,True
3184,PV,RF,3.095241184300157,48.64185164846531,45.546610464165155,inf,True,True
3185,PV,RF,3.1011361711048666,51.445122317606746,48.34398614650188,inf,True,True
3186,PV,RF,3.106269514218085,53.959756585988565,50.85348707177048,inf,True,True
3187,PV,RF,3.1106792823523364,56.17618492532535,53.065505642973015,inf,True,True
3188,PV,RF,3.1144071765444483,58.09147046328931,54.977063286744865,inf,True,True
3189,PV,RF,3.117496262760187,59.70805465015038,56.590558387390196,inf,True,True
3190,PV,RF,3.119991286599733,61.03363569475828,57.91364440815855,inf,True,True
3191,PV,RF,3.12193853665537,62.080723723326045,58.958785186670674,inf,True,True
3192,PV,RF,3.123383052742952,62.86466357986931,59.74128052712636,inf,True,True
3193,PV,RF,3.124368614924726,63.40307316429282,60.27870454936809,inf,True,True
3194,PV,RF,3.124938945492539,63.71596445600122,60.59102551050868,inf,True,True
3195,PV,RF,3.1251350692895743,63.82378537936825,60.698650310078676,inf,True,True
3196,PV,RF,3.1249951375371565,63.746844799080066,60.62184966154291,inf,True,True
3197,PV,RF,3.1245564896069364,63.506036564747205,60.38148007514027,inf,True,True
3198,PV,RF,3.1238535899183715,63.12135652320946,59.99750293329109,inf,True,True
3199,PV,RF,3.122917532099614,62.61135279969007,59.488435267590454,inf,True,True
3200,PV,RF,3.1217782371779834,61.99410774748969,58.87232951031171,inf,True,True
3201,PV,RF,3.120463351055764,61.286462141216674,58.16599879016091,inf,True,True
3202,PV,RF,3.1189972568124404,60.50336874449569,57.38437148768325,inf,True,True
3203,PV,RF,3.1174029089260804,59.65880359775518,56.5414006888291,inf,True,True
3204,PV,RF,3.1157018933274294,58.76573627799771,55.65003438467028,inf,True,True
3205,PV,RF,3.1139129016944826,57.835302953678735,54.72139005198425,inf,True,True
3206,PV,RF,3.112052980000413,56.877469461285834,53.76541648128542,inf,True,True
3207,PV,RF,3.110138682438605,55.90162641055568,52.791487728117076,inf,True,True
3208,PV,RF,3.108184141167546,54.91561247754407,51.807428336376525,inf,True,True
3209,PV,RF,3.106201699887955,53.926081578529356,50.8198798786414,inf,True,True
3210,PV,RF,3.1042038304900337,52.93948723136142,49.83528340087138,inf,True,True
3211,PV,RF,3.1022011222908743,51.961102280104214,48.85890115781334,inf,True,True
3212,PV,RF,3.1002023547244253,50.995107022519655,47.89490466779523,inf,True,True
3213,PV,RF,3.098216671842874,50.0456757713628,46.947459099519925,inf,True,True
3214,PV,RF,3.096251956576589,49.11620931990316,46.019957363326576,inf,True,True
3215,PV,RF,3.094314366768039,48.20915832697247,45.11484396020443,inf,True,True
3216,PV,RF,3.092410302505156,47.32697958403255,44.23456928152739,inf,True,True
3217,PV,RF,3.090545579113882,46.4717600101724,43.381214431058524,inf,True,True
3218,PV,RF,3.0887244204512894,45.64478268243982,42.556058261988525,inf,True,True
3219,PV,RF,3.086950950592702,44.84723620313404,41.76028525254134,inf,True,True
3220,PV,RF,3.085229346252322,44.080289638113186,40.99506029186087,inf,True,True
3221,PV,RF,3.0835623393409772,43.34443873868998,40.260876399349,inf,True,True
3222,PV,RF,3.0819521432342833,42.63994252920234,39.557990385968054,inf,True,True
3223,PV,RF,3.080401504459239,41.96729028032076,38.88688877586152,inf,True,True
3224,PV,RF,3.0789118756346827,41.326411763404764,38.24749988777008,inf,True,True
3225,PV,RF,3.077483792176437,40.716862194784134,37.6393784026077,inf,True,True
3226,PV,RF,3.076118509369177,40.138528781499765,37.06241027213059,inf,True,True
3227,PV,RF,3.074816131427477,39.59083573122666,36.516019599799186,inf,True,True
3228,PV,RF,3.0735754616408832,39.0726991189574,35.99912365731652,inf,True,True
3229,PV,RF,3.0723957426367314,38.58326312113694,35.51086737850021,inf,True,True
3230,PV,RF,3.0712750743755697,38.12124153191935,35.04996645754378,inf,True,True
3231,PV,RF,3.0702096348046553,37.684611020941546,34.61440138613689,inf,True,True
3232,PV,RF,3.0691949900974205,37.271161911818155,34.20196692172073,inf,True,True
3233,PV,RF,3.068224958709922,36.87804012553347,33.80981516682355,inf,True,True
3234,PV,RF,3.067290036857445,36.50112641350993,33.433836376652486,inf,True,True
3235,PV,RF,3.066378286678492,36.13541843056656,33.06904014388807,inf,True,True
3236,PV,RF,3.0654768927588703,35.7756671577883,32.710190265029425,inf,True,True
3237,PV,RF,3.0645814167028504,35.42004619327189,32.355464776569036,inf,True,True
3238,PV,RF,3.0637611323252236,35.095827656508106,32.03206652418288,inf,True,True
3239,PV,RF,3.063547848216188,35.01176765615261,31.948219807936418,inf,True,True
3240,PV,RF,3.061047986957182,34.03389317473889,30.97284518778171,inf,True,True
3241,PV,RF,3.0693325245724523,37.327069874929016,34.257737350356564,inf,True,True
3242,PV,RF,3.077216866140944,40.60345417380505,37.526237307664104,inf,True,True
3243,PV,RF,3.0843900941746587,43.708997049625395,40.62460695545074,inf,True,True
3244,PV,RF,3.0908255983126125,46.59963733128356,43.50881173297095,inf,True,True
3245,PV,RF,3.0965399407252416,49.25183432839356,46.15529438766831,inf,True,True
3246,PV,RF,3.1015576429060085,51.64897606658192,48.547418423675914,inf,True,True
3247,PV,RF,3.1059085783163924,53.780665739678106,50.67475716136171,inf,True,True
3248,PV,RF,3.109626552779873,55.64226487369842,52.53263832091855,inf,True,True
3249,PV,RF,3.112746881396667,57.23369411217837,54.1209472307817,inf,True,True
3250,PV,RF,3.115307208040746,58.55969070342773,55.44438349538698,inf,True,True
3251,PV,RF,3.117347635934477,59.6296547373996,56.51230710146512,inf,True,True
3252,PV,RF,3.1189073856935017,60.45556753738847,57.336660151694964,inf,True,True
3253,PV,RF,3.120024990326284,61.051665152902984,57.9316401625767,inf,True,True
3254,PV,RF,3.1207400095769264,61.434935049374744,58.314195039797816,inf,True,True
3255,PV,RF,3.1210896439331792,61.622890661289745,58.50180101735656,inf,True,True
3256,PV,RF,3.1211085590650445,61.633069186621874,58.51196062755683,inf,True,True
3257,PV,RF,3.120831593043058,61.48413380332746,58.3633022102844,inf,True,True
3258,PV,RF,3.120290995331948,61.19407748548086,58.07378649014891,inf,True,True
3259,PV,RF,3.1195157694571147,60.77961365988245,57.660097890425334,inf,True,True
3260,PV,RF,3.118534468321338,60.25746647630527,57.13893200798393,inf,True,True
3261,PV,RF,3.1173736725807624,59.64338438143392,56.52601070885316,inf,True,True
3262,PV,RF,3.116056665554136,58.95132099642814,55.835264330874004,inf,True,True
3263,PV,RF,3.114605718377956,58.19456142368459,55.07995570530663,inf,True,True
3264,PV,RF,3.1130421020845875,57.385655318648126,54.27261321656354,inf,True,True
3265,PV,RF,3.1113840587334733,56.53532981562343,53.42394575688996,inf,True,True
3266,PV,RF,3.1096483204421808,55.653274254750166,52.54362593430798,inf,True,True
3267,PV,RF,3.1078515711952437,54.74887193522418,51.64102036402894,inf,True,True
3268,PV,RF,3.106007892510552,53.82990918650939,50.723901293998836,inf,True,True
3269,PV,RF,3.104129493722602,52.90298251167052,49.79885301794792,inf,True,True
3270,PV,RF,3.1022291950449357,51.97474389262866,48.872514697583725,inf,True,True
3271,PV,RF,3.10031775989852,51.05059944062715,47.95028168072863,inf,True,True
3272,PV,RF,3.0984039309039266,50.13477860002882,47.03637466912489,inf,True,True
3273,PV,RF,3.0964972445465406,49.231713445146504,46.13521620059996,inf,True,True
3274,PV,RF,3.0946058774427696,48.34501993692236,45.250414059479596,inf,True,True
3275,PV,RF,3.0927360209063135,47.47724818077656,44.38451215987025,inf,True,True
3276,PV,RF,3.0908943986214963,46.63108616994712,43.540191771325624,inf,True,True
3277,PV,RF,3.0890871843244545,45.808864028746534,42.71977684442208,inf,True,True
3278,PV,RF,3.0873186897127116,45.011984849665396,41.924666159952686,inf,True,True
3279,PV,RF,3.0855932518154656,44.24180924477037,41.156215992954905,inf,True,True
3280,PV,RF,3.0839154424052504,43.49975203736781,40.41583659496256,inf,True,True
3281,PV,RF,3.0822881334171024,42.786438708990175,39.704150575573074,inf,True,True
3282,PV,RF,3.080713650995201,42.10224208347131,39.02152843247611,inf,True,True
3283,PV,RF,3.0791951688951897,41.44789330777223,38.36869813887704,inf,True,True
3284,PV,RF,3.077734352651788,40.823466977898114,37.745732625246326,inf,True,True
3285,PV,RF,3.076331817030243,40.228602739317296,37.15227092228705,inf,True,True
3286,PV,RF,3.074989301395419,39.66343547563465,36.58844617423923,inf,True,True
3287,PV,RF,3.0737072617194783,39.12757587280191,36.053868611082436,inf,True,True
3288,PV,RF,3.0724846976010647,38.62005838683629,35.54757368923523,inf,True,True
3289,PV,RF,3.0713214730991383,38.140314291771425,35.068992818672285,inf,True,True
3290,PV,RF,3.070216332286571,37.687347775873555,34.617131443586985,inf,True,True
3291,PV,RF,3.0691659862791534,37.25937720795623,34.190211221677075,inf,True,True
3292,PV,RF,3.0681668942250018,36.85457492521505,33.786408030990046,inf,True,True
3293,PV,RF,3.067213907161289,36.47052004200253,33.403306134841245,inf,True,True
3294,PV,RF,3.06629829848888,36.10342232755031,33.03712402906143,inf,True,True
3295,PV,RF,3.065408741063936,35.74854014302541,32.683131401961475,inf,True,True
3296,PV,RF,3.0645326302508815,35.40072210672332,32.33618947647244,inf,True,True
3297,PV,RF,3.0636653765724082,35.05807590881161,31.9944105322392,inf,True,True
3298,PV,RF,3.0628835307357365,34.750580939496786,31.68769740876105,inf,True,True
3299,PV,RF,3.062797079675043,34.71666203040902,31.653864950733976,inf,True,True
3300,PV,RF,3.057654105632782,32.72789049272061,29.67023638708783,inf,True,True
3301,PV,RF,3.0659949132628572,35.98219331216611,32.916198398903255,inf,True,True
3302,PV,RF,3.073575330938019,39.07264471864808,35.99906938771006,inf,True,True
3303,PV,RF,3.0804645134049675,41.994512830961774,38.914048317556805,inf,True,True
3304,PV,RF,3.0866786701093707,44.72546414091491,41.63878547080554,inf,True,True
3305,PV,RF,3.0922340797535424,47.245789998902836,44.15355591914929,inf,True,True
3306,PV,RF,3.0971487640813633,49.53925069873686,46.4421019346555,inf,True,True
3307,PV,RF,3.101445878146065,51.59487359152491,48.49342771337884,inf,True,True
3308,PV,RF,3.105152659999297,53.40671735300234,50.301564693003044,inf,True,True
3309,PV,RF,3.108297615677732,54.97257361234996,51.86427599667223,inf,True,True
3310,PV,RF,3.1109126128833253,56.294935905723385,53.18402329284006,inf,True,True
3311,PV,RF,3.1130325922800246,57.380756486101454,54.267723893821426,inf,True,True
3312,PV,RF,3.1146915711908045,58.23917395819289,55.12448238700209,inf,True,True
3313,PV,RF,3.115923793329537,58.881772554424636,55.7658487610951,inf,True,True
3314,PV,RF,3.1167651603435247,59.323009083347294,56.20624392300377,inf,True,True
3315,PV,RF,3.1172494557675474,59.57789977837408,56.46065032260653,inf,True,True
3316,PV,RF,3.117408402045527,59.6617009352887,56.54429253324317,inf,True,True
3317,PV,RF,3.1172744708689146,59.591083695063936,56.47380922419502,inf,True,True
3318,PV,RF,3.116878044921622,59.38236193045311,56.26548388553149,inf,True,True
3319,PV,RF,3.1162461969270483,59.050612725321365,55.934366528394314,inf,True,True
3320,PV,RF,3.1154061073678094,58.611279838455104,55.49587373108729,inf,True,True
3321,PV,RF,3.1143835957044574,58.07923368503097,54.96485008932651,inf,True,True
3322,PV,RF,3.113200745281018,57.467415096791335,54.354214351510315,inf,True,True
3323,PV,RF,3.111879137586919,56.788433739246095,53.67655460165918,inf,True,True
3324,PV,RF,3.11043992586321,56.054522359059185,52.94408243319597,inf,True,True
3325,PV,RF,3.1089007094497276,55.27589590687471,52.16699519742498,inf,True,True
3326,PV,RF,3.1072779478231114,54.461976038791924,51.35469809096881,inf,True,True
3327,PV,RF,3.105588476199601,53.62212715232016,50.51653867612056,inf,True,True
3328,PV,RF,3.1038461878327093,52.76399279453588,49.66014660670317,inf,True,True
3329,PV,RF,3.1020632262074788,51.89412329749593,48.792060071288454,inf,True,True
3330,PV,RF,3.1002526020296575,51.0192641310542,47.919011529024544,inf,True,True
3331,PV,RF,3.098425262343338,50.14493436657018,47.04650910422684,inf,True,True
3332,PV,RF,3.0965899194437982,49.27539304016201,46.17880312071821,inf,True,True
3333,PV,RF,3.0947562681931338,48.41519460847438,45.32043834028124,inf,True,True
3334,PV,RF,3.092932926125049,47.56821748019314,44.47528455406809,inf,True,True
3335,PV,RF,3.0911260014203386,46.73703834228968,43.645912340869344,inf,True,True
3336,PV,RF,3.08934235120227,45.92447090407032,42.83512855286805,inf,True,True
3337,PV,RF,3.0875887003573226,45.133159266772985,42.04557056641566,inf,True,True
3338,PV,RF,3.0858692483432435,44.364522487028225,41.27865323868498,inf,True,True
3339,PV,RF,3.0841884496613146,43.620038616593405,40.53585016693209,inf,True,True
3340,PV,RF,3.0825514018310827,42.901413737861546,39.81886233603046,inf,True,True
3341,PV,RF,3.0809609223295715,42.20930841320919,39.12834749087962,inf,True,True
3342,PV,RF,3.0794194498283307,41.544201907692035,38.464782457863706,inf,True,True
3343,PV,RF,3.077930575373492,40.90705442601405,37.829123850640556,inf,True,True
3344,PV,RF,3.076496075303279,40.29803583802281,37.22153976271953,inf,True,True
3345,PV,RF,3.0751166938631362,39.71688725862389,36.641770564760755,inf,True,True
3346,PV,RF,3.0737945091676697,39.163924267943095,36.090129758775426,inf,True,True
3347,PV,RF,3.072530377797108,38.63896046688544,35.566430089088335,inf,True,True
3348,PV,RF,3.0713235243117354,38.141157579537314,35.06983405522558,inf,True,True
3349,PV,RF,3.0701742901505535,37.67016999568418,34.59999570553362,inf,True,True
3350,PV,RF,3.069082303567688,37.22538613623793,34.15630383267024,inf,True,True
3351,PV,RF,3.0680448850414805,36.80529260267933,33.73724771763785,inf,True,True
3352,PV,RF,3.067059537970178,36.40849847386913,33.34143893589895,inf,True,True
3353,PV,RF,3.066122776423815,36.03326113203462,32.9671383556108,inf,True,True
3354,PV,RF,3.0652271702675202,35.676317744668594,32.611090574401075,inf,True,True
3355,PV,RF,3.064362671380743,35.3334428908937,32.26908021951296,inf,True,True
3356,PV,RF,3.0635161988284727,34.999302387612566,31.935786188784093,inf,True,True
3357,PV,RF,3.062670074841609,34.66686140869744,31.604191333855834,inf,True,True
3358,PV,RF,3.061806389816012,34.32912598771807,31.26731959790206,inf,True,True
3359,PV,RF,3.0608262030530806,33.947791644583674,30.88696544153059,inf,True,True
3360,PV,RF,3.0551990252460577,31.79848754858306,28.743288523337004,inf,True,True
3361,PV,RF,3.062861610017248,34.74197884857992,31.67911723856267,inf,True,True
3362,PV,RF,3.0700943474456874,37.63751754154738,34.56742319410169,inf,True,True
3363,PV,RF,3.076729839670363,40.39695677745825,37.320226937787886,inf,True,True
3364,PV,RF,3.082755263332194,42.99055719816209,39.90780193482989,inf,True,True
3365,PV,RF,3.088178991438204,45.39868421123515,42.310505219796944,inf,True,True
3366,PV,RF,3.0930067315444285,47.60234012636393,44.5093333948195,inf,True,True
3367,PV,RF,3.0972574288647956,49.59064890010211,46.49339147123732,inf,True,True
3368,PV,RF,3.1009570402946225,51.35862192190438,48.257664881609756,inf,True,True
3369,PV,RF,3.104123699981378,52.90013798041086,49.79601428042948,inf,True,True
3370,PV,RF,3.1067835387227456,54.215409675594465,51.10862613687172,inf,True,True
3371,PV,RF,3.1089730478406317,55.31234435433252,52.20337130649189,inf,True,True
3372,PV,RF,3.1107188594904356,56.19631674144609,53.08559788195566,inf,True,True
3373,PV,RF,3.1120479300126087,56.87488186365924,53.76283393364663,inf,True,True
3374,PV,RF,3.1129991098832335,57.36351053638437,54.250511426501134,inf,True,True
3375,PV,RF,3.113602604719,57.67483479761113,54.561232192892135,inf,True,True
3376,PV,RF,3.1138820313886457,57.81932651158536,54.70544448019671,inf,True,True
3377,PV,RF,3.1138727220868656,57.81450915162286,54.70063642953599,inf,True,True
3378,PV,RF,3.1136053169081084,57.67623622417527,54.56263090726716,inf,True,True
3379,PV,RF,3.1130989657278487,57.41495301935037,54.30185405362252,inf,True,True
3380,PV,RF,3.112382350707617,57.04639042110354,53.93400807039592,inf,True,True
3381,PV,RF,3.1114847046815592,56.58672924869924,53.475244544017684,inf,True,True
3382,PV,RF,3.1104213815834916,56.045103039493284,52.93468165790979,inf,True,True
3383,PV,RF,3.1092133442640857,55.43352231425368,52.324308969989595,inf,True,True
3384,PV,RF,3.1078871915765127,54.76671662702405,51.658829435447544,inf,True,True
3385,PV,RF,3.10645581932952,54.05233470884996,50.94587888952044,inf,True,True
3386,PV,RF,3.104932806197136,53.298242534651024,50.19330972845389,inf,True,True
3387,PV,RF,3.103341160565895,52.51675210415552,49.413410943589625,inf,True,True
3388,PV,RF,3.101692610595161,51.714353907577404,48.612661296982246,inf,True,True
3389,PV,RF,3.099994572954175,50.89528234237427,47.7952877694201,inf,True,True
3390,PV,RF,3.0982657025254174,50.06899718834126,46.97073148581584,inf,True,True
3391,PV,RF,3.0965174390515022,49.24122967508803,46.144712236036526,inf,True,True
3392,PV,RF,3.094752726445773,48.41354132003198,45.318788593586206,inf,True,True
3393,PV,RF,3.0929853544087518,47.59245538471054,44.49947003030179,inf,True,True
3394,PV,RF,3.09122681902111,46.78320109385195,43.69197427483084,inf,True,True
3395,PV,RF,3.089477392698199,45.98571776797319,42.89624037527499,inf,True,True
3396,PV,RF,3.0877458319594853,45.20375761288326,42.11601178092377,inf,True,True
3397,PV,RF,3.0860435265935893,44.44210423327855,41.35606070668496,inf,True,True
3398,PV,RF,3.08436970837618,43.69999914488292,40.615629436506744,inf,True,True
3399,PV,RF,3.0827283325387658,42.978775401836266,39.8960470692975,inf,True,True
3400,PV,RF,3.0811301290620956,42.28265624471342,39.201526115651326,inf,True,True
3401,PV,RF,3.0795745573600857,41.6108753658365,38.531300808476416,inf,True,True
3402,PV,RF,3.078061390627087,40.96282900687434,37.88476761624725,inf,True,True
3403,PV,RF,3.0765999209811525,40.341964171113446,37.26536425013229,inf,True,True
3404,PV,RF,3.0751906393024644,39.74793058386257,36.67273994456011,inf,True,True
3405,PV,RF,3.073830066537577,39.17874288767467,36.1049128211371,inf,True,True
3406,PV,RF,3.072525236057313,38.63683262245768,35.56430738640037,inf,True,True
3407,PV,RF,3.0712779803430017,38.12243592292517,35.051157942582165,inf,True,True
3408,PV,RF,3.070082664664172,37.63274692938726,34.56266426472309,inf,True,True
3409,PV,RF,3.068943330960337,37.16897137395433,34.10002804299399,inf,True,True
3410,PV,RF,3.0678629091593717,36.73184977316124,33.66398686400186,inf,True,True
3411,PV,RF,3.0668345034898272,36.318179835657666,33.25134533216784,inf,True,True
3412,PV,RF,3.065858223890248,35.92764017863375,32.861781954743506,inf,True,True
3413,PV,RF,3.0649365123153673,35.560855041184574,32.495918528869204,inf,True,True
3414,PV,RF,3.0640601236402363,35.21383399192877,32.149773868288534,inf,True,True
3415,PV,RF,3.0632214038827454,34.88330085300948,31.820079449126734,inf,True,True
3416,PV,RF,3.0624160308941892,34.56735193673623,31.50493590584204,inf,True,True
3417,PV,RF,3.0616316977024223,34.26101108805228,31.199379390349854,inf,True,True
3418,PV,RF,3.0608978175020343,33.97558238101492,30.914684563512882,inf,True,True
3419,PV,RF,3.0605338186534574,33.83444367135244,30.77390985269898,inf,True,True
3420,PV,RF,3.052679146634398,30.857813452458142,27.805134305823746,inf,True,True
3421,PV,RF,3.059759661634925,33.5352178115394,30.475458149904473,inf,True,True
3422,PV,RF,3.066711870273492,36.269007543151126,33.20229567287763,inf,True,True
3423,PV,RF,3.073133195042863,38.88884387269102,35.815710677648156,inf,True,True
3424,PV,RF,3.0790045874712417,41.36614778611273,38.28714319864149,inf,True,True
3425,PV,RF,3.084338783725051,43.686351485087044,40.60201270136199,inf,True,True
3426,PV,RF,3.089096614855759,45.81313382843645,42.72403721358069,inf,True,True
3427,PV,RF,3.093303578893609,47.73971947899501,44.6464159001014,inf,True,True
3428,PV,RF,3.0970130292476368,49.47509066204597,46.37807763279834,inf,True,True
3429,PV,RF,3.1002034930426974,50.995654212905414,47.895450719862716,inf,True,True
3430,PV,RF,3.1028898860847667,52.296394807585564,49.1935049215008,inf,True,True
3431,PV,RF,3.1051477196146413,53.4042783793579,50.299130659743255,inf,True,True
3432,PV,RF,3.106977218989716,54.31192153401689,51.20494431502718,inf,True,True
3433,PV,RF,3.108375919029818,55.011900103261915,51.9035241842321,inf,True,True
3434,PV,RF,3.1094235842337565,55.53967212910647,52.43024854487271,inf,True,True
3435,PV,RF,3.110143074773604,55.90385395323105,52.793710878457446,inf,True,True
3436,PV,RF,3.1105156416861233,56.09299098296755,52.98247534128143,inf,True,True
3437,PV,RF,3.110609936098161,56.14092073251727,53.030310796419116,inf,True,True
3438,PV,RF,3.110469670016883,56.069632473549085,52.9591628035322,inf,True,True
3439,PV,RF,3.110066847810583,55.86520345973558,52.755136611924996,inf,True,True
3440,PV,RF,3.109448518498363,55.55226938435583,52.44282086585747,inf,True,True
3441,PV,RF,3.10867442304757,55.16197092024255,52.053296497194985,inf,True,True
3442,PV,RF,3.107716644681334,54.681309055644334,51.573592410963,inf,True,True
3443,PV,RF,3.1065958944450576,54.122001612756804,51.01540571831175,inf,True,True
3444,PV,RF,3.105380466986455,53.51925185653572,50.413871389549264,inf,True,True
3445,PV,RF,3.10405131018093,52.86460451607443,49.7605532058935,inf,True,True
3446,PV,RF,3.102603401960041,52.15678228928926,49.05417888732922,inf,True,True
3447,PV,RF,3.1011047339761166,51.42993561942467,48.32883088544855,inf,True,True
3448,PV,RF,3.0995513890880444,50.68273614513021,47.583184756042165,inf,True,True
3449,PV,RF,3.0979175579504172,49.9035357040246,46.80561814607418,inf,True,True
3450,PV,RF,3.096262216457935,49.12103755788114,46.0247753414232,inf,True,True
3451,PV,RF,3.094599273195794,48.341939595298946,45.24734032210315,inf,True,True
3452,PV,RF,3.092890083057069,47.54841596214387,44.4555258790868,inf,True,True
3453,PV,RF,3.0911773710098376,46.76055651173287,43.66937914072304,inf,True,True
3454,PV,RF,3.08949191435907,45.9923065957603,42.902814681401225,inf,True,True
3455,PV,RF,3.0877913453992374,45.22421773790022,42.13642639250098,inf,True,True
3456,PV,RF,3.086097634236922,44.466205675816276,41.380108041579355,inf,True,True
3457,PV,RF,3.08445433778852,43.73735945498231,40.65290511719379,inf,True,True
3458,PV,RF,3.0828238844367197,43.02058561620774,39.93776173177102,inf,True,True
3459,PV,RF,3.0812064019922225,42.31574109235347,39.234534690361244,inf,True,True
3460,PV,RF,3.079651903873363,41.64414399538301,38.56449209150965,inf,True,True
3461,PV,RF,3.078134370946743,40.993962245190566,37.915827874243824,inf,True,True
3462,PV,RF,3.076634241735288,40.35648784436426,37.279853602628975,inf,True,True
3463,PV,RF,3.0752006942046073,39.75215273857374,36.67695204436913,inf,True,True
3464,PV,RF,3.073823427726132,39.17597592852893,36.102152500802795,inf,True,True
3465,PV,RF,3.072468060738345,38.61317536626978,35.540707305531434,inf,True,True
3466,PV,RF,3.071175921100238,38.08049961408543,35.00932369298519,inf,True,True
3467,PV,RF,3.0699536435687107,37.5800820627059,34.51012841913719,inf,True,True
3468,PV,RF,3.068758848689986,37.0941488525432,34.02539000385321,inf,True,True
3469,PV,RF,3.0676193544750667,36.63366962773922,33.56605027326415,inf,True,True
3470,PV,RF,3.066557255326435,36.2070588668106,33.14050161148416,inf,True,True
3471,PV,RF,3.0655297105517203,35.79669770757046,32.73116799701874,inf,True,True
3472,PV,RF,3.064547753449134,35.40671177767487,32.34216402422574,inf,True,True
3473,PV,RF,3.0636450102337145,35.05004905185531,31.986404041621597,inf,True,True
3474,PV,RF,3.0627845845207147,34.711760925160746,31.648976340640033,inf,True,True
3475,PV,RF,3.061958852096449,34.388627205046724,31.326668352950275,inf,True,True
3476,PV,RF,3.0612053254392015,34.0950399729734,31.033834647534203,inf,True,True
3477,PV,RF,3.060503840267165,33.8228324446169,30.762328604349733,inf,True,True
3478,PV,RF,3.0599134182983994,33.594544896852184,30.534631478553784,inf,True,True
3479,PV,RF,3.0601300444270505,33.67821651904791,30.618086474620856,inf,True,True
3480,PV,RF,3.049199142287127,29.580595897395966,26.53139675510884,inf,True,True
3481,PV,RF,3.0565271027699388,32.29965860061217,29.24313149784223,inf,True,True
3482,PV,RF,3.0634262909757934,34.96390365170446,31.90047736072867,inf,True,True
3483,PV,RF,3.069645475093666,37.45444214270046,34.38479666760679,inf,True,True
3484,PV,RF,3.0753729675126102,39.82452800249778,36.749155034985165,inf,True,True
3485,PV,RF,3.0807440005087745,42.11537542796952,39.034631427460745,inf,True,True
3486,PV,RF,3.085434413108476,44.17126954245008,41.0858351293416,inf,True,True
3487,PV,RF,3.089538032937874,46.01323513129669,42.923697098358815,inf,True,True
3488,PV,RF,3.093349663894603,47.76106708532483,44.667717421430225,inf,True,True
3489,PV,RF,3.09658760686396,49.274302808215964,46.177715201352,inf,True,True
3490,PV,RF,3.0991989867910004,50.51408945751144,47.41489047072044,inf,True,True
3491,PV,RF,3.1015733977631794,51.65660521075105,48.55503181298787,inf,True,True
3492,PV,RF,3.103541393854893,52.614697676947216,49.511156283092326,inf,True,True
3493,PV,RF,3.1048973723595226,53.28077166708692,50.17587429472739,inf,True,True
3494,PV,RF,3.106040255047,53.84596135613483,50.73992110108783,inf,True,True
3495,PV,RF,3.1069570870455956,54.30188499196225,51.19492790491665,inf,True,True
3496,PV,RF,3.1073269282524154,54.48643881908342,51.379111890831005,inf,True,True
3497,PV,RF,3.1074756352452786,54.560748606024255,51.453272970778976,inf,True,True
3498,PV,RF,3.1075561107515624,54.600987551570086,51.493431440818526,inf,True,True
3499,PV,RF,3.1071969250148856,54.42152419137603,51.31432726636115,inf,True,True
3500,PV,RF,3.106589005353288,54.11857406639156,51.011985061038274,inf,True,True
3501,PV,RF,3.1060260134028588,53.83889700105919,50.73287098765633,inf,True,True
3502,PV,RF,3.1051596657132925,53.41017605163311,50.305016385919814,inf,True,True
3503,PV,RF,3.104014955234443,52.84676444888885,49.74274949365441,inf,True,True
3504,PV,RF,3.1029746338326056,52.33773629233498,49.23476165850238,inf,True,True
3505,PV,RF,3.101779188604744,51.75631699359554,48.654537804990795,inf,True,True
3506,PV,RF,3.100290270800133,51.037378216788724,47.937087945988594,inf,True,True
3507,PV,RF,3.098913627038269,50.37776114930283,47.278847522264556,inf,True,True
3508,PV,RF,3.097523877254499,49.716805771181924,46.61928189392742,inf,True,True
3509,PV,RF,3.0958515856808098,48.92800541465158,45.83215382897077,inf,True,True
3510,PV,RF,3.094258335100441,48.18306862136337,45.08881028626293,inf,True,True
3511,PV,RF,3.09277143360496,47.49360156382495,44.400830130219994,inf,True,True
3512,PV,RF,3.0910435024328167,46.69928205587188,43.608238553439065,inf,True,True
3513,PV,RF,3.0893357858396504,45.92149438010305,42.8321585942634,inf,True,True
3514,PV,RF,3.087819149386455,45.236719225124034,42.14890007573758,inf,True,True
3515,PV,RF,3.0861310052883653,44.481073827505746,41.39494282221738,inf,True,True
3516,PV,RF,3.0843959325830346,43.711574195159386,40.62717826257635,inf,True,True
3517,PV,RF,3.0828954503253057,43.051914555722405,39.9690191053971,inf,True,True
3518,PV,RF,3.0813125766705802,42.3618191855748,39.28050660890422,inf,True,True
3519,PV,RF,3.0796233551396757,41.63186285909605,38.55223950395638,inf,True,True
3520,PV,RF,3.0781706196277883,41.00943044218595,37.93125982255816,inf,True,True
3521,PV,RF,3.0767320927400683,40.39791081077726,37.321178718037196,inf,True,True
3522,PV,RF,3.075147982966155,39.73002133224408,36.65487334927792,inf,True,True
3523,PV,RF,3.0737658653196482,39.15198896746523,36.07822310214558,inf,True,True
3524,PV,RF,3.0724887472225717,38.62173389533372,35.54924514811115,inf,True,True
3525,PV,RF,3.0710544230535577,38.030606426809726,34.959552003756166,inf,True,True
3526,PV,RF,3.069760928998678,37.50148767565996,34.43172674666128,inf,True,True
3527,PV,RF,3.068645424314774,37.04818370749472,33.97953828317995,inf,True,True
3528,PV,RF,3.0673907464587686,36.54163434526737,33.4742435988086,inf,True,True
3529,PV,RF,3.0662019715366853,36.0649092776645,32.99870730612781,inf,True,True
3530,PV,RF,3.065238073376462,35.680652569602685,32.61541449622622,inf,True,True
3531,PV,RF,3.064180450024933,35.261379718816336,32.1971992687914,inf,True,True
3532,PV,RF,3.0631154560249283,34.84165673398383,31.778541277958904,inf,True,True
3533,PV,RF,3.0622944578689517,34.51978116404816,31.45748670617921,inf,True,True
3534,PV,RF,3.061449436301565,34.19001525938918,31.128565823087612,inf,True,True
3535,PV,RF,3.0605446202436752,33.83862781757126,30.778083197327582,inf,True,True
3536,PV,RF,3.059884018612933,33.583197081286066,30.523313062673132,inf,True,True
3537,PV,RF,3.059292953844782,33.35544960295497,30.296156649110188,inf,True,True
3538,PV,RF,3.058631481386965,33.10146201923405,30.042830537847085,inf,True,True
3539,PV,RF,3.0581505043317097,32.917368287211886,29.859217782880176,inf,True,True
3540,PV,RF,3.046314479602728,28.540927157132153,25.494612677529425,inf,True,True
3541,PV,RF,3.053300370154924,31.088475785430987,28.03517541527606,inf,True,True
3542,PV,RF,3.060734985018076,33.91240956459517,30.851674579577097,inf,True,True
3543,PV,RF,3.0664235676712566,36.153537552303945,33.08711398463269,inf,True,True
3544,PV,RF,3.0717379485120677,38.31172870836719,35.239990759855125,inf,True,True
3545,PV,RF,3.077887320203157,40.88862081525539,37.81073349505223,inf,True,True
3546,PV,RF,3.082399182950901,42.83491645283944,39.752517269888536,inf,True,True
3547,PV,RF,3.0858109944643637,44.33860647106422,41.25279547659986,inf,True,True
3548,PV,RF,3.0903661347073865,46.389914010491715,43.29954787578433,inf,True,True
3549,PV,RF,3.093852251486113,47.99422145085451,44.9003691993684,inf,True,True
3550,PV,RF,3.0956062495163676,48.81287968601822,45.717273436501856,inf,True,True
3551,PV,RF,3.0984972843749223,50.17923223099591,47.080734946620986,inf,True,True
3552,PV,RF,3.101121276045312,51.43792646805385,48.33680519200854,inf,True,True
3553,PV,RF,3.101628381127057,51.68323546893442,48.58160708780736,inf,True,True
3554,PV,RF,3.1029353602766774,52.318575595135854,49.21564023485918,inf,True,True
3555,PV,RF,3.1047994580510307,53.23251176302033,50.12771230496929,inf,True,True
3556,PV,RF,3.1045071762988234,53.08860354659839,49.98409637029957,inf,True,True
3557,PV,RF,3.104427353020425,53.04934102961574,49.94491367659531,inf,True,True
3558,PV,RF,3.10557180979508,53.61388018479515,50.50830837500007,inf,True,True
3559,PV,RF,3.104877034246827,53.27074534418583,50.16586830993901,inf,True,True
3560,PV,RF,3.1036928611245065,52.68885920229456,49.58516634117005,inf,True,True
3561,PV,RF,3.104123105268852,52.89984600167005,49.795722896401195,inf,True,True
3562,PV,RF,3.103319442052766,52.5061346837161,49.40281524166333,inf,True,True
3563,PV,RF,3.1013636566983935,51.555093065239035,48.45372940854064,inf,True,True
3564,PV,RF,3.1010840674730282,51.419953412702334,48.3188693452293,inf,True,True
3565,PV,RF,3.1003415220480743,51.06202971919877,47.96168819715069,inf,True,True
3566,PV,RF,3.0979606188353914,49.92398429630216,46.826023677466765,inf,True,True
3567,PV,RF,3.097002521058551,49.47012553769959,46.37312301664104,inf,True,True
3568,PV,RF,3.0963747626328013,49.17401862583233,46.07764386319953,inf,True,True
3569,PV,RF,3.093893061492483,48.01318126998775,44.91928820849527,inf,True,True
3570,PV,RF,3.0923312669275482,47.29055666649414,44.198225399566596,inf,True,True
3571,PV,RF,3.0917826231166092,47.0381458634826,43.94636324036599,inf,True,True
3572,PV,RF,3.0894701598600767,45.98243624748842,42.892966087628345,inf,True,True
3573,PV,RF,3.087427186653737,45.06065448351725,41.97322729686351,inf,True,True
3574,PV,RF,3.086869636044901,44.810851116465095,41.72398148042019,inf,True,True
3575,PV,RF,3.084917879126087,43.94229707875481,40.857379199628724,inf,True,True
3576,PV,RF,3.082557508436997,42.90408257163803,39.82152506320103,inf,True,True
3577,PV,RF,3.0818881851710684,42.61208617302019,39.53019798784912,inf,True,True
3578,PV,RF,3.0803973113272054,41.96547899880057,38.88508168747337,inf,True,True
3579,PV,RF,3.0779099457787398,40.8982623831135,37.820352437334755,inf,True,True
3580,PV,RF,3.07704202897664,40.5292608873781,37.45221885840146,inf,True,True
3581,PV,RF,3.0760217944550097,40.09772320385557,37.02170140940056,inf,True,True
3582,PV,RF,3.073604203156359,39.084662671830124,36.01105846867377,inf,True,True
3583,PV,RF,3.072487539880418,38.621234360313785,35.548746820433365,inf,True,True
3584,PV,RF,3.0718711103989707,38.36661845375885,35.29474734335988,inf,True,True
3585,PV,RF,3.0697034627411703,37.478067412064576,34.4083639493234,inf,True,True
3586,PV,RF,3.0683346015723396,36.92236977645166,33.85403517487932,inf,True,True
3587,PV,RF,3.068002234979342,36.78807305869672,33.72007082371738,inf,True,True
3588,PV,RF,3.066226287468528,36.0746292441983,33.00840295672977,inf,True,True
3589,PV,RF,3.064650237569372,35.4473146825186,32.38266444494923,inf,True,True
3590,PV,RF,3.0644591986504395,35.37164601813917,32.30718681948873,inf,True,True
3591,PV,RF,3.0631637796171174,34.86064788815988,31.797484108542765,inf,True,True
3592,PV,RF,3.0614734469938387,34.199363972056965,31.137890525063128,inf,True,True
3593,PV,RF,3.061295827214313,34.130236120626684,31.06894029341237,inf,True,True
3594,PV,RF,3.0605243320434488,33.83076910854221,30.770244776498764,inf,True,True
3595,PV,RF,3.0588789901469946,33.19638887988126,30.137509889734268,inf,True,True
3596,PV,RF,3.0586797408354642,33.11996063213439,30.06128089129892,inf,True,True
3597,PV,RF,3.058525460929885,33.06084020701601,30.00231474608612,inf,True,True
3598,PV,RF,3.0573261428369474,32.60299401597825,29.545667873141298,inf,True,True
3599,PV,RF,3.057628826361104,32.71825535028258,29.66062652392148,inf,True,True
